"","np","time","value","q025","q25","q50","q75","q975","Y"
"1",0,7,630.321707340264,474.920704433204,610.654374365752,639.005838452771,684.432433266021,744.146805995408,550
"2",0,14,2086.84529072987,1801.03058028094,1951.90243613356,2087.58668965672,2216.57228329687,2706.55301507718,2043
"3",0,21,5747.47094522737,5734.51926139528,6474.42558198544,6980.3485544022,7898.07005637861,8823.76074674447,7745
"4",0,28,14904.2688667635,11250.0797029793,13273.4588079572,14160.8640848422,16243.8635881226,21731.3909523002,13518
"5",0,35,24202.4624983493,20303.7405330375,25695.4410699715,27368.5910868124,28822.0241068169,34969.2901552503,23640
"6",0,42,68559.7401174012,47426.2971762458,53115.9811680245,59132.0469050513,66332.9993930453,76776.0214617451,77227
"7",0,49,90365.6663913159,45169.1942407754,54735.6468580125,64196.4419738978,75503.2335678585,88503.4308177969,70135
"8",0,56,62040.0086830336,33458.2639241537,37436.4223985263,42332.9325506761,44458.8734648572,58164.4980001852,40480
"9",0,63,34353.3846318441,17618.2152094833,19234.2826888645,21806.1582885969,23796.8519745859,30029.7464818197,24998
"10",0,70,13448.8464809737,8403.81395095829,9915.120452336,10803.4984861974,12227.8320234911,14229.087755133,11829
"11",0,77,6226.34758798969,5269.34232493103,6382.47887456828,6751.36496222485,7285.02258395559,8780.2948855892,6410
"12",0,84,6131.75397494266,3872.89637033732,4488.65915653588,5017.15369395971,5502.95325220396,5980.63534003635,4120
"13",0,91,6251.00007275198,4603.1473594539,5240.15136552413,5829.53205586498,6269.59053397997,7054.19854127503,6084
"14",0,98,8805.42235064642,6509.17849497562,7413.75542387083,8382.70938273634,9465.66592356203,10966.7766458081,8018
"15",0,105,7978.65913916481,8067.50314969771,8478.99749432064,9466.16211063211,10916.5928030744,14034.9974849535,9843
"16",0,112,14648.7464640247,11312.9788274504,13027.4766778208,13885.5644356259,14409.5403785992,17817.0507919362,14031
"17",0,119,24683.2611227011,18328.5706100724,20937.7355873591,22389.3252476744,23653.9799939325,28260.4232350017,24280
"18",0,126,28878.9463441757,23546.8700930832,30946.9732382787,34087.3045032028,36196.818236951,40257.7907258507,30690
"19",0,133,63645.7459163086,32819.2007249788,43528.4936949691,52591.0882408312,61913.3029973908,69074.7542348036,50210
"20",0,140,63532.6252822603,52510.3672977051,57199.8314639063,61649.9389269049,70633.2914886303,79842.3095213897,73974
"21",0,147,59710.3567955907,47491.3128211087,59488.6654464019,68802.3865514382,77152.3890886694,102146.264656178,66816
"22",0,154,55380.0982952623,48039.7371328487,52425.7662867692,57252.1638984645,60421.7386650214,75715.2043059672,52544
"23",0,161,36751.1181081084,31674.1330948189,41989.5103960572,49233.2350984039,53709.3412018204,61318.1414953609,48688
"24",0,168,33621.3901811869,28798.1333342823,30969.1002292719,34572.9930940224,36730.199347335,45684.5374071798,38163
"25",0,175,23485.0348950528,18583.9082124457,21743.4214652532,24706.0106994623,26270.8843977139,28476.6965046742,22468
"26",0,182,18511.9957329589,12839.4566576772,14460.4473276284,15322.0405149593,17850.1773588932,18875.1043766572,14737
"27",0,189,16140.9942494656,9863.21719754561,11090.0984042023,12270.1664684962,13383.4759170372,16180.8200935398,11726
"28",0,196,10248.0119808751,6402.00841428229,7400.07121260812,8220.24946604845,9138.82109150607,10832.3545037969,8435
"29",0,203,5332.45214218889,3800.31496585077,4409.26237094699,4974.99846327062,5498.64134375525,6932.23137241911,4631
"30",0,210,3711.50614406652,2580.5931871772,3328.74654591942,3606.24142370032,3770.60366080872,4148.28236445837,3357
"31",0,217,3224.70475474337,2609.27398741299,2877.81990770988,3260.05249962056,3732.01289228477,4127.31991507907,4182
"32",0,224,2654.8469241009,1818.77256837277,2007.05958455935,2536.22164790987,2712.90215685644,3003.67049912772,2487
"33",0,231,2145.18354052091,1163.87923418648,1594.47887148722,1778.82681468519,2060.57150238921,2405.05419203318,1663
"34",0,238,832.007424482194,850.899802539589,1016.19285311712,1102.75865049278,1206.73777037714,1344.72484232376,1092
"35",0,245,784.652869802483,534.898091774465,757.406187890422,781.795382454432,843.289375476376,1061.14981196021,754
"36",0,252,433.429823458503,348.036271193099,387.06340293959,429.655496792499,480.317120608974,601.169668177558,391
"37",0,259,172.433051355245,133.170503521849,162.11835746142,167.760108086187,177.753420039984,264.529955732918,184
"38",1,7,767.917999997294,474.920704433204,610.654374365752,639.005838452771,684.432433266021,744.146805995408,550
"39",1,14,2088.32808858357,1801.03058028094,1951.90243613356,2087.58668965672,2216.57228329687,2706.55301507718,2043
"40",1,21,6946.92305399346,5734.51926139528,6474.42558198544,6980.3485544022,7898.07005637861,8823.76074674447,7745
"41",1,28,16201.3322140642,11250.0797029793,13273.4588079572,14160.8640848422,16243.8635881226,21731.3909523002,13518
"42",1,35,26285.1096226033,20303.7405330375,25695.4410699715,27368.5910868124,28822.0241068169,34969.2901552503,23640
"43",1,42,57034.9028512914,47426.2971762458,53115.9811680245,59132.0469050513,66332.9993930453,76776.0214617451,77227
"44",1,49,52275.2436991254,45169.1942407754,54735.6468580125,64196.4419738978,75503.2335678585,88503.4308177969,70135
"45",1,56,40159.8035901712,33458.2639241537,37436.4223985263,42332.9325506761,44458.8734648572,58164.4980001852,40480
"46",1,63,21533.9962599779,17618.2152094833,19234.2826888645,21806.1582885969,23796.8519745859,30029.7464818197,24998
"47",1,70,14446.9350547506,8403.81395095829,9915.120452336,10803.4984861974,12227.8320234911,14229.087755133,11829
"48",1,77,6891.67776503969,5269.34232493103,6382.47887456828,6751.36496222485,7285.02258395559,8780.2948855892,6410
"49",1,84,4380.31032079729,3872.89637033732,4488.65915653588,5017.15369395971,5502.95325220396,5980.63534003635,4120
"50",1,91,5659.79355810712,4603.1473594539,5240.15136552413,5829.53205586498,6269.59053397997,7054.19854127503,6084
"51",1,98,10291.8103525572,6509.17849497562,7413.75542387083,8382.70938273634,9465.66592356203,10966.7766458081,8018
"52",1,105,9445.62076209152,8067.50314969771,8478.99749432064,9466.16211063211,10916.5928030744,14034.9974849535,9843
"53",1,112,13856.1617992821,11312.9788274504,13027.4766778208,13885.5644356259,14409.5403785992,17817.0507919362,14031
"54",1,119,23110.486789534,18328.5706100724,20937.7355873591,22389.3252476744,23653.9799939325,28260.4232350017,24280
"55",1,126,25748.3771256028,23546.8700930832,30946.9732382787,34087.3045032028,36196.818236951,40257.7907258507,30690
"56",1,133,57086.3953792328,32819.2007249788,43528.4936949691,52591.0882408312,61913.3029973908,69074.7542348036,50210
"57",1,140,70954.9327068664,52510.3672977051,57199.8314639063,61649.9389269049,70633.2914886303,79842.3095213897,73974
"58",1,147,68716.6033936298,47491.3128211087,59488.6654464019,68802.3865514382,77152.3890886694,102146.264656178,66816
"59",1,154,60101.5022238932,48039.7371328487,52425.7662867692,57252.1638984645,60421.7386650214,75715.2043059672,52544
"60",1,161,52418.4523694764,31674.1330948189,41989.5103960572,49233.2350984039,53709.3412018204,61318.1414953609,48688
"61",1,168,39012.7636153928,28798.1333342823,30969.1002292719,34572.9930940224,36730.199347335,45684.5374071798,38163
"62",1,175,28423.6747882904,18583.9082124457,21743.4214652532,24706.0106994623,26270.8843977139,28476.6965046742,22468
"63",1,182,18378.8915888936,12839.4566576772,14460.4473276284,15322.0405149593,17850.1773588932,18875.1043766572,14737
"64",1,189,13810.1635637202,9863.21719754561,11090.0984042023,12270.1664684962,13383.4759170372,16180.8200935398,11726
"65",1,196,9130.95850128768,6402.00841428229,7400.07121260812,8220.24946604845,9138.82109150607,10832.3545037969,8435
"66",1,203,4426.41044112553,3800.31496585077,4409.26237094699,4974.99846327062,5498.64134375525,6932.23137241911,4631
"67",1,210,4115.39289876878,2580.5931871772,3328.74654591942,3606.24142370032,3770.60366080872,4148.28236445837,3357
"68",1,217,3528.88038513344,2609.27398741299,2877.81990770988,3260.05249962056,3732.01289228477,4127.31991507907,4182
"69",1,224,2193.65085022834,1818.77256837277,2007.05958455935,2536.22164790987,2712.90215685644,3003.67049912772,2487
"70",1,231,2121.13516647667,1163.87923418648,1594.47887148722,1778.82681468519,2060.57150238921,2405.05419203318,1663
"71",1,238,871.780851971447,850.899802539589,1016.19285311712,1102.75865049278,1206.73777037714,1344.72484232376,1092
"72",1,245,778.937895106381,534.898091774465,757.406187890422,781.795382454432,843.289375476376,1061.14981196021,754
"73",1,252,491.672161455139,348.036271193099,387.06340293959,429.655496792499,480.317120608974,601.169668177558,391
"74",1,259,243.743132542605,133.170503521849,162.11835746142,167.760108086187,177.753420039984,264.529955732918,184
"75",2,7,658.135484542132,474.920704433204,610.654374365752,639.005838452771,684.432433266021,744.146805995408,550
"76",2,14,2129.52384033646,1801.03058028094,1951.90243613356,2087.58668965672,2216.57228329687,2706.55301507718,2043
"77",2,21,6208.64627250923,5734.51926139528,6474.42558198544,6980.3485544022,7898.07005637861,8823.76074674447,7745
"78",2,28,13886.2690626827,11250.0797029793,13273.4588079572,14160.8640848422,16243.8635881226,21731.3909523002,13518
"79",2,35,29335.3726002895,20303.7405330375,25695.4410699715,27368.5910868124,28822.0241068169,34969.2901552503,23640
"80",2,42,59369.5052228589,47426.2971762458,53115.9811680245,59132.0469050513,66332.9993930453,76776.0214617451,77227
"81",2,49,58124.7962813134,45169.1942407754,54735.6468580125,64196.4419738978,75503.2335678585,88503.4308177969,70135
"82",2,56,42333.8680032069,33458.2639241537,37436.4223985263,42332.9325506761,44458.8734648572,58164.4980001852,40480
"83",2,63,25057.6920499773,17618.2152094833,19234.2826888645,21806.1582885969,23796.8519745859,30029.7464818197,24998
"84",2,70,12736.3383162487,8403.81395095829,9915.120452336,10803.4984861974,12227.8320234911,14229.087755133,11829
"85",2,77,7214.06886891627,5269.34232493103,6382.47887456828,6751.36496222485,7285.02258395559,8780.2948855892,6410
"86",2,84,4492.13474147001,3872.89637033732,4488.65915653588,5017.15369395971,5502.95325220396,5980.63534003635,4120
"87",2,91,6604.0893239981,4603.1473594539,5240.15136552413,5829.53205586498,6269.59053397997,7054.19854127503,6084
"88",2,98,10760.0867873224,6509.17849497562,7413.75542387083,8382.70938273634,9465.66592356203,10966.7766458081,8018
"89",2,105,8309.50536243807,8067.50314969771,8478.99749432064,9466.16211063211,10916.5928030744,14034.9974849535,9843
"90",2,112,13914.9670719696,11312.9788274504,13027.4766778208,13885.5644356259,14409.5403785992,17817.0507919362,14031
"91",2,119,23890.2389855049,18328.5706100724,20937.7355873591,22389.3252476744,23653.9799939325,28260.4232350017,24280
"92",2,126,31438.4156997187,23546.8700930832,30946.9732382787,34087.3045032028,36196.818236951,40257.7907258507,30690
"93",2,133,46167.9863913651,32819.2007249788,43528.4936949691,52591.0882408312,61913.3029973908,69074.7542348036,50210
"94",2,140,55412.5435109768,52510.3672977051,57199.8314639063,61649.9389269049,70633.2914886303,79842.3095213897,73974
"95",2,147,72241.7016331518,47491.3128211087,59488.6654464019,68802.3865514382,77152.3890886694,102146.264656178,66816
"96",2,154,47514.0244110274,48039.7371328487,52425.7662867692,57252.1638984645,60421.7386650214,75715.2043059672,52544
"97",2,161,50025.6269055855,31674.1330948189,41989.5103960572,49233.2350984039,53709.3412018204,61318.1414953609,48688
"98",2,168,43700.2730530422,28798.1333342823,30969.1002292719,34572.9930940224,36730.199347335,45684.5374071798,38163
"99",2,175,23910.8642505038,18583.9082124457,21743.4214652532,24706.0106994623,26270.8843977139,28476.6965046742,22468
"100",2,182,14852.2913321372,12839.4566576772,14460.4473276284,15322.0405149593,17850.1773588932,18875.1043766572,14737
"101",2,189,16216.8530000832,9863.21719754561,11090.0984042023,12270.1664684962,13383.4759170372,16180.8200935398,11726
"102",2,196,7151.04620819738,6402.00841428229,7400.07121260812,8220.24946604845,9138.82109150607,10832.3545037969,8435
"103",2,203,4428.45326832473,3800.31496585077,4409.26237094699,4974.99846327062,5498.64134375525,6932.23137241911,4631
"104",2,210,3440.54284094861,2580.5931871772,3328.74654591942,3606.24142370032,3770.60366080872,4148.28236445837,3357
"105",2,217,3899.25765040093,2609.27398741299,2877.81990770988,3260.05249962056,3732.01289228477,4127.31991507907,4182
"106",2,224,2477.49404776373,1818.77256837277,2007.05958455935,2536.22164790987,2712.90215685644,3003.67049912772,2487
"107",2,231,1406.7779986396,1163.87923418648,1594.47887148722,1778.82681468519,2060.57150238921,2405.05419203318,1663
"108",2,238,1025.45637119414,850.899802539589,1016.19285311712,1102.75865049278,1206.73777037714,1344.72484232376,1092
"109",2,245,760.165397671352,534.898091774465,757.406187890422,781.795382454432,843.289375476376,1061.14981196021,754
"110",2,252,425.881170126496,348.036271193099,387.06340293959,429.655496792499,480.317120608974,601.169668177558,391
"111",2,259,168.82680133328,133.170503521849,162.11835746142,167.760108086187,177.753420039984,264.529955732918,184
"112",3,7,616.1054199783,474.920704433204,610.654374365752,639.005838452771,684.432433266021,744.146805995408,550
"113",3,14,2528.91843826815,1801.03058028094,1951.90243613356,2087.58668965672,2216.57228329687,2706.55301507718,2043
"114",3,21,8075.44847086178,5734.51926139528,6474.42558198544,6980.3485544022,7898.07005637861,8823.76074674447,7745
"115",3,28,13806.5864435722,11250.0797029793,13273.4588079572,14160.8640848422,16243.8635881226,21731.3909523002,13518
"116",3,35,23413.284059935,20303.7405330375,25695.4410699715,27368.5910868124,28822.0241068169,34969.2901552503,23640
"117",3,42,48167.2629406096,47426.2971762458,53115.9811680245,59132.0469050513,66332.9993930453,76776.0214617451,77227
"118",3,49,55555.7812443081,45169.1942407754,54735.6468580125,64196.4419738978,75503.2335678585,88503.4308177969,70135
"119",3,56,43384.8829193832,33458.2639241537,37436.4223985263,42332.9325506761,44458.8734648572,58164.4980001852,40480
"120",3,63,18947.7245128209,17618.2152094833,19234.2826888645,21806.1582885969,23796.8519745859,30029.7464818197,24998
"121",3,70,10171.9729156283,8403.81395095829,9915.120452336,10803.4984861974,12227.8320234911,14229.087755133,11829
"122",3,77,5110.69181706768,5269.34232493103,6382.47887456828,6751.36496222485,7285.02258395559,8780.2948855892,6410
"123",3,84,4005.08101086211,3872.89637033732,4488.65915653588,5017.15369395971,5502.95325220396,5980.63534003635,4120
"124",3,91,5373.51734795691,4603.1473594539,5240.15136552413,5829.53205586498,6269.59053397997,7054.19854127503,6084
"125",3,98,7273.80669029435,6509.17849497562,7413.75542387083,8382.70938273634,9465.66592356203,10966.7766458081,8018
"126",3,105,8252.14388232744,8067.50314969771,8478.99749432064,9466.16211063211,10916.5928030744,14034.9974849535,9843
"127",3,112,14291.5460992193,11312.9788274504,13027.4766778208,13885.5644356259,14409.5403785992,17817.0507919362,14031
"128",3,119,18058.2842036733,18328.5706100724,20937.7355873591,22389.3252476744,23653.9799939325,28260.4232350017,24280
"129",3,126,22721.8858558771,23546.8700930832,30946.9732382787,34087.3045032028,36196.818236951,40257.7907258507,30690
"130",3,133,44624.6935967136,32819.2007249788,43528.4936949691,52591.0882408312,61913.3029973908,69074.7542348036,50210
"131",3,140,70581.6177539475,52510.3672977051,57199.8314639063,61649.9389269049,70633.2914886303,79842.3095213897,73974
"132",3,147,66871.2453880317,47491.3128211087,59488.6654464019,68802.3865514382,77152.3890886694,102146.264656178,66816
"133",3,154,48620.7880359143,48039.7371328487,52425.7662867692,57252.1638984645,60421.7386650214,75715.2043059672,52544
"134",3,161,42699.639938509,31674.1330948189,41989.5103960572,49233.2350984039,53709.3412018204,61318.1414953609,48688
"135",3,168,30438.000863614,28798.1333342823,30969.1002292719,34572.9930940224,36730.199347335,45684.5374071798,38163
"136",3,175,18641.023030096,18583.9082124457,21743.4214652532,24706.0106994623,26270.8843977139,28476.6965046742,22468
"137",3,182,14974.215714205,12839.4566576772,14460.4473276284,15322.0405149593,17850.1773588932,18875.1043766572,14737
"138",3,189,10474.122930964,9863.21719754561,11090.0984042023,12270.1664684962,13383.4759170372,16180.8200935398,11726
"139",3,196,10695.9633678247,6402.00841428229,7400.07121260812,8220.24946604845,9138.82109150607,10832.3545037969,8435
"140",3,203,7195.34239940119,3800.31496585077,4409.26237094699,4974.99846327062,5498.64134375525,6932.23137241911,4631
"141",3,210,3409.15960242957,2580.5931871772,3328.74654591942,3606.24142370032,3770.60366080872,4148.28236445837,3357
"142",3,217,2606.35455066472,2609.27398741299,2877.81990770988,3260.05249962056,3732.01289228477,4127.31991507907,4182
"143",3,224,2180.62510314257,1818.77256837277,2007.05958455935,2536.22164790987,2712.90215685644,3003.67049912772,2487
"144",3,231,1110.33980173493,1163.87923418648,1594.47887148722,1778.82681468519,2060.57150238921,2405.05419203318,1663
"145",3,238,923.088420288674,850.899802539589,1016.19285311712,1102.75865049278,1206.73777037714,1344.72484232376,1092
"146",3,245,837.617948703184,534.898091774465,757.406187890422,781.795382454432,843.289375476376,1061.14981196021,754
"147",3,252,357.317311952647,348.036271193099,387.06340293959,429.655496792499,480.317120608974,601.169668177558,391
"148",3,259,140.215891852534,133.170503521849,162.11835746142,167.760108086187,177.753420039984,264.529955732918,184
"149",4,7,678.85472926401,474.920704433204,610.654374365752,639.005838452771,684.432433266021,744.146805995408,550
"150",4,14,1917.03998444244,1801.03058028094,1951.90243613356,2087.58668965672,2216.57228329687,2706.55301507718,2043
"151",4,21,5722.80107126147,5734.51926139528,6474.42558198544,6980.3485544022,7898.07005637861,8823.76074674447,7745
"152",4,28,12447.3750442302,11250.0797029793,13273.4588079572,14160.8640848422,16243.8635881226,21731.3909523002,13518
"153",4,35,26050.1132898927,20303.7405330375,25695.4410699715,27368.5910868124,28822.0241068169,34969.2901552503,23640
"154",4,42,58894.5885872438,47426.2971762458,53115.9811680245,59132.0469050513,66332.9993930453,76776.0214617451,77227
"155",4,49,41295.1031965416,45169.1942407754,54735.6468580125,64196.4419738978,75503.2335678585,88503.4308177969,70135
"156",4,56,43795.0836614076,33458.2639241537,37436.4223985263,42332.9325506761,44458.8734648572,58164.4980001852,40480
"157",4,63,23196.0201106369,17618.2152094833,19234.2826888645,21806.1582885969,23796.8519745859,30029.7464818197,24998
"158",4,70,11465.7788492404,8403.81395095829,9915.120452336,10803.4984861974,12227.8320234911,14229.087755133,11829
"159",4,77,5444.69288625368,5269.34232493103,6382.47887456828,6751.36496222485,7285.02258395559,8780.2948855892,6410
"160",4,84,4806.72717423549,3872.89637033732,4488.65915653588,5017.15369395971,5502.95325220396,5980.63534003635,4120
"161",4,91,5686.15017727226,4603.1473594539,5240.15136552413,5829.53205586498,6269.59053397997,7054.19854127503,6084
"162",4,98,7120.05621893847,6509.17849497562,7413.75542387083,8382.70938273634,9465.66592356203,10966.7766458081,8018
"163",4,105,8573.88630183549,8067.50314969771,8478.99749432064,9466.16211063211,10916.5928030744,14034.9974849535,9843
"164",4,112,11635.6106754483,11312.9788274504,13027.4766778208,13885.5644356259,14409.5403785992,17817.0507919362,14031
"165",4,119,22682.0027501418,18328.5706100724,20937.7355873591,22389.3252476744,23653.9799939325,28260.4232350017,24280
"166",4,126,24458.694776311,23546.8700930832,30946.9732382787,34087.3045032028,36196.818236951,40257.7907258507,30690
"167",4,133,49084.7397154251,32819.2007249788,43528.4936949691,52591.0882408312,61913.3029973908,69074.7542348036,50210
"168",4,140,62544.6437161636,52510.3672977051,57199.8314639063,61649.9389269049,70633.2914886303,79842.3095213897,73974
"169",4,147,56501.5864816186,47491.3128211087,59488.6654464019,68802.3865514382,77152.3890886694,102146.264656178,66816
"170",4,154,49110.0095938435,48039.7371328487,52425.7662867692,57252.1638984645,60421.7386650214,75715.2043059672,52544
"171",4,161,48440.8432912222,31674.1330948189,41989.5103960572,49233.2350984039,53709.3412018204,61318.1414953609,48688
"172",4,168,34191.0707037203,28798.1333342823,30969.1002292719,34572.9930940224,36730.199347335,45684.5374071798,38163
"173",4,175,27495.1887026656,18583.9082124457,21743.4214652532,24706.0106994623,26270.8843977139,28476.6965046742,22468
"174",4,182,17202.2021653388,12839.4566576772,14460.4473276284,15322.0405149593,17850.1773588932,18875.1043766572,14737
"175",4,189,9310.49296254798,9863.21719754561,11090.0984042023,12270.1664684962,13383.4759170372,16180.8200935398,11726
"176",4,196,9162.40886216126,6402.00841428229,7400.07121260812,8220.24946604845,9138.82109150607,10832.3545037969,8435
"177",4,203,5595.58737713405,3800.31496585077,4409.26237094699,4974.99846327062,5498.64134375525,6932.23137241911,4631
"178",4,210,3122.34725501834,2580.5931871772,3328.74654591942,3606.24142370032,3770.60366080872,4148.28236445837,3357
"179",4,217,2882.21604007307,2609.27398741299,2877.81990770988,3260.05249962056,3732.01289228477,4127.31991507907,4182
"180",4,224,1883.60812671344,1818.77256837277,2007.05958455935,2536.22164790987,2712.90215685644,3003.67049912772,2487
"181",4,231,1470.10854764723,1163.87923418648,1594.47887148722,1778.82681468519,2060.57150238921,2405.05419203318,1663
"182",4,238,1105.62649357644,850.899802539589,1016.19285311712,1102.75865049278,1206.73777037714,1344.72484232376,1092
"183",4,245,771.702940045905,534.898091774465,757.406187890422,781.795382454432,843.289375476376,1061.14981196021,754
"184",4,252,352.932931920291,348.036271193099,387.06340293959,429.655496792499,480.317120608974,601.169668177558,391
"185",4,259,126.79610455599,133.170503521849,162.11835746142,167.760108086187,177.753420039984,264.529955732918,184
"186",5,7,631.313598682342,474.920704433204,610.654374365752,639.005838452771,684.432433266021,744.146805995408,550
"187",5,14,2130.86984555041,1801.03058028094,1951.90243613356,2087.58668965672,2216.57228329687,2706.55301507718,2043
"188",5,21,6470.90742460382,5734.51926139528,6474.42558198544,6980.3485544022,7898.07005637861,8823.76074674447,7745
"189",5,28,10980.7608670565,11250.0797029793,13273.4588079572,14160.8640848422,16243.8635881226,21731.3909523002,13518
"190",5,35,28617.32297836,20303.7405330375,25695.4410699715,27368.5910868124,28822.0241068169,34969.2901552503,23640
"191",5,42,81278.2167666886,47426.2971762458,53115.9811680245,59132.0469050513,66332.9993930453,76776.0214617451,77227
"192",5,49,65180.4627820815,45169.1942407754,54735.6468580125,64196.4419738978,75503.2335678585,88503.4308177969,70135
"193",5,56,43435.6226270549,33458.2639241537,37436.4223985263,42332.9325506761,44458.8734648572,58164.4980001852,40480
"194",5,63,25250.9885265297,17618.2152094833,19234.2826888645,21806.1582885969,23796.8519745859,30029.7464818197,24998
"195",5,70,10227.1417295788,8403.81395095829,9915.120452336,10803.4984861974,12227.8320234911,14229.087755133,11829
"196",5,77,6946.37893070125,5269.34232493103,6382.47887456828,6751.36496222485,7285.02258395559,8780.2948855892,6410
"197",5,84,5591.53447923321,3872.89637033732,4488.65915653588,5017.15369395971,5502.95325220396,5980.63534003635,4120
"198",5,91,6325.36191766395,4603.1473594539,5240.15136552413,5829.53205586498,6269.59053397997,7054.19854127503,6084
"199",5,98,7460.40500172966,6509.17849497562,7413.75542387083,8382.70938273634,9465.66592356203,10966.7766458081,8018
"200",5,105,9486.70345917271,8067.50314969771,8478.99749432064,9466.16211063211,10916.5928030744,14034.9974849535,9843
"201",5,112,15927.928668282,11312.9788274504,13027.4766778208,13885.5644356259,14409.5403785992,17817.0507919362,14031
"202",5,119,18627.3082171452,18328.5706100724,20937.7355873591,22389.3252476744,23653.9799939325,28260.4232350017,24280
"203",5,126,32672.4969385736,23546.8700930832,30946.9732382787,34087.3045032028,36196.818236951,40257.7907258507,30690
"204",5,133,56889.4252857182,32819.2007249788,43528.4936949691,52591.0882408312,61913.3029973908,69074.7542348036,50210
"205",5,140,60755.2341376462,52510.3672977051,57199.8314639063,61649.9389269049,70633.2914886303,79842.3095213897,73974
"206",5,147,76746.0911774487,47491.3128211087,59488.6654464019,68802.3865514382,77152.3890886694,102146.264656178,66816
"207",5,154,52611.0276725271,48039.7371328487,52425.7662867692,57252.1638984645,60421.7386650214,75715.2043059672,52544
"208",5,161,42148.6006728,31674.1330948189,41989.5103960572,49233.2350984039,53709.3412018204,61318.1414953609,48688
"209",5,168,32243.3614906407,28798.1333342823,30969.1002292719,34572.9930940224,36730.199347335,45684.5374071798,38163
"210",5,175,19244.2525778066,18583.9082124457,21743.4214652532,24706.0106994623,26270.8843977139,28476.6965046742,22468
"211",5,182,15558.0454637613,12839.4566576772,14460.4473276284,15322.0405149593,17850.1773588932,18875.1043766572,14737
"212",5,189,10830.8196091247,9863.21719754561,11090.0984042023,12270.1664684962,13383.4759170372,16180.8200935398,11726
"213",5,196,7195.64913376681,6402.00841428229,7400.07121260812,8220.24946604845,9138.82109150607,10832.3545037969,8435
"214",5,203,4081.0035533876,3800.31496585077,4409.26237094699,4974.99846327062,5498.64134375525,6932.23137241911,4631
"215",5,210,3668.19479682451,2580.5931871772,3328.74654591942,3606.24142370032,3770.60366080872,4148.28236445837,3357
"216",5,217,3194.70384408294,2609.27398741299,2877.81990770988,3260.05249962056,3732.01289228477,4127.31991507907,4182
"217",5,224,1874.59246432654,1818.77256837277,2007.05958455935,2536.22164790987,2712.90215685644,3003.67049912772,2487
"218",5,231,1606.62140785688,1163.87923418648,1594.47887148722,1778.82681468519,2060.57150238921,2405.05419203318,1663
"219",5,238,1197.13598749176,850.899802539589,1016.19285311712,1102.75865049278,1206.73777037714,1344.72484232376,1092
"220",5,245,936.651805095276,534.898091774465,757.406187890422,781.795382454432,843.289375476376,1061.14981196021,754
"221",5,252,462.702608988,348.036271193099,387.06340293959,429.655496792499,480.317120608974,601.169668177558,391
"222",5,259,172.19913391325,133.170503521849,162.11835746142,167.760108086187,177.753420039984,264.529955732918,184
"223",6,7,472.00506281774,474.920704433204,610.654374365752,639.005838452771,684.432433266021,744.146805995408,550
"224",6,14,2763.7755115763,1801.03058028094,1951.90243613356,2087.58668965672,2216.57228329687,2706.55301507718,2043
"225",6,21,6572.50402320763,5734.51926139528,6474.42558198544,6980.3485544022,7898.07005637861,8823.76074674447,7745
"226",6,28,13431.3786212699,11250.0797029793,13273.4588079572,14160.8640848422,16243.8635881226,21731.3909523002,13518
"227",6,35,29524.1333561059,20303.7405330375,25695.4410699715,27368.5910868124,28822.0241068169,34969.2901552503,23640
"228",6,42,71199.103517514,47426.2971762458,53115.9811680245,59132.0469050513,66332.9993930453,76776.0214617451,77227
"229",6,49,71710.8662640047,45169.1942407754,54735.6468580125,64196.4419738978,75503.2335678585,88503.4308177969,70135
"230",6,56,39221.5762297633,33458.2639241537,37436.4223985263,42332.9325506761,44458.8734648572,58164.4980001852,40480
"231",6,63,24926.5122032062,17618.2152094833,19234.2826888645,21806.1582885969,23796.8519745859,30029.7464818197,24998
"232",6,70,9741.25882504134,8403.81395095829,9915.120452336,10803.4984861974,12227.8320234911,14229.087755133,11829
"233",6,77,6362.69928115792,5269.34232493103,6382.47887456828,6751.36496222485,7285.02258395559,8780.2948855892,6410
"234",6,84,5227.25792773138,3872.89637033732,4488.65915653588,5017.15369395971,5502.95325220396,5980.63534003635,4120
"235",6,91,4624.72974179654,4603.1473594539,5240.15136552413,5829.53205586498,6269.59053397997,7054.19854127503,6084
"236",6,98,6846.85859979664,6509.17849497562,7413.75542387083,8382.70938273634,9465.66592356203,10966.7766458081,8018
"237",6,105,9389.75110235549,8067.50314969771,8478.99749432064,9466.16211063211,10916.5928030744,14034.9974849535,9843
"238",6,112,16949.2065341823,11312.9788274504,13027.4766778208,13885.5644356259,14409.5403785992,17817.0507919362,14031
"239",6,119,26604.3025098586,18328.5706100724,20937.7355873591,22389.3252476744,23653.9799939325,28260.4232350017,24280
"240",6,126,35346.2131779677,23546.8700930832,30946.9732382787,34087.3045032028,36196.818236951,40257.7907258507,30690
"241",6,133,40239.8939897356,32819.2007249788,43528.4936949691,52591.0882408312,61913.3029973908,69074.7542348036,50210
"242",6,140,57535.8581980432,52510.3672977051,57199.8314639063,61649.9389269049,70633.2914886303,79842.3095213897,73974
"243",6,147,58635.3311931771,47491.3128211087,59488.6654464019,68802.3865514382,77152.3890886694,102146.264656178,66816
"244",6,154,55820.7619732909,48039.7371328487,52425.7662867692,57252.1638984645,60421.7386650214,75715.2043059672,52544
"245",6,161,30528.3918316132,31674.1330948189,41989.5103960572,49233.2350984039,53709.3412018204,61318.1414953609,48688
"246",6,168,36030.2989706541,28798.1333342823,30969.1002292719,34572.9930940224,36730.199347335,45684.5374071798,38163
"247",6,175,25492.6219017492,18583.9082124457,21743.4214652532,24706.0106994623,26270.8843977139,28476.6965046742,22468
"248",6,182,13533.0098473397,12839.4566576772,14460.4473276284,15322.0405149593,17850.1773588932,18875.1043766572,14737
"249",6,189,11288.6095536625,9863.21719754561,11090.0984042023,12270.1664684962,13383.4759170372,16180.8200935398,11726
"250",6,196,7879.18664282827,6402.00841428229,7400.07121260812,8220.24946604845,9138.82109150607,10832.3545037969,8435
"251",6,203,4891.32568867573,3800.31496585077,4409.26237094699,4974.99846327062,5498.64134375525,6932.23137241911,4631
"252",6,210,4178.03950008229,2580.5931871772,3328.74654591942,3606.24142370032,3770.60366080872,4148.28236445837,3357
"253",6,217,2855.94931723007,2609.27398741299,2877.81990770988,3260.05249962056,3732.01289228477,4127.31991507907,4182
"254",6,224,1918.11151508583,1818.77256837277,2007.05958455935,2536.22164790987,2712.90215685644,3003.67049912772,2487
"255",6,231,1223.05439636978,1163.87923418648,1594.47887148722,1778.82681468519,2060.57150238921,2405.05419203318,1663
"256",6,238,1019.82714731261,850.899802539589,1016.19285311712,1102.75865049278,1206.73777037714,1344.72484232376,1092
"257",6,245,759.642421784767,534.898091774465,757.406187890422,781.795382454432,843.289375476376,1061.14981196021,754
"258",6,252,461.366416192321,348.036271193099,387.06340293959,429.655496792499,480.317120608974,601.169668177558,391
"259",6,259,195.392739600371,133.170503521849,162.11835746142,167.760108086187,177.753420039984,264.529955732918,184
"260",7,7,636.379115763633,474.920704433204,610.654374365752,639.005838452771,684.432433266021,744.146805995408,550
"261",7,14,2182.58554208526,1801.03058028094,1951.90243613356,2087.58668965672,2216.57228329687,2706.55301507718,2043
"262",7,21,7137.35276362717,5734.51926139528,6474.42558198544,6980.3485544022,7898.07005637861,8823.76074674447,7745
"263",7,28,12740.6745992887,11250.0797029793,13273.4588079572,14160.8640848422,16243.8635881226,21731.3909523002,13518
"264",7,35,19955.2297431226,20303.7405330375,25695.4410699715,27368.5910868124,28822.0241068169,34969.2901552503,23640
"265",7,42,50071.1087457444,47426.2971762458,53115.9811680245,59132.0469050513,66332.9993930453,76776.0214617451,77227
"266",7,49,84696.9871459388,45169.1942407754,54735.6468580125,64196.4419738978,75503.2335678585,88503.4308177969,70135
"267",7,56,43062.7834822169,33458.2639241537,37436.4223985263,42332.9325506761,44458.8734648572,58164.4980001852,40480
"268",7,63,24372.32388062,17618.2152094833,19234.2826888645,21806.1582885969,23796.8519745859,30029.7464818197,24998
"269",7,70,9231.04038085295,8403.81395095829,9915.120452336,10803.4984861974,12227.8320234911,14229.087755133,11829
"270",7,77,7049.19689193488,5269.34232493103,6382.47887456828,6751.36496222485,7285.02258395559,8780.2948855892,6410
"271",7,84,5272.23276683526,3872.89637033732,4488.65915653588,5017.15369395971,5502.95325220396,5980.63534003635,4120
"272",7,91,5891.33756194879,4603.1473594539,5240.15136552413,5829.53205586498,6269.59053397997,7054.19854127503,6084
"273",7,98,6203.65840013755,6509.17849497562,7413.75542387083,8382.70938273634,9465.66592356203,10966.7766458081,8018
"274",7,105,10188.8427963142,8067.50314969771,8478.99749432064,9466.16211063211,10916.5928030744,14034.9974849535,9843
"275",7,112,14308.7951978266,11312.9788274504,13027.4766778208,13885.5644356259,14409.5403785992,17817.0507919362,14031
"276",7,119,26654.669047579,18328.5706100724,20937.7355873591,22389.3252476744,23653.9799939325,28260.4232350017,24280
"277",7,126,35948.3798485809,23546.8700930832,30946.9732382787,34087.3045032028,36196.818236951,40257.7907258507,30690
"278",7,133,68511.4456830053,32819.2007249788,43528.4936949691,52591.0882408312,61913.3029973908,69074.7542348036,50210
"279",7,140,63399.9543059948,52510.3672977051,57199.8314639063,61649.9389269049,70633.2914886303,79842.3095213897,73974
"280",7,147,52790.2656162205,47491.3128211087,59488.6654464019,68802.3865514382,77152.3890886694,102146.264656178,66816
"281",7,154,68319.4201658907,48039.7371328487,52425.7662867692,57252.1638984645,60421.7386650214,75715.2043059672,52544
"282",7,161,62028.4599985738,31674.1330948189,41989.5103960572,49233.2350984039,53709.3412018204,61318.1414953609,48688
"283",7,168,34954.9154843246,28798.1333342823,30969.1002292719,34572.9930940224,36730.199347335,45684.5374071798,38163
"284",7,175,25331.5789771275,18583.9082124457,21743.4214652532,24706.0106994623,26270.8843977139,28476.6965046742,22468
"285",7,182,17739.686829331,12839.4566576772,14460.4473276284,15322.0405149593,17850.1773588932,18875.1043766572,14737
"286",7,189,11159.7600050546,9863.21719754561,11090.0984042023,12270.1664684962,13383.4759170372,16180.8200935398,11726
"287",7,196,8855.29138698309,6402.00841428229,7400.07121260812,8220.24946604845,9138.82109150607,10832.3545037969,8435
"288",7,203,5058.67123786551,3800.31496585077,4409.26237094699,4974.99846327062,5498.64134375525,6932.23137241911,4631
"289",7,210,3766.20941997598,2580.5931871772,3328.74654591942,3606.24142370032,3770.60366080872,4148.28236445837,3357
"290",7,217,2612.50073329267,2609.27398741299,2877.81990770988,3260.05249962056,3732.01289228477,4127.31991507907,4182
"291",7,224,1768.26885298603,1818.77256837277,2007.05958455935,2536.22164790987,2712.90215685644,3003.67049912772,2487
"292",7,231,1726.76071748936,1163.87923418648,1594.47887148722,1778.82681468519,2060.57150238921,2405.05419203318,1663
"293",7,238,1027.60548143752,850.899802539589,1016.19285311712,1102.75865049278,1206.73777037714,1344.72484232376,1092
"294",7,245,798.405282291156,534.898091774465,757.406187890422,781.795382454432,843.289375476376,1061.14981196021,754
"295",7,252,491.40669267027,348.036271193099,387.06340293959,429.655496792499,480.317120608974,601.169668177558,391
"296",7,259,166.034934270682,133.170503521849,162.11835746142,167.760108086187,177.753420039984,264.529955732918,184
"297",8,7,674.96884886421,474.920704433204,610.654374365752,639.005838452771,684.432433266021,744.146805995408,550
"298",8,14,1749.45794975818,1801.03058028094,1951.90243613356,2087.58668965672,2216.57228329687,2706.55301507718,2043
"299",8,21,6475.59830111265,5734.51926139528,6474.42558198544,6980.3485544022,7898.07005637861,8823.76074674447,7745
"300",8,28,11547.747890052,11250.0797029793,13273.4588079572,14160.8640848422,16243.8635881226,21731.3909523002,13518
"301",8,35,26663.3643230015,20303.7405330375,25695.4410699715,27368.5910868124,28822.0241068169,34969.2901552503,23640
"302",8,42,71799.9108615445,47426.2971762458,53115.9811680245,59132.0469050513,66332.9993930453,76776.0214617451,77227
"303",8,49,56803.58035227,45169.1942407754,54735.6468580125,64196.4419738978,75503.2335678585,88503.4308177969,70135
"304",8,56,48121.4133991681,33458.2639241537,37436.4223985263,42332.9325506761,44458.8734648572,58164.4980001852,40480
"305",8,63,23605.0280059079,17618.2152094833,19234.2826888645,21806.1582885969,23796.8519745859,30029.7464818197,24998
"306",8,70,9569.79511834118,8403.81395095829,9915.120452336,10803.4984861974,12227.8320234911,14229.087755133,11829
"307",8,77,7861.66537376048,5269.34232493103,6382.47887456828,6751.36496222485,7285.02258395559,8780.2948855892,6410
"308",8,84,5630.91781552011,3872.89637033732,4488.65915653588,5017.15369395971,5502.95325220396,5980.63534003635,4120
"309",8,91,4866.12310031333,4603.1473594539,5240.15136552413,5829.53205586498,6269.59053397997,7054.19854127503,6084
"310",8,98,7869.7066446778,6509.17849497562,7413.75542387083,8382.70938273634,9465.66592356203,10966.7766458081,8018
"311",8,105,9421.90421029543,8067.50314969771,8478.99749432064,9466.16211063211,10916.5928030744,14034.9974849535,9843
"312",8,112,14084.3127192148,11312.9788274504,13027.4766778208,13885.5644356259,14409.5403785992,17817.0507919362,14031
"313",8,119,29713.2484521938,18328.5706100724,20937.7355873591,22389.3252476744,23653.9799939325,28260.4232350017,24280
"314",8,126,38471.3627469251,23546.8700930832,30946.9732382787,34087.3045032028,36196.818236951,40257.7907258507,30690
"315",8,133,51495.4376294642,32819.2007249788,43528.4936949691,52591.0882408312,61913.3029973908,69074.7542348036,50210
"316",8,140,52530.2641477386,52510.3672977051,57199.8314639063,61649.9389269049,70633.2914886303,79842.3095213897,73974
"317",8,147,75064.2316055136,47491.3128211087,59488.6654464019,68802.3865514382,77152.3890886694,102146.264656178,66816
"318",8,154,63667.4222518812,48039.7371328487,52425.7662867692,57252.1638984645,60421.7386650214,75715.2043059672,52544
"319",8,161,44650.1832936098,31674.1330948189,41989.5103960572,49233.2350984039,53709.3412018204,61318.1414953609,48688
"320",8,168,36548.7272108238,28798.1333342823,30969.1002292719,34572.9930940224,36730.199347335,45684.5374071798,38163
"321",8,175,24580.79978286,18583.9082124457,21743.4214652532,24706.0106994623,26270.8843977139,28476.6965046742,22468
"322",8,182,15086.0355661573,12839.4566576772,14460.4473276284,15322.0405149593,17850.1773588932,18875.1043766572,14737
"323",8,189,10640.339360552,9863.21719754561,11090.0984042023,12270.1664684962,13383.4759170372,16180.8200935398,11726
"324",8,196,6536.20292810731,6402.00841428229,7400.07121260812,8220.24946604845,9138.82109150607,10832.3545037969,8435
"325",8,203,5156.93481212538,3800.31496585077,4409.26237094699,4974.99846327062,5498.64134375525,6932.23137241911,4631
"326",8,210,3783.78638330696,2580.5931871772,3328.74654591942,3606.24142370032,3770.60366080872,4148.28236445837,3357
"327",8,217,2748.24574713488,2609.27398741299,2877.81990770988,3260.05249962056,3732.01289228477,4127.31991507907,4182
"328",8,224,1971.56405181695,1818.77256837277,2007.05958455935,2536.22164790987,2712.90215685644,3003.67049912772,2487
"329",8,231,1558.05126237822,1163.87923418648,1594.47887148722,1778.82681468519,2060.57150238921,2405.05419203318,1663
"330",8,238,1202.67948179871,850.899802539589,1016.19285311712,1102.75865049278,1206.73777037714,1344.72484232376,1092
"331",8,245,806.125110005646,534.898091774465,757.406187890422,781.795382454432,843.289375476376,1061.14981196021,754
"332",8,252,518.91672132374,348.036271193099,387.06340293959,429.655496792499,480.317120608974,601.169668177558,391
"333",8,259,166.624222242078,133.170503521849,162.11835746142,167.760108086187,177.753420039984,264.529955732918,184
"334",9,7,615.154600902701,474.920704433204,610.654374365752,639.005838452771,684.432433266021,744.146805995408,550
"335",9,14,2318.53250693173,1801.03058028094,1951.90243613356,2087.58668965672,2216.57228329687,2706.55301507718,2043
"336",9,21,6853.14848856008,5734.51926139528,6474.42558198544,6980.3485544022,7898.07005637861,8823.76074674447,7745
"337",9,28,13332.6839764616,11250.0797029793,13273.4588079572,14160.8640848422,16243.8635881226,21731.3909523002,13518
"338",9,35,27213.5443770436,20303.7405330375,25695.4410699715,27368.5910868124,28822.0241068169,34969.2901552503,23640
"339",9,42,54438.4916544741,47426.2971762458,53115.9811680245,59132.0469050513,66332.9993930453,76776.0214617451,77227
"340",9,49,73613.2985023553,45169.1942407754,54735.6468580125,64196.4419738978,75503.2335678585,88503.4308177969,70135
"341",9,56,53881.0388244053,33458.2639241537,37436.4223985263,42332.9325506761,44458.8734648572,58164.4980001852,40480
"342",9,63,21814.3332893124,17618.2152094833,19234.2826888645,21806.1582885969,23796.8519745859,30029.7464818197,24998
"343",9,70,9973.07432810088,8403.81395095829,9915.120452336,10803.4984861974,12227.8320234911,14229.087755133,11829
"344",9,77,5704.26340860153,5269.34232493103,6382.47887456828,6751.36496222485,7285.02258395559,8780.2948855892,6410
"345",9,84,3855.79670445149,3872.89637033732,4488.65915653588,5017.15369395971,5502.95325220396,5980.63534003635,4120
"346",9,91,4583.62044209627,4603.1473594539,5240.15136552413,5829.53205586498,6269.59053397997,7054.19854127503,6084
"347",9,98,8779.00131445897,6509.17849497562,7413.75542387083,8382.70938273634,9465.66592356203,10966.7766458081,8018
"348",9,105,11189.7551789215,8067.50314969771,8478.99749432064,9466.16211063211,10916.5928030744,14034.9974849535,9843
"349",9,112,13811.9808277952,11312.9788274504,13027.4766778208,13885.5644356259,14409.5403785992,17817.0507919362,14031
"350",9,119,21060.7978577871,18328.5706100724,20937.7355873591,22389.3252476744,23653.9799939325,28260.4232350017,24280
"351",9,126,32123.0165806253,23546.8700930832,30946.9732382787,34087.3045032028,36196.818236951,40257.7907258507,30690
"352",9,133,35533.5566689317,32819.2007249788,43528.4936949691,52591.0882408312,61913.3029973908,69074.7542348036,50210
"353",9,140,52521.63145331,52510.3672977051,57199.8314639063,61649.9389269049,70633.2914886303,79842.3095213897,73974
"354",9,147,58823.5913988354,47491.3128211087,59488.6654464019,68802.3865514382,77152.3890886694,102146.264656178,66816
"355",9,154,61356.477332253,48039.7371328487,52425.7662867692,57252.1638984645,60421.7386650214,75715.2043059672,52544
"356",9,161,50341.5298623943,31674.1330948189,41989.5103960572,49233.2350984039,53709.3412018204,61318.1414953609,48688
"357",9,168,31118.1165821706,28798.1333342823,30969.1002292719,34572.9930940224,36730.199347335,45684.5374071798,38163
"358",9,175,27242.5101840346,18583.9082124457,21743.4214652532,24706.0106994623,26270.8843977139,28476.6965046742,22468
"359",9,182,18993.7769599056,12839.4566576772,14460.4473276284,15322.0405149593,17850.1773588932,18875.1043766572,14737
"360",9,189,11793.7529604175,9863.21719754561,11090.0984042023,12270.1664684962,13383.4759170372,16180.8200935398,11726
"361",9,196,10955.7560077716,6402.00841428229,7400.07121260812,8220.24946604845,9138.82109150607,10832.3545037969,8435
"362",9,203,4548.08097773579,3800.31496585077,4409.26237094699,4974.99846327062,5498.64134375525,6932.23137241911,4631
"363",9,210,3544.28805057613,2580.5931871772,3328.74654591942,3606.24142370032,3770.60366080872,4148.28236445837,3357
"364",9,217,3734.92159774563,2609.27398741299,2877.81990770988,3260.05249962056,3732.01289228477,4127.31991507907,4182
"365",9,224,2624.01203250561,1818.77256837277,2007.05958455935,2536.22164790987,2712.90215685644,3003.67049912772,2487
"366",9,231,2009.78884276087,1163.87923418648,1594.47887148722,1778.82681468519,2060.57150238921,2405.05419203318,1663
"367",9,238,1200.90077229971,850.899802539589,1016.19285311712,1102.75865049278,1206.73777037714,1344.72484232376,1092
"368",9,245,646.064075558663,534.898091774465,757.406187890422,781.795382454432,843.289375476376,1061.14981196021,754
"369",9,252,476.620596588542,348.036271193099,387.06340293959,429.655496792499,480.317120608974,601.169668177558,391
"370",9,259,146.369381093589,133.170503521849,162.11835746142,167.760108086187,177.753420039984,264.529955732918,184
"371",10,7,492.375136499102,474.920704433204,610.654374365752,639.005838452771,684.432433266021,744.146805995408,550
"372",10,14,2042.8554261416,1801.03058028094,1951.90243613356,2087.58668965672,2216.57228329687,2706.55301507718,2043
"373",10,21,7862.00896696805,5734.51926139528,6474.42558198544,6980.3485544022,7898.07005637861,8823.76074674447,7745
"374",10,28,14824.4606070051,11250.0797029793,13273.4588079572,14160.8640848422,16243.8635881226,21731.3909523002,13518
"375",10,35,28650.907942326,20303.7405330375,25695.4410699715,27368.5910868124,28822.0241068169,34969.2901552503,23640
"376",10,42,71046.5779279459,47426.2971762458,53115.9811680245,59132.0469050513,66332.9993930453,76776.0214617451,77227
"377",10,49,76999.6982764107,45169.1942407754,54735.6468580125,64196.4419738978,75503.2335678585,88503.4308177969,70135
"378",10,56,37139.9728939348,33458.2639241537,37436.4223985263,42332.9325506761,44458.8734648572,58164.4980001852,40480
"379",10,63,18188.1777908275,17618.2152094833,19234.2826888645,21806.1582885969,23796.8519745859,30029.7464818197,24998
"380",10,70,11666.8882134473,8403.81395095829,9915.120452336,10803.4984861974,12227.8320234911,14229.087755133,11829
"381",10,77,6977.70275700698,5269.34232493103,6382.47887456828,6751.36496222485,7285.02258395559,8780.2948855892,6410
"382",10,84,5369.40821797816,3872.89637033732,4488.65915653588,5017.15369395971,5502.95325220396,5980.63534003635,4120
"383",10,91,5821.95230533106,4603.1473594539,5240.15136552413,5829.53205586498,6269.59053397997,7054.19854127503,6084
"384",10,98,10590.2096845918,6509.17849497562,7413.75542387083,8382.70938273634,9465.66592356203,10966.7766458081,8018
"385",10,105,11586.0276161376,8067.50314969771,8478.99749432064,9466.16211063211,10916.5928030744,14034.9974849535,9843
"386",10,112,16660.0137261893,11312.9788274504,13027.4766778208,13885.5644356259,14409.5403785992,17817.0507919362,14031
"387",10,119,23368.854481052,18328.5706100724,20937.7355873591,22389.3252476744,23653.9799939325,28260.4232350017,24280
"388",10,126,41550.9417632057,23546.8700930832,30946.9732382787,34087.3045032028,36196.818236951,40257.7907258507,30690
"389",10,133,47105.4915266534,32819.2007249788,43528.4936949691,52591.0882408312,61913.3029973908,69074.7542348036,50210
"390",10,140,74564.4867558634,52510.3672977051,57199.8314639063,61649.9389269049,70633.2914886303,79842.3095213897,73974
"391",10,147,108767.951154638,47491.3128211087,59488.6654464019,68802.3865514382,77152.3890886694,102146.264656178,66816
"392",10,154,57955.5829730611,48039.7371328487,52425.7662867692,57252.1638984645,60421.7386650214,75715.2043059672,52544
"393",10,161,33680.9977866019,31674.1330948189,41989.5103960572,49233.2350984039,53709.3412018204,61318.1414953609,48688
"394",10,168,29200.6115215103,28798.1333342823,30969.1002292719,34572.9930940224,36730.199347335,45684.5374071798,38163
"395",10,175,21808.8421531279,18583.9082124457,21743.4214652532,24706.0106994623,26270.8843977139,28476.6965046742,22468
"396",10,182,17552.7540976294,12839.4566576772,14460.4473276284,15322.0405149593,17850.1773588932,18875.1043766572,14737
"397",10,189,15159.9088273885,9863.21719754561,11090.0984042023,12270.1664684962,13383.4759170372,16180.8200935398,11726
"398",10,196,7521.12351731419,6402.00841428229,7400.07121260812,8220.24946604845,9138.82109150607,10832.3545037969,8435
"399",10,203,5083.07568242989,3800.31496585077,4409.26237094699,4974.99846327062,5498.64134375525,6932.23137241911,4631
"400",10,210,3397.54630955311,2580.5931871772,3328.74654591942,3606.24142370032,3770.60366080872,4148.28236445837,3357
"401",10,217,3854.87220439059,2609.27398741299,2877.81990770988,3260.05249962056,3732.01289228477,4127.31991507907,4182
"402",10,224,2594.94924805602,1818.77256837277,2007.05958455935,2536.22164790987,2712.90215685644,3003.67049912772,2487
"403",10,231,1830.89291188101,1163.87923418648,1594.47887148722,1778.82681468519,2060.57150238921,2405.05419203318,1663
"404",10,238,1131.52532641423,850.899802539589,1016.19285311712,1102.75865049278,1206.73777037714,1344.72484232376,1092
"405",10,245,750.697486207388,534.898091774465,757.406187890422,781.795382454432,843.289375476376,1061.14981196021,754
"406",10,252,391.703362212541,348.036271193099,387.06340293959,429.655496792499,480.317120608974,601.169668177558,391
"407",10,259,216.746518438934,133.170503521849,162.11835746142,167.760108086187,177.753420039984,264.529955732918,184
"408",11,7,597.153694754904,474.920704433204,610.654374365752,639.005838452771,684.432433266021,744.146805995408,550
"409",11,14,1992.09288913682,1801.03058028094,1951.90243613356,2087.58668965672,2216.57228329687,2706.55301507718,2043
"410",11,21,7695.32762840224,5734.51926139528,6474.42558198544,6980.3485544022,7898.07005637861,8823.76074674447,7745
"411",11,28,13384.5202989177,11250.0797029793,13273.4588079572,14160.8640848422,16243.8635881226,21731.3909523002,13518
"412",11,35,20688.9366692593,20303.7405330375,25695.4410699715,27368.5910868124,28822.0241068169,34969.2901552503,23640
"413",11,42,60977.5507239368,47426.2971762458,53115.9811680245,59132.0469050513,66332.9993930453,76776.0214617451,77227
"414",11,49,63212.4211657141,45169.1942407754,54735.6468580125,64196.4419738978,75503.2335678585,88503.4308177969,70135
"415",11,56,40665.689115593,33458.2639241537,37436.4223985263,42332.9325506761,44458.8734648572,58164.4980001852,40480
"416",11,63,23014.2877157727,17618.2152094833,19234.2826888645,21806.1582885969,23796.8519745859,30029.7464818197,24998
"417",11,70,9545.70681968613,8403.81395095829,9915.120452336,10803.4984861974,12227.8320234911,14229.087755133,11829
"418",11,77,6611.05215941002,5269.34232493103,6382.47887456828,6751.36496222485,7285.02258395559,8780.2948855892,6410
"419",11,84,4807.04946018805,3872.89637033732,4488.65915653588,5017.15369395971,5502.95325220396,5980.63534003635,4120
"420",11,91,5837.11180639889,4603.1473594539,5240.15136552413,5829.53205586498,6269.59053397997,7054.19854127503,6084
"421",11,98,6964.32834300264,6509.17849497562,7413.75542387083,8382.70938273634,9465.66592356203,10966.7766458081,8018
"422",11,105,8165.69916133934,8067.50314969771,8478.99749432064,9466.16211063211,10916.5928030744,14034.9974849535,9843
"423",11,112,18602.2432156184,11312.9788274504,13027.4766778208,13885.5644356259,14409.5403785992,17817.0507919362,14031
"424",11,119,22096.647745207,18328.5706100724,20937.7355873591,22389.3252476744,23653.9799939325,28260.4232350017,24280
"425",11,126,33637.8011679319,23546.8700930832,30946.9732382787,34087.3045032028,36196.818236951,40257.7907258507,30690
"426",11,133,33350.9314346994,32819.2007249788,43528.4936949691,52591.0882408312,61913.3029973908,69074.7542348036,50210
"427",11,140,70788.3126926785,52510.3672977051,57199.8314639063,61649.9389269049,70633.2914886303,79842.3095213897,73974
"428",11,147,62634.312407944,47491.3128211087,59488.6654464019,68802.3865514382,77152.3890886694,102146.264656178,66816
"429",11,154,50299.5541798383,48039.7371328487,52425.7662867692,57252.1638984645,60421.7386650214,75715.2043059672,52544
"430",11,161,52604.4623228819,31674.1330948189,41989.5103960572,49233.2350984039,53709.3412018204,61318.1414953609,48688
"431",11,168,37274.6157568687,28798.1333342823,30969.1002292719,34572.9930940224,36730.199347335,45684.5374071798,38163
"432",11,175,28524.6685337832,18583.9082124457,21743.4214652532,24706.0106994623,26270.8843977139,28476.6965046742,22468
"433",11,182,14406.8110292043,12839.4566576772,14460.4473276284,15322.0405149593,17850.1773588932,18875.1043766572,14737
"434",11,189,10881.1136016452,9863.21719754561,11090.0984042023,12270.1664684962,13383.4759170372,16180.8200935398,11726
"435",11,196,6280.59433034536,6402.00841428229,7400.07121260812,8220.24946604845,9138.82109150607,10832.3545037969,8435
"436",11,203,5474.52749296073,3800.31496585077,4409.26237094699,4974.99846327062,5498.64134375525,6932.23137241911,4631
"437",11,210,2528.13346484573,2580.5931871772,3328.74654591942,3606.24142370032,3770.60366080872,4148.28236445837,3357
"438",11,217,2864.6315106203,2609.27398741299,2877.81990770988,3260.05249962056,3732.01289228477,4127.31991507907,4182
"439",11,224,2782.02039893208,1818.77256837277,2007.05958455935,2536.22164790987,2712.90215685644,3003.67049912772,2487
"440",11,231,2071.71074076019,1163.87923418648,1594.47887148722,1778.82681468519,2060.57150238921,2405.05419203318,1663
"441",11,238,1005.28997053067,850.899802539589,1016.19285311712,1102.75865049278,1206.73777037714,1344.72484232376,1092
"442",11,245,546.872830582977,534.898091774465,757.406187890422,781.795382454432,843.289375476376,1061.14981196021,754
"443",11,252,399.072207637317,348.036271193099,387.06340293959,429.655496792499,480.317120608974,601.169668177558,391
"444",11,259,283.337081476534,133.170503521849,162.11835746142,167.760108086187,177.753420039984,264.529955732918,184
"445",12,7,584.540404622193,474.920704433204,610.654374365752,639.005838452771,684.432433266021,744.146805995408,550
"446",12,14,1907.60323438956,1801.03058028094,1951.90243613356,2087.58668965672,2216.57228329687,2706.55301507718,2043
"447",12,21,6161.37821552872,5734.51926139528,6474.42558198544,6980.3485544022,7898.07005637861,8823.76074674447,7745
"448",12,28,15482.0091264538,11250.0797029793,13273.4588079572,14160.8640848422,16243.8635881226,21731.3909523002,13518
"449",12,35,27414.6993598882,20303.7405330375,25695.4410699715,27368.5910868124,28822.0241068169,34969.2901552503,23640
"450",12,42,53933.2520601914,47426.2971762458,53115.9811680245,59132.0469050513,66332.9993930453,76776.0214617451,77227
"451",12,49,49451.0843422969,45169.1942407754,54735.6468580125,64196.4419738978,75503.2335678585,88503.4308177969,70135
"452",12,56,37535.2389000568,33458.2639241537,37436.4223985263,42332.9325506761,44458.8734648572,58164.4980001852,40480
"453",12,63,21797.9832878814,17618.2152094833,19234.2826888645,21806.1582885969,23796.8519745859,30029.7464818197,24998
"454",12,70,10532.3557004526,8403.81395095829,9915.120452336,10803.4984861974,12227.8320234911,14229.087755133,11829
"455",12,77,6389.07207237173,5269.34232493103,6382.47887456828,6751.36496222485,7285.02258395559,8780.2948855892,6410
"456",12,84,5250.15816496112,3872.89637033732,4488.65915653588,5017.15369395971,5502.95325220396,5980.63534003635,4120
"457",12,91,5117.77992020428,4603.1473594539,5240.15136552413,5829.53205586498,6269.59053397997,7054.19854127503,6084
"458",12,98,7662.7803580193,6509.17849497562,7413.75542387083,8382.70938273634,9465.66592356203,10966.7766458081,8018
"459",12,105,8348.80457668112,8067.50314969771,8478.99749432064,9466.16211063211,10916.5928030744,14034.9974849535,9843
"460",12,112,13546.8877507362,11312.9788274504,13027.4766778208,13885.5644356259,14409.5403785992,17817.0507919362,14031
"461",12,119,20911.451668508,18328.5706100724,20937.7355873591,22389.3252476744,23653.9799939325,28260.4232350017,24280
"462",12,126,38828.5185266688,23546.8700930832,30946.9732382787,34087.3045032028,36196.818236951,40257.7907258507,30690
"463",12,133,38874.5653180461,32819.2007249788,43528.4936949691,52591.0882408312,61913.3029973908,69074.7542348036,50210
"464",12,140,56191.7512614957,52510.3672977051,57199.8314639063,61649.9389269049,70633.2914886303,79842.3095213897,73974
"465",12,147,42697.02219696,47491.3128211087,59488.6654464019,68802.3865514382,77152.3890886694,102146.264656178,66816
"466",12,154,55992.9682460355,48039.7371328487,52425.7662867692,57252.1638984645,60421.7386650214,75715.2043059672,52544
"467",12,161,46651.1246608038,31674.1330948189,41989.5103960572,49233.2350984039,53709.3412018204,61318.1414953609,48688
"468",12,168,41549.7769283619,28798.1333342823,30969.1002292719,34572.9930940224,36730.199347335,45684.5374071798,38163
"469",12,175,26595.4669541721,18583.9082124457,21743.4214652532,24706.0106994623,26270.8843977139,28476.6965046742,22468
"470",12,182,18181.6489475799,12839.4566576772,14460.4473276284,15322.0405149593,17850.1773588932,18875.1043766572,14737
"471",12,189,14553.7552655147,9863.21719754561,11090.0984042023,12270.1664684962,13383.4759170372,16180.8200935398,11726
"472",12,196,8115.55140769763,6402.00841428229,7400.07121260812,8220.24946604845,9138.82109150607,10832.3545037969,8435
"473",12,203,6641.42444785996,3800.31496585077,4409.26237094699,4974.99846327062,5498.64134375525,6932.23137241911,4631
"474",12,210,3721.19168225719,2580.5931871772,3328.74654591942,3606.24142370032,3770.60366080872,4148.28236445837,3357
"475",12,217,3197.43771286811,2609.27398741299,2877.81990770988,3260.05249962056,3732.01289228477,4127.31991507907,4182
"476",12,224,2697.23208768448,1818.77256837277,2007.05958455935,2536.22164790987,2712.90215685644,3003.67049912772,2487
"477",12,231,2640.17525768714,1163.87923418648,1594.47887148722,1778.82681468519,2060.57150238921,2405.05419203318,1663
"478",12,238,955.237173329853,850.899802539589,1016.19285311712,1102.75865049278,1206.73777037714,1344.72484232376,1092
"479",12,245,860.303655795951,534.898091774465,757.406187890422,781.795382454432,843.289375476376,1061.14981196021,754
"480",12,252,495.422902623954,348.036271193099,387.06340293959,429.655496792499,480.317120608974,601.169668177558,391
"481",12,259,165.959897193671,133.170503521849,162.11835746142,167.760108086187,177.753420039984,264.529955732918,184
"482",13,7,706.925938640345,474.920704433204,610.654374365752,639.005838452771,684.432433266021,744.146805995408,550
"483",13,14,1945.00952332887,1801.03058028094,1951.90243613356,2087.58668965672,2216.57228329687,2706.55301507718,2043
"484",13,21,8006.2533246103,5734.51926139528,6474.42558198544,6980.3485544022,7898.07005637861,8823.76074674447,7745
"485",13,28,14435.4591070017,11250.0797029793,13273.4588079572,14160.8640848422,16243.8635881226,21731.3909523002,13518
"486",13,35,24631.4244102078,20303.7405330375,25695.4410699715,27368.5910868124,28822.0241068169,34969.2901552503,23640
"487",13,42,65241.4942518514,47426.2971762458,53115.9811680245,59132.0469050513,66332.9993930453,76776.0214617451,77227
"488",13,49,86445.1704470653,45169.1942407754,54735.6468580125,64196.4419738978,75503.2335678585,88503.4308177969,70135
"489",13,56,35061.3971099758,33458.2639241537,37436.4223985263,42332.9325506761,44458.8734648572,58164.4980001852,40480
"490",13,63,21579.1919257458,17618.2152094833,19234.2826888645,21806.1582885969,23796.8519745859,30029.7464818197,24998
"491",13,70,11074.6412719422,8403.81395095829,9915.120452336,10803.4984861974,12227.8320234911,14229.087755133,11829
"492",13,77,6526.05869753368,5269.34232493103,6382.47887456828,6751.36496222485,7285.02258395559,8780.2948855892,6410
"493",13,84,3891.79600105325,3872.89637033732,4488.65915653588,5017.15369395971,5502.95325220396,5980.63534003635,4120
"494",13,91,6013.33410163518,4603.1473594539,5240.15136552413,5829.53205586498,6269.59053397997,7054.19854127503,6084
"495",13,98,7482.54487173027,6509.17849497562,7413.75542387083,8382.70938273634,9465.66592356203,10966.7766458081,8018
"496",13,105,8522.39513353381,8067.50314969771,8478.99749432064,9466.16211063211,10916.5928030744,14034.9974849535,9843
"497",13,112,13119.7912819748,11312.9788274504,13027.4766778208,13885.5644356259,14409.5403785992,17817.0507919362,14031
"498",13,119,23575.2269967417,18328.5706100724,20937.7355873591,22389.3252476744,23653.9799939325,28260.4232350017,24280
"499",13,126,29472.6458539588,23546.8700930832,30946.9732382787,34087.3045032028,36196.818236951,40257.7907258507,30690
"500",13,133,32338.1110352316,32819.2007249788,43528.4936949691,52591.0882408312,61913.3029973908,69074.7542348036,50210
"501",13,140,52500.1759188246,52510.3672977051,57199.8314639063,61649.9389269049,70633.2914886303,79842.3095213897,73974
"502",13,147,61834.9939399612,47491.3128211087,59488.6654464019,68802.3865514382,77152.3890886694,102146.264656178,66816
"503",13,154,51869.9821294955,48039.7371328487,52425.7662867692,57252.1638984645,60421.7386650214,75715.2043059672,52544
"504",13,161,32940.4787015199,31674.1330948189,41989.5103960572,49233.2350984039,53709.3412018204,61318.1414953609,48688
"505",13,168,47479.8242037805,28798.1333342823,30969.1002292719,34572.9930940224,36730.199347335,45684.5374071798,38163
"506",13,175,25465.6638879123,18583.9082124457,21743.4214652532,24706.0106994623,26270.8843977139,28476.6965046742,22468
"507",13,182,18743.9399425404,12839.4566576772,14460.4473276284,15322.0405149593,17850.1773588932,18875.1043766572,14737
"508",13,189,12610.1261017158,9863.21719754561,11090.0984042023,12270.1664684962,13383.4759170372,16180.8200935398,11726
"509",13,196,8877.23838323192,6402.00841428229,7400.07121260812,8220.24946604845,9138.82109150607,10832.3545037969,8435
"510",13,203,5734.29615110103,3800.31496585077,4409.26237094699,4974.99846327062,5498.64134375525,6932.23137241911,4631
"511",13,210,2862.46676641958,2580.5931871772,3328.74654591942,3606.24142370032,3770.60366080872,4148.28236445837,3357
"512",13,217,3731.04332379782,2609.27398741299,2877.81990770988,3260.05249962056,3732.01289228477,4127.31991507907,4182
"513",13,224,2654.99051681538,1818.77256837277,2007.05958455935,2536.22164790987,2712.90215685644,3003.67049912772,2487
"514",13,231,2047.36717728115,1163.87923418648,1594.47887148722,1778.82681468519,2060.57150238921,2405.05419203318,1663
"515",13,238,1362.38568671745,850.899802539589,1016.19285311712,1102.75865049278,1206.73777037714,1344.72484232376,1092
"516",13,245,524.063804281049,534.898091774465,757.406187890422,781.795382454432,843.289375476376,1061.14981196021,754
"517",13,252,373.143525120736,348.036271193099,387.06340293959,429.655496792499,480.317120608974,601.169668177558,391
"518",13,259,193.714526094201,133.170503521849,162.11835746142,167.760108086187,177.753420039984,264.529955732918,184
"519",14,7,701.165545272054,474.920704433204,610.654374365752,639.005838452771,684.432433266021,744.146805995408,550
"520",14,14,2454.03307818872,1801.03058028094,1951.90243613356,2087.58668965672,2216.57228329687,2706.55301507718,2043
"521",14,21,7071.67634807506,5734.51926139528,6474.42558198544,6980.3485544022,7898.07005637861,8823.76074674447,7745
"522",14,28,13095.7833024439,11250.0797029793,13273.4588079572,14160.8640848422,16243.8635881226,21731.3909523002,13518
"523",14,35,27322.4828137365,20303.7405330375,25695.4410699715,27368.5910868124,28822.0241068169,34969.2901552503,23640
"524",14,42,61848.9696222447,47426.2971762458,53115.9811680245,59132.0469050513,66332.9993930453,76776.0214617451,77227
"525",14,49,75004.4119983411,45169.1942407754,54735.6468580125,64196.4419738978,75503.2335678585,88503.4308177969,70135
"526",14,56,42331.9970981454,33458.2639241537,37436.4223985263,42332.9325506761,44458.8734648572,58164.4980001852,40480
"527",14,63,19329.8020808791,17618.2152094833,19234.2826888645,21806.1582885969,23796.8519745859,30029.7464818197,24998
"528",14,70,12058.3299259052,8403.81395095829,9915.120452336,10803.4984861974,12227.8320234911,14229.087755133,11829
"529",14,77,7497.88372907356,5269.34232493103,6382.47887456828,6751.36496222485,7285.02258395559,8780.2948855892,6410
"530",14,84,5473.42617652755,3872.89637033732,4488.65915653588,5017.15369395971,5502.95325220396,5980.63534003635,4120
"531",14,91,5280.94184729741,4603.1473594539,5240.15136552413,5829.53205586498,6269.59053397997,7054.19854127503,6084
"532",14,98,9336.72526201396,6509.17849497562,7413.75542387083,8382.70938273634,9465.66592356203,10966.7766458081,8018
"533",14,105,14918.1976652878,8067.50314969771,8478.99749432064,9466.16211063211,10916.5928030744,14034.9974849535,9843
"534",14,112,12161.7644260826,11312.9788274504,13027.4766778208,13885.5644356259,14409.5403785992,17817.0507919362,14031
"535",14,119,21980.255585729,18328.5706100724,20937.7355873591,22389.3252476744,23653.9799939325,28260.4232350017,24280
"536",14,126,34924.691526486,23546.8700930832,30946.9732382787,34087.3045032028,36196.818236951,40257.7907258507,30690
"537",14,133,63464.1935308446,32819.2007249788,43528.4936949691,52591.0882408312,61913.3029973908,69074.7542348036,50210
"538",14,140,84617.482499723,52510.3672977051,57199.8314639063,61649.9389269049,70633.2914886303,79842.3095213897,73974
"539",14,147,94827.558526301,47491.3128211087,59488.6654464019,68802.3865514382,77152.3890886694,102146.264656178,66816
"540",14,154,60110.1591092775,48039.7371328487,52425.7662867692,57252.1638984645,60421.7386650214,75715.2043059672,52544
"541",14,161,59963.1541133937,31674.1330948189,41989.5103960572,49233.2350984039,53709.3412018204,61318.1414953609,48688
"542",14,168,35511.6525275507,28798.1333342823,30969.1002292719,34572.9930940224,36730.199347335,45684.5374071798,38163
"543",14,175,26162.6902122278,18583.9082124457,21743.4214652532,24706.0106994623,26270.8843977139,28476.6965046742,22468
"544",14,182,14418.467270103,12839.4566576772,14460.4473276284,15322.0405149593,17850.1773588932,18875.1043766572,14737
"545",14,189,11561.0526828842,9863.21719754561,11090.0984042023,12270.1664684962,13383.4759170372,16180.8200935398,11726
"546",14,196,7771.80719055221,6402.00841428229,7400.07121260812,8220.24946604845,9138.82109150607,10832.3545037969,8435
"547",14,203,4218.60444532027,3800.31496585077,4409.26237094699,4974.99846327062,5498.64134375525,6932.23137241911,4631
"548",14,210,4079.36098671953,2580.5931871772,3328.74654591942,3606.24142370032,3770.60366080872,4148.28236445837,3357
"549",14,217,3259.06076494636,2609.27398741299,2877.81990770988,3260.05249962056,3732.01289228477,4127.31991507907,4182
"550",14,224,2899.32252576829,1818.77256837277,2007.05958455935,2536.22164790987,2712.90215685644,3003.67049912772,2487
"551",14,231,1643.27654464086,1163.87923418648,1594.47887148722,1778.82681468519,2060.57150238921,2405.05419203318,1663
"552",14,238,1261.18255940954,850.899802539589,1016.19285311712,1102.75865049278,1206.73777037714,1344.72484232376,1092
"553",14,245,1000.58357465709,534.898091774465,757.406187890422,781.795382454432,843.289375476376,1061.14981196021,754
"554",14,252,448.98455105027,348.036271193099,387.06340293959,429.655496792499,480.317120608974,601.169668177558,391
"555",14,259,169.971009147166,133.170503521849,162.11835746142,167.760108086187,177.753420039984,264.529955732918,184
"556",15,7,651.849035026208,474.920704433204,610.654374365752,639.005838452771,684.432433266021,744.146805995408,550
"557",15,14,1954.20007373512,1801.03058028094,1951.90243613356,2087.58668965672,2216.57228329687,2706.55301507718,2043
"558",15,21,7013.77405481094,5734.51926139528,6474.42558198544,6980.3485544022,7898.07005637861,8823.76074674447,7745
"559",15,28,16371.4577102979,11250.0797029793,13273.4588079572,14160.8640848422,16243.8635881226,21731.3909523002,13518
"560",15,35,29609.9134887071,20303.7405330375,25695.4410699715,27368.5910868124,28822.0241068169,34969.2901552503,23640
"561",15,42,46755.8995799166,47426.2971762458,53115.9811680245,59132.0469050513,66332.9993930453,76776.0214617451,77227
"562",15,49,52248.1871896416,45169.1942407754,54735.6468580125,64196.4419738978,75503.2335678585,88503.4308177969,70135
"563",15,56,32565.7840697104,33458.2639241537,37436.4223985263,42332.9325506761,44458.8734648572,58164.4980001852,40480
"564",15,63,17386.4986628133,17618.2152094833,19234.2826888645,21806.1582885969,23796.8519745859,30029.7464818197,24998
"565",15,70,13260.4062071576,8403.81395095829,9915.120452336,10803.4984861974,12227.8320234911,14229.087755133,11829
"566",15,77,6442.19812119255,5269.34232493103,6382.47887456828,6751.36496222485,7285.02258395559,8780.2948855892,6410
"567",15,84,4593.72884190552,3872.89637033732,4488.65915653588,5017.15369395971,5502.95325220396,5980.63534003635,4120
"568",15,91,5048.01399593362,4603.1473594539,5240.15136552413,5829.53205586498,6269.59053397997,7054.19854127503,6084
"569",15,98,11153.7817558666,6509.17849497562,7413.75542387083,8382.70938273634,9465.66592356203,10966.7766458081,8018
"570",15,105,10893.4340532392,8067.50314969771,8478.99749432064,9466.16211063211,10916.5928030744,14034.9974849535,9843
"571",15,112,13386.1203980063,11312.9788274504,13027.4766778208,13885.5644356259,14409.5403785992,17817.0507919362,14031
"572",15,119,23395.1429780746,18328.5706100724,20937.7355873591,22389.3252476744,23653.9799939325,28260.4232350017,24280
"573",15,126,34336.9118748805,23546.8700930832,30946.9732382787,34087.3045032028,36196.818236951,40257.7907258507,30690
"574",15,133,64801.371037871,32819.2007249788,43528.4936949691,52591.0882408312,61913.3029973908,69074.7542348036,50210
"575",15,140,73879.5053419817,52510.3672977051,57199.8314639063,61649.9389269049,70633.2914886303,79842.3095213897,73974
"576",15,147,89957.2946444612,47491.3128211087,59488.6654464019,68802.3865514382,77152.3890886694,102146.264656178,66816
"577",15,154,69068.6187550067,48039.7371328487,52425.7662867692,57252.1638984645,60421.7386650214,75715.2043059672,52544
"578",15,161,60533.0526233887,31674.1330948189,41989.5103960572,49233.2350984039,53709.3412018204,61318.1414953609,48688
"579",15,168,35872.2328353747,28798.1333342823,30969.1002292719,34572.9930940224,36730.199347335,45684.5374071798,38163
"580",15,175,24831.2216160645,18583.9082124457,21743.4214652532,24706.0106994623,26270.8843977139,28476.6965046742,22468
"581",15,182,12211.9561527445,12839.4566576772,14460.4473276284,15322.0405149593,17850.1773588932,18875.1043766572,14737
"582",15,189,12926.1715477891,9863.21719754561,11090.0984042023,12270.1664684962,13383.4759170372,16180.8200935398,11726
"583",15,196,7153.04213258156,6402.00841428229,7400.07121260812,8220.24946604845,9138.82109150607,10832.3545037969,8435
"584",15,203,3815.76834840593,3800.31496585077,4409.26237094699,4974.99846327062,5498.64134375525,6932.23137241911,4631
"585",15,210,2638.57498554356,2580.5931871772,3328.74654591942,3606.24142370032,3770.60366080872,4148.28236445837,3357
"586",15,217,3581.93923414928,2609.27398741299,2877.81990770988,3260.05249962056,3732.01289228477,4127.31991507907,4182
"587",15,224,2949.54409802054,1818.77256837277,2007.05958455935,2536.22164790987,2712.90215685644,3003.67049912772,2487
"588",15,231,2107.22480240676,1163.87923418648,1594.47887148722,1778.82681468519,2060.57150238921,2405.05419203318,1663
"589",15,238,1058.54348914339,850.899802539589,1016.19285311712,1102.75865049278,1206.73777037714,1344.72484232376,1092
"590",15,245,923.02414722985,534.898091774465,757.406187890422,781.795382454432,843.289375476376,1061.14981196021,754
"591",15,252,397.900555101788,348.036271193099,387.06340293959,429.655496792499,480.317120608974,601.169668177558,391
"592",15,259,166.693414839094,133.170503521849,162.11835746142,167.760108086187,177.753420039984,264.529955732918,184
"593",16,7,705.101225352631,474.920704433204,610.654374365752,639.005838452771,684.432433266021,744.146805995408,550
"594",16,14,2140.65716469388,1801.03058028094,1951.90243613356,2087.58668965672,2216.57228329687,2706.55301507718,2043
"595",16,21,6546.52744001636,5734.51926139528,6474.42558198544,6980.3485544022,7898.07005637861,8823.76074674447,7745
"596",16,28,17659.549882939,11250.0797029793,13273.4588079572,14160.8640848422,16243.8635881226,21731.3909523002,13518
"597",16,35,31569.1448843301,20303.7405330375,25695.4410699715,27368.5910868124,28822.0241068169,34969.2901552503,23640
"598",16,42,55310.3446319979,47426.2971762458,53115.9811680245,59132.0469050513,66332.9993930453,76776.0214617451,77227
"599",16,49,60185.8751737563,45169.1942407754,54735.6468580125,64196.4419738978,75503.2335678585,88503.4308177969,70135
"600",16,56,46450.2428752059,33458.2639241537,37436.4223985263,42332.9325506761,44458.8734648572,58164.4980001852,40480
"601",16,63,17874.3229715922,17618.2152094833,19234.2826888645,21806.1582885969,23796.8519745859,30029.7464818197,24998
"602",16,70,11587.9169138857,8403.81395095829,9915.120452336,10803.4984861974,12227.8320234911,14229.087755133,11829
"603",16,77,8922.20200569079,5269.34232493103,6382.47887456828,6751.36496222485,7285.02258395559,8780.2948855892,6410
"604",16,84,5813.60948040306,3872.89637033732,4488.65915653588,5017.15369395971,5502.95325220396,5980.63534003635,4120
"605",16,91,6790.52446634897,4603.1473594539,5240.15136552413,5829.53205586498,6269.59053397997,7054.19854127503,6084
"606",16,98,9784.87755604096,6509.17849497562,7413.75542387083,8382.70938273634,9465.66592356203,10966.7766458081,8018
"607",16,105,10713.8258638494,8067.50314969771,8478.99749432064,9466.16211063211,10916.5928030744,14034.9974849535,9843
"608",16,112,14329.8050167907,11312.9788274504,13027.4766778208,13885.5644356259,14409.5403785992,17817.0507919362,14031
"609",16,119,20654.9400045144,18328.5706100724,20937.7355873591,22389.3252476744,23653.9799939325,28260.4232350017,24280
"610",16,126,36942.1334020612,23546.8700930832,30946.9732382787,34087.3045032028,36196.818236951,40257.7907258507,30690
"611",16,133,69584.4143530974,32819.2007249788,43528.4936949691,52591.0882408312,61913.3029973908,69074.7542348036,50210
"612",16,140,58255.345388284,52510.3672977051,57199.8314639063,61649.9389269049,70633.2914886303,79842.3095213897,73974
"613",16,147,84330.3234675563,47491.3128211087,59488.6654464019,68802.3865514382,77152.3890886694,102146.264656178,66816
"614",16,154,56548.7448238679,48039.7371328487,52425.7662867692,57252.1638984645,60421.7386650214,75715.2043059672,52544
"615",16,161,41512.2395658287,31674.1330948189,41989.5103960572,49233.2350984039,53709.3412018204,61318.1414953609,48688
"616",16,168,28433.9864029808,28798.1333342823,30969.1002292719,34572.9930940224,36730.199347335,45684.5374071798,38163
"617",16,175,18532.2329012383,18583.9082124457,21743.4214652532,24706.0106994623,26270.8843977139,28476.6965046742,22468
"618",16,182,16385.6697028287,12839.4566576772,14460.4473276284,15322.0405149593,17850.1773588932,18875.1043766572,14737
"619",16,189,13241.2467014762,9863.21719754561,11090.0984042023,12270.1664684962,13383.4759170372,16180.8200935398,11726
"620",16,196,7468.21190555522,6402.00841428229,7400.07121260812,8220.24946604845,9138.82109150607,10832.3545037969,8435
"621",16,203,4357.81816041135,3800.31496585077,4409.26237094699,4974.99846327062,5498.64134375525,6932.23137241911,4631
"622",16,210,3672.76176791544,2580.5931871772,3328.74654591942,3606.24142370032,3770.60366080872,4148.28236445837,3357
"623",16,217,3887.48207615873,2609.27398741299,2877.81990770988,3260.05249962056,3732.01289228477,4127.31991507907,4182
"624",16,224,2422.90925601829,1818.77256837277,2007.05958455935,2536.22164790987,2712.90215685644,3003.67049912772,2487
"625",16,231,1684.93349804854,1163.87923418648,1594.47887148722,1778.82681468519,2060.57150238921,2405.05419203318,1663
"626",16,238,1099.89080740912,850.899802539589,1016.19285311712,1102.75865049278,1206.73777037714,1344.72484232376,1092
"627",16,245,771.953559521498,534.898091774465,757.406187890422,781.795382454432,843.289375476376,1061.14981196021,754
"628",16,252,675.589001045299,348.036271193099,387.06340293959,429.655496792499,480.317120608974,601.169668177558,391
"629",16,259,144.438216853572,133.170503521849,162.11835746142,167.760108086187,177.753420039984,264.529955732918,184
"630",17,7,478.143255692401,474.920704433204,610.654374365752,639.005838452771,684.432433266021,744.146805995408,550
"631",17,14,2643.30709789394,1801.03058028094,1951.90243613356,2087.58668965672,2216.57228329687,2706.55301507718,2043
"632",17,21,9283.30644607324,5734.51926139528,6474.42558198544,6980.3485544022,7898.07005637861,8823.76074674447,7745
"633",17,28,21461.5327741768,11250.0797029793,13273.4588079572,14160.8640848422,16243.8635881226,21731.3909523002,13518
"634",17,35,27943.8967054339,20303.7405330375,25695.4410699715,27368.5910868124,28822.0241068169,34969.2901552503,23640
"635",17,42,49884.7008525282,47426.2971762458,53115.9811680245,59132.0469050513,66332.9993930453,76776.0214617451,77227
"636",17,49,50649.2507294946,45169.1942407754,54735.6468580125,64196.4419738978,75503.2335678585,88503.4308177969,70135
"637",17,56,46735.7958784878,33458.2639241537,37436.4223985263,42332.9325506761,44458.8734648572,58164.4980001852,40480
"638",17,63,18161.4427501378,17618.2152094833,19234.2826888645,21806.1582885969,23796.8519745859,30029.7464818197,24998
"639",17,70,10266.698524213,8403.81395095829,9915.120452336,10803.4984861974,12227.8320234911,14229.087755133,11829
"640",17,77,8235.40059637144,5269.34232493103,6382.47887456828,6751.36496222485,7285.02258395559,8780.2948855892,6410
"641",17,84,4478.23240173347,3872.89637033732,4488.65915653588,5017.15369395971,5502.95325220396,5980.63534003635,4120
"642",17,91,6689.3323107136,4603.1473594539,5240.15136552413,5829.53205586498,6269.59053397997,7054.19854127503,6084
"643",17,98,8516.17419244631,6509.17849497562,7413.75542387083,8382.70938273634,9465.66592356203,10966.7766458081,8018
"644",17,105,13058.828864584,8067.50314969771,8478.99749432064,9466.16211063211,10916.5928030744,14034.9974849535,9843
"645",17,112,12750.5328653588,11312.9788274504,13027.4766778208,13885.5644356259,14409.5403785992,17817.0507919362,14031
"646",17,119,21908.8801848215,18328.5706100724,20937.7355873591,22389.3252476744,23653.9799939325,28260.4232350017,24280
"647",17,126,37725.8866318554,23546.8700930832,30946.9732382787,34087.3045032028,36196.818236951,40257.7907258507,30690
"648",17,133,61396.3394862395,32819.2007249788,43528.4936949691,52591.0882408312,61913.3029973908,69074.7542348036,50210
"649",17,140,58180.2740283574,52510.3672977051,57199.8314639063,61649.9389269049,70633.2914886303,79842.3095213897,73974
"650",17,147,78371.2828223314,47491.3128211087,59488.6654464019,68802.3865514382,77152.3890886694,102146.264656178,66816
"651",17,154,59382.6107092825,48039.7371328487,52425.7662867692,57252.1638984645,60421.7386650214,75715.2043059672,52544
"652",17,161,54987.3775206112,31674.1330948189,41989.5103960572,49233.2350984039,53709.3412018204,61318.1414953609,48688
"653",17,168,32736.625050832,28798.1333342823,30969.1002292719,34572.9930940224,36730.199347335,45684.5374071798,38163
"654",17,175,21490.3894299904,18583.9082124457,21743.4214652532,24706.0106994623,26270.8843977139,28476.6965046742,22468
"655",17,182,14447.4273773573,12839.4566576772,14460.4473276284,15322.0405149593,17850.1773588932,18875.1043766572,14737
"656",17,189,12300.1242786766,9863.21719754561,11090.0984042023,12270.1664684962,13383.4759170372,16180.8200935398,11726
"657",17,196,8814.05664793713,6402.00841428229,7400.07121260812,8220.24946604845,9138.82109150607,10832.3545037969,8435
"658",17,203,5570.9828961388,3800.31496585077,4409.26237094699,4974.99846327062,5498.64134375525,6932.23137241911,4631
"659",17,210,3524.98558282375,2580.5931871772,3328.74654591942,3606.24142370032,3770.60366080872,4148.28236445837,3357
"660",17,217,4333.66196407357,2609.27398741299,2877.81990770988,3260.05249962056,3732.01289228477,4127.31991507907,4182
"661",17,224,2018.89142880682,1818.77256837277,2007.05958455935,2536.22164790987,2712.90215685644,3003.67049912772,2487
"662",17,231,2056.85842293222,1163.87923418648,1594.47887148722,1778.82681468519,2060.57150238921,2405.05419203318,1663
"663",17,238,1218.91263611243,850.899802539589,1016.19285311712,1102.75865049278,1206.73777037714,1344.72484232376,1092
"664",17,245,1115.94783618684,534.898091774465,757.406187890422,781.795382454432,843.289375476376,1061.14981196021,754
"665",17,252,343.605959106592,348.036271193099,387.06340293959,429.655496792499,480.317120608974,601.169668177558,391
"666",17,259,163.226330292562,133.170503521849,162.11835746142,167.760108086187,177.753420039984,264.529955732918,184
"667",18,7,717.873381045956,474.920704433204,610.654374365752,639.005838452771,684.432433266021,744.146805995408,550
"668",18,14,1858.03190875346,1801.03058028094,1951.90243613356,2087.58668965672,2216.57228329687,2706.55301507718,2043
"669",18,21,8022.21828269736,5734.51926139528,6474.42558198544,6980.3485544022,7898.07005637861,8823.76074674447,7745
"670",18,28,21975.5483515547,11250.0797029793,13273.4588079572,14160.8640848422,16243.8635881226,21731.3909523002,13518
"671",18,35,38045.6120670353,20303.7405330375,25695.4410699715,27368.5910868124,28822.0241068169,34969.2901552503,23640
"672",18,42,65590.7524849266,47426.2971762458,53115.9811680245,59132.0469050513,66332.9993930453,76776.0214617451,77227
"673",18,49,73531.7441291164,45169.1942407754,54735.6468580125,64196.4419738978,75503.2335678585,88503.4308177969,70135
"674",18,56,34444.6890264332,33458.2639241537,37436.4223985263,42332.9325506761,44458.8734648572,58164.4980001852,40480
"675",18,63,22845.6114125002,17618.2152094833,19234.2826888645,21806.1582885969,23796.8519745859,30029.7464818197,24998
"676",18,70,13988.3091608187,8403.81395095829,9915.120452336,10803.4984861974,12227.8320234911,14229.087755133,11829
"677",18,77,6470.15659775531,5269.34232493103,6382.47887456828,6751.36496222485,7285.02258395559,8780.2948855892,6410
"678",18,84,4684.16940377003,3872.89637033732,4488.65915653588,5017.15369395971,5502.95325220396,5980.63534003635,4120
"679",18,91,7292.76079954147,4603.1473594539,5240.15136552413,5829.53205586498,6269.59053397997,7054.19854127503,6084
"680",18,98,9359.26204606905,6509.17849497562,7413.75542387083,8382.70938273634,9465.66592356203,10966.7766458081,8018
"681",18,105,10986.06905258,8067.50314969771,8478.99749432064,9466.16211063211,10916.5928030744,14034.9974849535,9843
"682",18,112,12052.7545141044,11312.9788274504,13027.4766778208,13885.5644356259,14409.5403785992,17817.0507919362,14031
"683",18,119,20739.7674411394,18328.5706100724,20937.7355873591,22389.3252476744,23653.9799939325,28260.4232350017,24280
"684",18,126,33862.1299736985,23546.8700930832,30946.9732382787,34087.3045032028,36196.818236951,40257.7907258507,30690
"685",18,133,53686.7388521982,32819.2007249788,43528.4936949691,52591.0882408312,61913.3029973908,69074.7542348036,50210
"686",18,140,65874.0664414661,52510.3672977051,57199.8314639063,61649.9389269049,70633.2914886303,79842.3095213897,73974
"687",18,147,68888.1697092467,47491.3128211087,59488.6654464019,68802.3865514382,77152.3890886694,102146.264656178,66816
"688",18,154,59614.8274654607,48039.7371328487,52425.7662867692,57252.1638984645,60421.7386650214,75715.2043059672,52544
"689",18,161,55244.4179245505,31674.1330948189,41989.5103960572,49233.2350984039,53709.3412018204,61318.1414953609,48688
"690",18,168,30035.2717603513,28798.1333342823,30969.1002292719,34572.9930940224,36730.199347335,45684.5374071798,38163
"691",18,175,21547.159401629,18583.9082124457,21743.4214652532,24706.0106994623,26270.8843977139,28476.6965046742,22468
"692",18,182,14807.6154356631,12839.4566576772,14460.4473276284,15322.0405149593,17850.1773588932,18875.1043766572,14737
"693",18,189,12491.2209374178,9863.21719754561,11090.0984042023,12270.1664684962,13383.4759170372,16180.8200935398,11726
"694",18,196,9693.42439265287,6402.00841428229,7400.07121260812,8220.24946604845,9138.82109150607,10832.3545037969,8435
"695",18,203,4711.43051159684,3800.31496585077,4409.26237094699,4974.99846327062,5498.64134375525,6932.23137241911,4631
"696",18,210,3960.91852215077,2580.5931871772,3328.74654591942,3606.24142370032,3770.60366080872,4148.28236445837,3357
"697",18,217,3261.04423429477,2609.27398741299,2877.81990770988,3260.05249962056,3732.01289228477,4127.31991507907,4182
"698",18,224,2759.91236437231,1818.77256837277,2007.05958455935,2536.22164790987,2712.90215685644,3003.67049912772,2487
"699",18,231,1645.80330363419,1163.87923418648,1594.47887148722,1778.82681468519,2060.57150238921,2405.05419203318,1663
"700",18,238,1325.20496167811,850.899802539589,1016.19285311712,1102.75865049278,1206.73777037714,1344.72484232376,1092
"701",18,245,807.016318006684,534.898091774465,757.406187890422,781.795382454432,843.289375476376,1061.14981196021,754
"702",18,252,393.76678570804,348.036271193099,387.06340293959,429.655496792499,480.317120608974,601.169668177558,391
"703",18,259,158.794438967995,133.170503521849,162.11835746142,167.760108086187,177.753420039984,264.529955732918,184
"704",19,7,641.632561141909,474.920704433204,610.654374365752,639.005838452771,684.432433266021,744.146805995408,550
"705",19,14,2008.32298209643,1801.03058028094,1951.90243613356,2087.58668965672,2216.57228329687,2706.55301507718,2043
"706",19,21,8315.8418159074,5734.51926139528,6474.42558198544,6980.3485544022,7898.07005637861,8823.76074674447,7745
"707",19,28,20618.0291575574,11250.0797029793,13273.4588079572,14160.8640848422,16243.8635881226,21731.3909523002,13518
"708",19,35,27580.3026227557,20303.7405330375,25695.4410699715,27368.5910868124,28822.0241068169,34969.2901552503,23640
"709",19,42,50664.1684915239,47426.2971762458,53115.9811680245,59132.0469050513,66332.9993930453,76776.0214617451,77227
"710",19,49,77476.7901339175,45169.1942407754,54735.6468580125,64196.4419738978,75503.2335678585,88503.4308177969,70135
"711",19,56,35635.611529423,33458.2639241537,37436.4223985263,42332.9325506761,44458.8734648572,58164.4980001852,40480
"712",19,63,20108.9419975886,17618.2152094833,19234.2826888645,21806.1582885969,23796.8519745859,30029.7464818197,24998
"713",19,70,7655.37099057741,8403.81395095829,9915.120452336,10803.4984861974,12227.8320234911,14229.087755133,11829
"714",19,77,8623.45017389798,5269.34232493103,6382.47887456828,6751.36496222485,7285.02258395559,8780.2948855892,6410
"715",19,84,5797.61772801814,3872.89637033732,4488.65915653588,5017.15369395971,5502.95325220396,5980.63534003635,4120
"716",19,91,6106.31478594184,4603.1473594539,5240.15136552413,5829.53205586498,6269.59053397997,7054.19854127503,6084
"717",19,98,8249.24457302636,6509.17849497562,7413.75542387083,8382.70938273634,9465.66592356203,10966.7766458081,8018
"718",19,105,10277.5692992021,8067.50314969771,8478.99749432064,9466.16211063211,10916.5928030744,14034.9974849535,9843
"719",19,112,11021.0738221189,11312.9788274504,13027.4766778208,13885.5644356259,14409.5403785992,17817.0507919362,14031
"720",19,119,20946.4968936428,18328.5706100724,20937.7355873591,22389.3252476744,23653.9799939325,28260.4232350017,24280
"721",19,126,34312.4790327071,23546.8700930832,30946.9732382787,34087.3045032028,36196.818236951,40257.7907258507,30690
"722",19,133,57658.5710339084,32819.2007249788,43528.4936949691,52591.0882408312,61913.3029973908,69074.7542348036,50210
"723",19,140,59140.2219597481,52510.3672977051,57199.8314639063,61649.9389269049,70633.2914886303,79842.3095213897,73974
"724",19,147,75278.0547834707,47491.3128211087,59488.6654464019,68802.3865514382,77152.3890886694,102146.264656178,66816
"725",19,154,81728.7817092172,48039.7371328487,52425.7662867692,57252.1638984645,60421.7386650214,75715.2043059672,52544
"726",19,161,53283.3290955568,31674.1330948189,41989.5103960572,49233.2350984039,53709.3412018204,61318.1414953609,48688
"727",19,168,30522.0511705758,28798.1333342823,30969.1002292719,34572.9930940224,36730.199347335,45684.5374071798,38163
"728",19,175,24515.6001147585,18583.9082124457,21743.4214652532,24706.0106994623,26270.8843977139,28476.6965046742,22468
"729",19,182,14464.787311052,12839.4566576772,14460.4473276284,15322.0405149593,17850.1773588932,18875.1043766572,14737
"730",19,189,12240.2086583159,9863.21719754561,11090.0984042023,12270.1664684962,13383.4759170372,16180.8200935398,11726
"731",19,196,8324.94752439927,6402.00841428229,7400.07121260812,8220.24946604845,9138.82109150607,10832.3545037969,8435
"732",19,203,3786.33333401515,3800.31496585077,4409.26237094699,4974.99846327062,5498.64134375525,6932.23137241911,4631
"733",19,210,2657.95404499873,2580.5931871772,3328.74654591942,3606.24142370032,3770.60366080872,4148.28236445837,3357
"734",19,217,3326.94687654622,2609.27398741299,2877.81990770988,3260.05249962056,3732.01289228477,4127.31991507907,4182
"735",19,224,3052.64200489136,1818.77256837277,2007.05958455935,2536.22164790987,2712.90215685644,3003.67049912772,2487
"736",19,231,1843.9913934565,1163.87923418648,1594.47887148722,1778.82681468519,2060.57150238921,2405.05419203318,1663
"737",19,238,1280.90436412888,850.899802539589,1016.19285311712,1102.75865049278,1206.73777037714,1344.72484232376,1092
"738",19,245,731.510468488952,534.898091774465,757.406187890422,781.795382454432,843.289375476376,1061.14981196021,754
"739",19,252,370.447167011074,348.036271193099,387.06340293959,429.655496792499,480.317120608974,601.169668177558,391
"740",19,259,170.069237593083,133.170503521849,162.11835746142,167.760108086187,177.753420039984,264.529955732918,184
