"","e.time","e.value","y.time","y.value","S.time","S.value","E.time","E.value","I.time","I.value","R.time","R.value","x.time","x.value","clock"
"1",0,0,0,0.0324902248813682,0,52196379,0,1,0,0,0,0,0,-0.158480822330051,20729
"2",1,1.63861284140942,1,0.0773670440526144,1,52196377.7608366,1,1.81751259459024,1,0.256988121619727,1,0.164662650045629,1,-0.0506402872082977,20729
"3",2,-0.683968135025287,2,0.137643421876655,2,52196375.3509108,2,3.43505949118723,2,0.711086455004427,2,0.502943285537828,2,-0.0913402374502559,20729
"4",3,0.900261691252404,3,0.229749679398862,3,52196370.7085892,3,6.58013302673814,3,1.54381130761172,3,1.16746648845386,3,-0.0323233939594296,20729
"5",4,0.0333833493753747,4,0.544358242150883,4,52196361.3525558,4,13.0045476335253,4,3.15772227059573,4,2.48517428862757,4,-0.0296629414720535,20729
"6",5,-0.570947927614926,5,0.987551728811409,5,52196343.2812598,5,25.3129952380466,5,6.31582805791739,5,5.08991693288623,5,-0.0644137026818094,20729
"7",6,-0.455901021194187,6,1.70227778507215,6,52196309.671811,6,47.8885791636933,6,12.3301365898811,6,10.1094733067477,6,-0.0903723551194257,20729
"8",7,-0.853978638701533,7,3.05762740948039,7,52196249.4878519,7,87.5520611338335,7,23.4450873911018,7,19.5149995909415,7,-0.139622572226671,20729
"9",8,-0.569684869224036,8,6.11536325325176,8,52196145.5935775,8,154.684061075424,8,43.1967863686731,8,36.5255750928061,8,-0.168932620453139,20729
"10",9,-0.622838807805594,9,9.86651492316386,9,52195969.7394791,9,266.470666014753,9,77.3452346208977,9,66.4446202274055,9,-0.20009229060734,20729
"11",10,-0.242655848870726,10,18.8454967272827,10,52195674.6851775,10,452.241707227348,10,135.170843850985,10,117.902271375172,10,-0.206278632035129,20729
"12",11,0.0810589162571975,11,32.1344189547722,11,52195170.804317,11,770.517457995802,11,232.955695513861,11,205.72252946171,11,-0.192193156000911,20729
"13",12,0.127997238194683,12,44.6372631764102,12,52194292.9542761,12,1329.94460209799,12,400.620592343174,12,356.480529487729,12,-0.175898991028323,20729
"14",13,-1.22014499266123,13,111.169115749891,13,52192830.5835755,13,2246.00376588864,13,688.096008867043,13,615.31664972557,13,-0.243566988169701,20729
"15",14,-0.861936549951742,14,124.059177370069,14,52190547.3721186,14,3630.02066315265,14,1157.78436802966,14,1044.82285019003,14,-0.285836742063087,20729
"16",15,-0.0416545715819108,15,285.854219664337,15,52186938.4993331,15,5799.55889430445,15,1903.15341434466,15,1738.78835829584,15,-0.27544142026276,20729
"17",16,-2.24440126573914,16,368.919025006037,16,52181596.3661834,16,8875.69423315759,16,3066.91756237299,16,2841.02202112068,16,-0.401441495291487,20729
"18",17,0.578487560715088,17,577.31204791738,17,52173831.7021885,17,13254.6906942807,17,4780.03643804534,17,4513.57067918146,17,-0.34715122275985,20729
"19",18,-1.06932042496988,18,700.999398881234,18,52162165.1889092,18,19828.8017376473,18,7337.90590116197,18,7048.10345201287,18,-0.397162716363297,20729
"20",19,-0.132896065584114,19,1135.18240299036,19,52145189.6292537,19,29267.4046660289,19,11093.3418924681,19,10829.6241878125,19,-0.386966690685409,20729
"21",20,-0.175590526138984,20,1373.34761412436,20,52119826.6227704,20,43466.7325663737,20,16630.9314902247,20,16455.7131730207,20,-0.379901771059897,20729
"22",21,0.626395274399449,21,2684.18675378333,21,52080539.3484405,21,66023.2995896239,21,24931.6671235971,21,24885.6848462774,21,-0.323706555353823,20729
"23",22,0.65124292343873,22,4687.94863054742,22,52016204.5728952,22,104393.281423171,22,37919.3011249294,22,37862.8445567361,22,-0.268719150215785,20729
"24",23,0.105532669408973,23,6720.09038844802,23,51909425.2544346,23,169437.986739291,23,59044.868654806,23,58471.8901713062,23,-0.250078617661106,20729
"25",24,0.144410109186321,24,11708.6898186486,24,51732231.9643863,24,278441.315764597,24,93895.696271352,24,91811.0235777039,24,-0.229948828251952,20729
"26",25,-1.62654026546588,25,16059.0200308495,25,51456403.8873993,25,443310.785518115,25,150828.809460915,25,145836.517621638,25,-0.320051486652844,20729
"27",26,-0.00174693357440778,26,25216.8924030746,26,51044397.4704065,26,682898.567347515,26,238708.144919784,26,230375.817326231,26,-0.305525572388575,20729
"28",27,-0.543849003163666,27,41794.701203134,27,50419591.1836989,27,1042727.10938781,27,372968.319335288,27,361093.387577961,27,-0.32515061007245,20729
"29",28,-0.865268407094306,28,52773.4670481371,28,49520177.7619308,28,1543635.03711712,28,573231.941877518,28,559335.25907452,28,-0.363647027591745,20729
"30",29,-2.59307276077662,29,84596.4713340993,29,48368374.1187768,29,2124740.20056928,29,855357.480934583,29,847908.19971929,29,-0.506854962148866,20729
"31",30,0.551839596824908,30,136412.383194544,30,46922450.0231471,30,2809254.31432876,30,1221357.42603268,30,1243318.23649145,30,-0.449067538881777,20729
"32",31,1.37280330131688,31,174733.434724597,31,44889099.3285169,31,3822388.1877433,31,1703443.11551581,31,1781449.36822397,31,-0.343452829943411,20729
"33",32,0.329754660207771,32,241066.765345827,32,42054165.2569892,32,5254985.99170197,32,2363394.85688792,32,2523833.89442087,32,-0.307335139807738,20729
"34",33,0.465405050280708,33,266394.739157921,33,38345467.378769,33,7057499.74205031,33,3254779.12031992,33,3538633.75886082,33,-0.264610598025669,20729
"35",34,-1.35856101463319,34,409072.576914076,34,34057843.7165015,34,8859075.71057765,34,4396823.59355952,34,4882636.97936138,34,-0.336491024322905,20729
"36",35,0.184744568850622,35,497845.038480665,35,29595851.439066,35,10329524.2412711,35,5715538.82747545,35,6555465.49218749,35,-0.309658601670992,20729
"37",36,0.733008722921435,36,417015.353282387,36,25021278.69261,36,11499604.0439629,36,7134971.32161502,36,8540525.94181209,36,-0.250312155221888,20729
"38",37,-0.831031677173445,37,496267.439108462,37,20804989.4573141,37,12032464.0763287,37,8561927.75559276,37,10796998.7107644,37,-0.290346408268312,20729
"39",38,1.5796084415851,38,491716.56258267,38,17093120.7549026,38,11998860.6773874,38,9864282.45527576,38,13240116.1124342,38,-0.179714720112335,20729
"40",39,0.96194330008813,39,467619.649999835,39,13810225.6071305,39,11599760.3505314,39,10980444.3412286,39,15805949.7011095,39,-0.112582636797037,20729
"41",40,0.4964164947322,40,395649.245241595,40,11133038.5597014,40,10784876.3359365,40,11854731.2867993,40,18423733.8175629,40,-0.0774431768306895,20729
"42",41,-1.37222449030239,41,457994.568577509,41,9163955.3864318,41,9577054.44094425,41,12438617.276814,41,21016752.89581,41,-0.159294771589931,20729
"43",42,1.28720421796859,42,328648.352079981,42,7704560.71016941,42,8263716.53910089,42,12711507.4378294,42,23516595.3129003,42,-0.0730930920146672,20729
"44",43,1.09331436666626,43,278843.773808724,43,6535865.00404302,43,7052653.50663663,43,12715697.6120181,43,25892163.8773023,43,-0.0030566679530967,20729
"45",44,0.359797782850244,44,180784.348096473,44,5627575.64497016,44,5942041.3180557,44,12500981.5082394,44,28125781.5287347,44,0.0183130792581121,20729
"46",45,-0.431480925053898,45,163803.349400777,45,4950736.32765933,45,4930275.55249969,45,12110587.8819406,45,30204780.2379003,45,-0.0101737193995113,20729
"47",46,1.01256255118131,46,145954.364022469,46,4431609.21113541,46,4055770.45788783,46,11585825.6447352,46,32123174.6862415,46,0.0518124757529831,20729
"48",47,-0.869273593213819,47,134120.358332208,47,4033014.59233855,47,3311116.10673698,47,10968868.2230242,47,33883381.0779002,47,-0.00531572969310024,20729
"49",48,-0.297312170336755,48,117997.349011631,48,3736216.26318843,48,2679135.13990238,48,10291850.4778827,48,35489178.1190264,48,-0.0243732083592969,20729
"50",49,-0.457497240588817,49,101951.129370192,49,3508910.721652,49,2156834.2294375,49,9582932.92758729,49,36947702.1213232,49,-0.0523831301811473,20729
"51",50,-0.0961901463609714,50,58772.6527677509,50,3331549.83940296,50,1731689.39744237,50,8865124.43649749,50,38268016.3266572,50,-0.0567377986961709,20729
"52",51,1.60313003715763,51,55200.5562899419,51,3182377.99490766,51,1396518.44799765,51,8156946.97966567,51,39460536.577429,51,0.0439517209399269,20729
"53",52,-1.2911714400298,52,45662.6977921036,52,3060010.1212748,52,1127519.00228841,52,7472528.23883472,52,40536322.6376021,52,-0.0388201744469199,20729
"54",53,-1.59423120498332,53,36836.9903771014,53,2968545.42671933,53,904065.057738935,53,6819158.81618374,53,41504610.699358,53,-0.136251126953241,20729
"55",54,0.829268665978594,54,24523.6849065518,54,2894875.00543542,54,725445.550228688,54,6201704.16886793,54,42374355.275468,54,-0.0794235444924514,20729
"56",55,1.08531454734079,55,21429.1236660133,55,2829637.3694937,55,587392.655085014,55,5624358.38772612,55,43154991.5876952,55,-0.00957189299483982,20729
"57",56,-2.58112828477238,56,25578.6641424131,56,2777200.39096057,56,475019.172171246,56,5088937.71099145,56,43855222.7258767,56,-0.169311415288187,20729
"58",57,0.377140420515188,57,14584.6517027942,57,2735962.38065983,57,383328.329036715,57,4594696.24418939,57,44482393.046114,57,-0.138763453612651,20729
"59",58,1.12881515195378,58,10931.1310144279,58,2699140.86226519,58,312413.539286672,58,4141037.12810252,58,45043788.4703456,58,-0.063334189256276,20729
"60",59,2.52372056996141,59,10578.8788756961,59,2663794.14870892,59,259266.401716479,59,3726977.21312921,59,45546342.2364454,59,0.094468674430544,20729
"61",60,-0.0793858186711635,60,8406.58940274076,60,2630986.12364254,60,218028.692015308,60,3350938.99220617,60,45996426.192136,60,0.0839886254036685,20729
"62",61,0.894682915364908,61,8701.05352461417,61,2602010.73062009,61,184578.016780735,61,3010334.99676589,61,46399456.2558333,61,0.1341104224036,20729
"63",62,-1.38002786612437,62,6957.30965106986,62,2577310.17985905,62,156328.354593101,62,2702458.27949239,62,46760283.1860554,62,0.0414598434044785,20729
"64",63,-0.943710990914282,63,5388.01799287828,63,2557423.32282979,63,131533.505012275,63,2424341.6337621,63,47083081.5383958,63,-0.0197555339722673,20729
"65",64,1.66292445537668,64,4383.66695167376,64,2539753.62256321,64,111538.461052597,64,2173385.5364209,64,47371702.3799633,64,0.0828190832911526,20729
"66",65,-1.03712041967214,65,4324.2442170681,65,2524011.09450908,65,95175.4424424422,65,1947404.30704153,65,47629789.1560069,65,0.013824123341309,20729
"67",66,0.743670018648263,66,3020.62187345919,66,2510395.19813194,66,81404.1245554003,66,1744085.37026732,66,47860495.3070453,66,0.0580518314880488,20729
"68",67,0.811552372040317,67,3065.7485682574,67,2497868.08921586,67,70382.813969974,67,1561403.06976833,67,48066726.0270458,67,0.104310221097413,20729
"69",68,0.536789677829383,68,2992.06250607106,68,2486398.72236667,68,61396.9734974211,68,1397477.64068204,68,48251106.6634538,68,0.13136233119094,20729
"70",69,0.637916416452395,69,2056.11711691057,69,2475944.46253074,69,53945.1677983605,69,1250519.87433406,69,48415970.4953368,69,0.163333647256289,20729
"71",70,-1.18454464358483,70,1714.34969743234,70,2466898.52049374,70,47255.1588874342,70,1118842.10472844,70,48563384.2158903,70,0.0813172806493943,20729
"72",71,0.0404809845937162,71,1537.70411827076,71,2459228.84211689,71,41190.745724803,71,1000820.69048197,71,48695139.7216763,71,0.0788732683909851,20729
"73",72,0.431809947253081,72,1428.84469129178,72,2452371.64018251,72,36055.7022046085,72,895071.774802702,72,48812880.8828101,72,0.100689707593282,20729
"74",73,0.892569024274348,73,1159.09331811024,73,2446067.46201755,73,31823.7433828413,73,800382.708012551,73,48918106.086587,73,0.14986657635136,20729
"75",74,0.869218282255979,74,1195.66173090251,74,2440185.8977333,74,28360.5872311814,74,715664.812554636,74,49012168.7024808,74,0.195204543440451,20729
"76",75,-1.50627074190389,75,1014.25619616607,75,2435088.4725296,75,25133.6605359053,75,639894.855366228,75,49096263.0115682,75,0.0917863906108739,20729
"77",76,1.31989878653777,76,993.843254669238,76,2430622.60775382,76,22247.6815347397,76,572091.676025081,76,49171418.0346863,76,0.167759639970688,20729
"78",77,2.26953467482419,77,830.197254704659,77,2426202.99622596,77,20099.5753803854,77,511470.618453362,77,49238606.8099402,77,0.298611085348054,20729
"79",78,0.157840505614343,78,808.77668671865,78,2421982.91469527,78,18341.6509738023,78,457337.881337463,78,49298717.5529934,78,0.292809489809922,20729
"80",79,0.273634416439047,79,649.73346457926,79,2418203.70569175,79,16676.5388996011,79,408994.222819686,79,49352505.5325889,79,0.294434218634515,20729
"81",80,0.119580672549714,80,629.348408588865,80,2414824.64459202,80,15112.9205126659,80,365805.417475335,80,49400637.0174199,80,0.28647606537978,20729
"82",81,1.81467178341471,81,597.889609793281,81,2411655.51611216,81,13795.0763673125,81,327217.515521673,81,49443711.8919988,81,0.383476950947468,20729
"83",82,0.523165676741159,82,489.948954523239,82,2408641.68904799,82,12690.6484539668,82,292763.673142279,82,49482283.9893557,82,0.396073468652621,20729
"84",83,-0.282928044146848,83,433.639707323485,83,2405960.7715057,83,11592.979046761,83,261994.310729628,83,49516831.9387178,83,0.358327371273831,20729
"85",84,0.330121341404013,84,453.752405821539,84,2403595.1882008,84,10520.8041476721,84,234492.734947772,84,49547771.2727037,84,0.360241458594015,20729
"86",85,-0.714063912791274,85,446.896462804083,85,2401535.11673615,85,9470.39286374889,85,209898.181269885,85,49575476.3091301,85,0.297645947836463,20729
"87",86,1.43228251323969,86,337.594469971854,86,2399682.19623132,86,8529.20410622009,86,187889.176144584,86,49600279.4235178,86,0.370512309797132,20729
"88",87,1.12928612227921,87,319.354333880417,87,2397912.5380377,87,7767.43223532428,87,168206.448720508,87,49622493.5810064,87,0.4211329569931,20729
"89",88,-0.0616282530360321,88,312.303447014866,88,2396299.36216923,88,7072.32125070008,88,150611.075086748,88,49642397.2414933,88,0.395816775281881,20729
"90",89,1.93366328340805,89,242.430069328847,89,2394793.59791263,89,6475.30616496178,89,134878.105953168,89,49660232.9899692,89,0.494825689514559,20729
"91",90,0.913939464112405,90,233.325279833531,90,2393341.82226003,90,5989.44473000675,90,120821.739220287,90,49676226.9937896,90,0.526098671848914,20729
"92",91,0.249071615549513,91,200.405943895036,91,2392014.93922708,91,5525.07557508868,91,108263.859691599,91,49690576.1255062,91,0.514830463281399,20729
"93",92,-1.33102980715585,92,202.162737432356,92,2390885.86626251,92,5012.79261358022,92,97033.0118905619,92,49703448.3292333,92,0.406634660968078,20729
"94",93,0.865688051580759,93,162.862518992102,93,2389911.1669185,93,4508.54047946358,93,86971.8826867446,93,49714988.4099152,93,0.439232119593343,20729
"95",94,-0.600726943327288,94,138.168011662994,94,2389048.0426988,94,4041.62000177055,94,77956.6330111475,94,49725333.7042882,94,0.379775996348023,20729
"96",95,-0.281511213705287,95,128.622973211941,95,2388312.36259044,95,3590.81535585455,95,69872.368215193,95,49734604.4538384,95,0.34291214094756,20729
"97",96,0.238047124276203,96,131.285355732323,96,2387668.66750692,96,3182.26903002946,96,62619.6627641414,96,49742909.4006988,96,0.339897939011984,20729
"98",97,0.0518364407864494,97,95.3906916922645,97,2387099.05050925,97,2819.3388250317,97,56113.4449735433,97,49750348.1656921,97,0.325543322587667,20729
"99",98,-1.24006670605543,98,84.2759371957736,98,2386617.4336313,98,2477.19177125688,98,50275.9911326664,98,49757009.3834647,98,0.23219071651695,20729
"100",99,0.434196767813076,99,88.5263819428229,99,2386206.27896532,99,2167.27241503919,99,45035.5019714865,99,49762970.9466481,99,0.246677019712083,20729
"101",100,-1.20443315392125,100,68.9419826368588,100,2385853.66491751,100,1889.2316919646,100,40332.0076337635,100,49768305.0957567,100,0.159369018017553,20729
"102",101,1.19274167141203,101,71.7911508189397,101,2385546.14244346,101,1647.96246830446,101,36110.0667285565,101,49773075.8283596,101,0.214447730650503,20729
"103",102,0.0485797945112408,102,61.0964299553697,102,2385267.59076346,102,1445.90004974507,102,32323.6030864344,102,49777342.9061003,102,0.196256374125024,20729
"104",103,1.18998255914326,103,53.9330147944001,103,2385015.40783787,103,1275.6906541337,103,28929.4631316295,103,49781159.4383763,103,0.249365858363606,20729
"105",104,0.358311091700667,104,52.8154740950628,104,2384784.44824233,104,1132.51146497128,104,25889.379477453,104,49784573.6608152,104,0.248578984449648,20729
"106",105,0.151358588428581,105,36.0227607789711,105,2384579.73847679,105,1005.06278363322,105,23167.1539134344,105,49787628.0448261,105,0.235063496007661,20729
"107",106,0.364891696750631,106,33.1962573911338,106,2384398.26411507,106,891.842693429986,106,20729.6297275528,106,49790360.2634639,106,0.235380116937308,20729
"108",107,0.904849244460229,107,37.1250012556217,107,2384233.4781771,107,794.720832185226,107,18547.4979491313,107,49792804.3030416,107,0.268991514351007,20729
"109",108,0.8149950918248,108,26.683049656075,108,2384081.59472546,108,712.482105609224,108,16594.949390047,108,49794990.9737789,108,0.295420522465114,20729
"110",109,-0.323367523616207,109,27.3864249106243,109,2383946.82875724,109,637.335983999883,109,14848.2129664772,109,49796947.6222923,109,0.25033448295403,20729
"111",110,0.730393108597434,110,25.1499091280398,110,2383827.76339076,110,569.019915553182,110,13285.0667061245,110,49798698.1499875,110,0.272454271703934,20729
"112",111,0.40275020053676,111,20.6656345253462,111,2383720.01906695,111,509.213151723719,111,11886.4204068704,111,49800264.3473744,111,0.273282830750452,20729
"113",112,-0.320845795766238,112,15.4331988903828,112,2383625.67662099,112,453.815679344512,112,10634.9156236759,112,49801665.592076,112,0.229432025679541,20729
"114",113,0.366689899184417,113,12.9988334349141,113,2383543.25484865,113,403.106562601588,113,9514.66703104346,113,49802918.9715577,113,0.230134228549911,20729
"115",114,0.30815737757046,114,13.4510793419382,114,2383469.74858171,114,358.310110898077,114,8511.93554124932,114,49804040.0057661,114,0.227191287616955,20729
"116",115,-0.375495342748598,115,15.5962179033609,115,2383405.67288903,115,317.349009558521,115,7614.39464915144,115,49805042.5834523,115,0.182217039025663,20729
"117",116,0.295015043581566,116,10.6120436714326,116,2383349.88677608,116,280.298036679971,116,6810.81309905112,116,49805939.0020882,116,0.180800290595137,20729
"118",117,1.40844281961263,117,10.0281551257075,117,2383298.47601929,117,249.485749313798,117,6091.54680156631,117,49806740.4914298,117,0.248140486322516,20729
"119",118,-0.217204214761602,118,9.65185104298433,118,2383251.77731679,118,222.759974904654,118,5448.17154016299,118,49807457.2911681,118,0.211909582483735,20729
"120",119,0.215012481671042,119,7.54533434583669,119,2383210.97732054,119,198.154816437039,119,4872.58657551063,119,49808098.2812875,119,0.204109318470813,20729
"121",120,0.084022884551678,120,7.41630592666326,120,2383174.9721958,120,176.013957403397,120,4357.59878032145,120,49808671.4150665,120,0.188608672037341,20729
"122",121,0.0613671072461272,121,6.51129875249437,121,2383143.34958051,121,156.038252795069,121,3896.79650103069,121,49809183.8156657,121,0.172466356182079,20729
"123",122,1.09650970324008,122,4.88575726364581,122,2383114.68059061,122,138.915681752861,122,3484.5116852163,122,49809641.8920424,122,0.220969711727388,20729
"124",123,1.01060801043546,123,5.30609211832208,123,2383087.87249229,123,124.771432030617,123,3115.8525894748,123,49810051.5034862,123,0.261808217603476,20729
"125",124,-1.31250680017902,124,4.5079763231603,124,2383064.60237569,124,111.297526787444,124,2786.27124560235,124,49810417.8288519,124,0.157341033105373,20729
"126",125,-0.62168600867194,125,3.9875631912367,125,2383045.47264125,125,97.9065306615414,125,2491.34506415685,125,49810745.2757639,125,0.100585811242691,20729
"127",126,1.06365138261948,126,3.78421168885178,126,2383028.51910309,126,86.2745160088339,126,2227.33876943653,126,49811037.8676115,126,0.150567778024772,20729
"128",127,1.1588706921501,127,3.38679135513995,127,2383012.59858936,127,76.8685247172942,127,1991.17168085727,127,49811299.3612051,127,0.203986216601027,20729
"129",128,0.21509132858073,128,3.02533966274936,128,2382998.03254122,128,68.7957892998585,128,1780.04488213449,128,49811533.1267873,128,0.19657724379414,20729
"130",129,-1.38094291604031,129,2.44574778720405,129,2382985.72272525,129,60.9207398412892,129,1591.27052143868,129,49811742.0860135,129,0.09106955731482,20729
"131",130,-0.310189586788403,130,1.88193541194464,130,2382975.51517515,130,53.3703638953331,130,1422.34130062869,130,49811928.7731603,130,0.0567627844708729,20729
"132",131,0.743119132171233,131,1.79041023497843,131,2382966.45344949,131,46.8714550654563,131,1271.15697257485,131,49812095.5181229,131,0.0891082501334619,20729
"133",132,-0.286060716135762,132,1.57725330176479,132,2382958.3876367,132,41.2445148611941,132,1135.91317842471,132,49812244.45467,132,0.0563856519954015,20729
"134",133,0.689010216179658,133,1.50493774982504,133,2382951.22568666,133,36.3581849415955,133,1014.9451255906,133,49812377.4710028,133,0.0854115078331895,20729
"135",134,1.50634001127208,134,1.40578638975944,134,2382944.49026368,134,32.4203675591422,134,906.804541119452,134,49812496.2848276,134,0.163443190040516,20729
"136",135,1.41821668426743,135,1.12334355873125,135,2382938.00507438,135,29.3197270141272,135,810.217106404312,135,49812602.4580922,135,0.232232855535703,20729
"137",136,0.483667113592425,136,1.13007984416699,136,2382931.95798069,136,26.6639758376808,136,724.001446508714,136,49812697.3765969,136,0.24001483605856,20729
"138",137,-2.1892085128673,137,0.909086888591091,137,2382926.91869514,137,23.8353856515095,137,647.014386896887,137,49812782.2315323,137,0.0825264135923222,20729
"139",138,-0.283114727786657,138,0.887078140721535,138,2382922.84077325,138,20.9536196152145,138,578.16975971295,138,49812858.0358474,138,0.050306554718342,20729
"140",139,0.0828413580483041,139,0.720296587830798,139,2382919.28670536,139,18.3957644552127,139,516.585512451125,139,49812925.7320177,139,0.0422340685336402,20729
"141",140,-1.06775415051329,140,0.636858627039807,140,2382916.25935908,140,16.0657486597743,140,461.498151070168,140,49812986.1767412,140,-0.0364254601298005,20729
"142",141,0.0752856456053677,141,0.628861120620863,141,2382913.68381477,141,13.9766188251205,141,412.21160349864,141,49813040.1279629,141,-0.0407340913476592,20729
"143",142,0.39580094221203,142,0.516368289564455,142,2382911.38496965,142,12.210096598249,142,368.127619904906,142,49813088.2773138,142,-0.0250598587273588,20729
"144",143,2.37642811624512,143,0.473345974851107,143,2382909.17753849,143,10.8437068421072,143,328.724195698973,143,49813131.2545589,143,0.112035692825865,20729
"145",144,0.461537212647798,144,0.370489656817619,144,2382907.05183788,144,9.76660304479843,144,293.545665032735,144,49813169.635894,144,0.124314554710604,20729
"146",145,-0.00591535735137619,145,0.307095483906502,145,2382905.15404201,145,8.78086036192182,145,262.14595960478,145,49813203.919138,145,0.107157215098456,20729
"147",146,-1.223290197614,146,0.336945908309002,146,2382903.54667214,146,7.80715800230761,146,234.108433166202,146,49813234.5377367,146,0.0157362602256147,20729
"148",147,-1.61986456267107,147,0.29521915419791,147,2382902.2534102,147,6.82459198581173,147,209.051731350908,147,49813261.8702665,147,-0.0956908889194504,20729
"149",148,1.27405783834238,148,0.215250244901058,148,2382901.12908159,148,5.96502369322166,148,186.647595350209,148,49813286.2582994,148,-0.0231563280580266,20729
"150",149,-0.557459255441611,149,0.21550540601456,149,2382900.11455937,149,5.2384077347035,149,166.626334297137,149,49813308.0206986,149,-0.0671464133177094,20729
"151",150,0.0573940816559929,150,0.162185040554741,150,2382899.23439183,150,4.59186068515692,150,148.735956641221,150,49813327.4377908,150,-0.0710605044394928,20729
"152",151,-0.409736725926348,151,0.176493841011287,151,2382898.4660836,151,4.02185647148286,151,132.751619431413,151,49813344.7604405,151,-0.103601207773445,20729
"153",152,-0.722796752355687,152,0.136283417077134,152,2382897.81125714,152,3.50683345426802,152,118.470146883462,152,49813360.2117625,152,-0.153867692840358,20729
"154",153,-0.14828216629887,153,0.100782643367586,153,2382897.24830531,153,3.05136961845178,153,105.709590395603,153,49813373.9907347,153,-0.166240595413966,20729
"155",154,-0.392878794193352,154,0.10083991231765,154,2382896.7584702,154,2.65490163185514,154,94.3099254450424,154,49813386.2767027,154,-0.193099337823799,20729
"156",155,-0.560374749864911,155,0.0968494223520974,155,2382896.33734907,155,2.30551889686601,155,84.1273518344185,155,49813397.2297802,155,-0.228981063007685,20729
"157",156,-1.30264948576932,156,0.0744301020231061,156,2382895.984899,156,1.99041696419249,156,75.0322047836754,156,49813406.9924792,156,-0.308904070309213,20729
"158",157,1.09453748159633,157,0.0638751953416549,157,2382895.67428005,157,1.72485708782349,157,66.9087435673174,157,49813415.6921193,157,-0.237045669767956,20729
"159",158,1.15129267352626,158,0.0631982524274384,158,2382895.37794257,158,1.51806073368592,158,59.6583756128985,158,49813423.4456211,158,-0.165190591981825,20729
"160",159,1.26353871142391,159,0.0511614152699693,159,2382895.09387389,159,1.35606328056986,159,53.1921715191298,159,49813430.3578913,159,-0.0899154202387031,20729
"161",160,0.475350862743513,160,0.0514137494393906,160,2382894.82743385,160,1.22194321956283,160,47.4285626800499,160,49813436.5220602,160,-0.0669351164209003,20729
"162",161,-1.15941675383421,161,0.0424603484374419,161,2382894.59582986,161,1.09328049148741,161,42.2913333600742,161,49813442.0195563,161,-0.145925107480925,20729
"163",162,0.430833509843482,162,0.0413224776123028,162,2382894.39521495,162,0.972970388583755,162,37.7103391307156,162,49813446.9214755,162,-0.122959474094985,20729
"164",163,-0.00563244222074586,163,0.0353516414919766,163,2382894.2147216,163,0.867464553470051,163,33.6254624184348,163,49813451.2923514,163,-0.128039664121095,20729
"165",164,0.1414167442002,164,0.0299831522941085,164,2382894.05386539,164,0.773377144934802,164,29.9830238552387,164,49813455.1897336,164,-0.123800561466786,20729
"166",165,0.227069689480919,165,0.0262707477760318,165,2382893.90944985,165,0.690374116757544,165,26.7352052152702,165,49813458.6649708,165,-0.114484234470695,20729
"167",166,-0.910443489087941,166,0.0251918995280338,166,2382893.78392208,166,0.613175038341745,166,23.8391559075393,166,49813461.7637469,166,-0.175795957677851,20729
"168",167,-0.253161116100021,167,0.0230850041018727,167,2382893.67654519,167,0.541190267318413,167,21.25595930147,167,49813464.5263052,167,-0.193569434655284,20729
"169",168,0.66727139362441,168,0.0193710006038103,168,2382893.57995037,168,0.479343654202615,168,18.9517811485099,168,49813466.9889248,168,-0.153694203170096,20729
"170",169,1.58150674300331,169,0.0174981745122886,169,2382893.48786298,169,0.430283975864324,169,16.8973186409374,169,49813469.1845344,169,-0.059364129392889,20729
"171",170,1.81933233570862,170,0.0178166281074864,170,2382893.39688136,170,0.393419411887246,170,15.0667943023683,170,49813471.1429049,170,0.0450369777673133,20729
"172",171,-0.313678634928373,171,0.0150044765766443,171,2382893.31224269,171,0.36070419812732,171,13.4366094379597,171,49813472.8904437,171,0.0127599993584093,20729
"173",172,-0.816653194845321,172,0.0147751829589301,172,2382893.2398818,172,0.326171287877367,172,11.9841513344654,172,49813474.4497956,172,-0.0489715337812455,20729
"174",173,-1.18775307422891,173,0.010079137389641,173,2382893.17971162,173,0.290410851331406,173,10.6890488051028,173,49813475.8408287,173,-0.130585699136012,20729
"175",174,-0.595410257033695,174,0.0114206657025732,174,2382893.12934237,174,0.25587457850968,174,9.53350162058176,174,49813477.0812814,174,-0.171677606213548,20729
"176",175,-1.38399744024774,175,0.0092304259885156,175,2382893.08734397,175,0.223362318347092,175,8.50213570554064,175,49813478.187158,175,-0.259413727059923,20729
"177",176,-0.0905239307258226,176,0.00810518541731183,176,2382893.05177709,176,0.194111053377544,176,7.58135730571778,176,49813479.1727545,176,-0.263075957995411,20729
"178",177,0.237320666604095,177,0.00566321479134083,177,2382893.0200138,177,0.169437303013828,177,6.75947680009144,177,49813480.0510721,177,-0.246334702625164,20729
"179",178,1.13255201323872,178,0.00559195806231997,178,2382892.99052559,178,0.149447557473913,178,6.02618914023535,178,49813480.8338377,178,-0.17518271293473,20729
"180",179,-1.17946398424443,179,0.00538490766633956,179,2382892.96430675,179,0.131910678581083,179,5.37223635047038,179,49813481.5315462,179,-0.250130128980503,20729
"181",180,-1.00168111354606,180,0.00432574660207251,180,2382892.94253118,180,0.115269194608851,180,4.78888993491489,180,49813482.1533097,180,-0.310454813117422,20729
"182",181,0.337186219209205,181,0.00413609555267636,181,2382892.92354862,181,0.100724111558008,181,4.26845201854033,181,49813482.7072752,181,-0.285242113965501,20729
"183",182,-1.44411176103379,182,0.00371612536342507,182,2382892.90718132,182,0.0877850863713444,182,3.80422337857819,182,49813483.2008102,182,-0.371148107385162,20729
"184",183,-0.250886077425108,183,0.00300106271632604,183,2382892.89334186,183,0.0761683952362483,183,3.39008156942723,183,49813483.6404082,183,-0.379253799669463,20729
"185",184,-1.41436332083337,184,0.00230815353223617,184,2382892.88158944,184,0.065851135088766,184,3.02065212740351,184,49813484.0319073,184,-0.458739594832325,20729
"186",185,-2.1539427118788,185,0.00254950374096453,185,2382892.87217209,185,0.0562868796442024,185,2.69106621618525,185,49813484.3804748,185,-0.579973799564158,20729
"187",186,0.216470463916629,186,0.00205146831156418,186,2382892.86422604,186,0.0480502692974505,186,2.39700126183159,186,49813484.6907224,186,-0.549063512585059,20729
"188",187,2.04574086606513,187,0.00195072192199236,187,2382892.85655217,187,0.0418020720346782,187,2.13477392442336,187,49813484.9668718,187,-0.406812243529983,20729
"189",188,1.53745256045507,188,0.00167668165223458,188,2382892.84883772,188,0.0372533763857131,188,1.90115337290453,188,49813485.2127555,188,-0.302855179394991,20729
"190",189,-0.113657423764347,189,0.00134613890198586,189,2382892.84160249,189,0.0334920847191574,189,1.69314550117149,189,49813485.4317599,189,-0.30582586109169,20729
"191",190,-0.676975202387962,190,0.00121401287275495,190,2382892.83527894,190,0.0299503424165544,190,1.50793928082204,190,49813485.6268314,190,-0.343402982109197,20729
"192",191,0.43886629440787,191,0.00136541753332963,191,2382892.82965959,191,0.0267615885654309,191,1.34300521916884,191,49813485.8005736,191,-0.310310693331906,20729
"193",192,0.530185681501484,192,0.00104122675082853,192,2382892.8244707,192,0.0240568317314468,192,1.1961410812703,192,49813485.9553314,192,-0.273198801390141,20729
"194",193,0.802953640154924,193,0.000871293515664558,193,2382892.81962816,193,0.0217799313359093,193,1.06539141814519,193,49813486.0932005,193,-0.221069702567117,20729
"195",194,-0.878311783207843,194,0.000828196962981234,194,2382892.81530455,194,0.0196562474966228,194,0.94899803669669,194,49813486.2160411,194,-0.275200972220876,20729
"196",195,0.454572388012831,195,0.000715788967677872,195,2382892.81149378,195,0.0176687114419847,195,0.845353926373185,195,49813486.3254836,195,-0.24446601883073,20729
"197",196,-0.667264804375478,196,0.000652134933798102,196,2382892.80810815,196,0.015842628024309,196,0.753057395784137,196,49813486.4229918,196,-0.284436655884246,20729
"198",197,-0.631783111377508,197,0.000606751654030082,197,2382892.80520318,197,0.0140935428389516,197,0.670844539911874,197,49813486.5098587,197,-0.320269020783505,20729
"199",198,-1.80484373145818,198,0.000502000895784247,198,2382892.80279383,198,0.0123839530408062,198,0.597590383356773,198,49813486.5872318,198,-0.426720445526721,20729
"200",199,-0.306481077825859,199,0.000401533931940585,199,2382892.80077645,199,0.0108008755659498,199,0.532293605983503,199,49813486.656129,199,-0.435545522949397,20729
"201",200,0.897869017476234,200,0.000447625600913704,200,2382892.7989337,200,0.00949461470727175,200,0.47409663733928,200,49813486.717475,200,-0.369643309944527,20729
"202",201,-0.489619310769771,201,0.000306016417220956,201,2382892.79725875,201,0.00839029092985731,201,0.422247176026718,201,49813486.7721037,201,-0.392549950081573,20729
"203",202,0.726221840218869,202,0.000330006973502962,202,2382892.79574648,202,0.00744452380204386,202,0.376057822398611,202,49813486.8207511,202,-0.33933364561637,20729
"204",203,2.12956366586767,203,0.000291303736814661,203,2382892.79426375,203,0.00672915303711113,203,0.334926748449368,203,49813486.8640803,203,-0.202139957314287,20729
"205",204,-1.24225775698945,204,0.000283524757716649,204,2382892.7928978,204,0.00609810058120862,204,0.298318197908842,204,49813486.9026859,204,-0.279646428486315,20729
"206",205,0.882154844344332,205,0.000196500910808829,205,2382892.79169172,205,0.00550266149587071,205,0.265724818068498,205,49813486.9370808,205,-0.222316918114301,20729
"207",206,-1.34020641280033,206,0.000217431264693346,206,2382892.79062757,206,0.00494129654049161,206,0.23670506150467,206,49813486.9677261,206,-0.304881842914011,20729
"208",207,-1.16056009961121,207,0.000179924491375042,207,2382892.78974823,207,0.00437225008543761,207,0.210854650692378,207,49813486.9950249,207,-0.372337568941501,20729
"209",208,-0.920236955080471,208,0.000158273700929803,208,2382892.78901096,208,0.00383410681111013,208,0.187818321538039,208,49813487.0193366,208,-0.421677800125272,20729
"210",209,1.320963064812,209,0.000129784148100531,209,2382892.78834237,209,0.00338320105055611,209,0.167288777943505,209,49813487.0409857,209,-0.330351066324704,20729
"211",210,1.31639643355593,210,0.000131935914129969,210,2382892.78769152,210,0.00303758319971016,210,0.149002925239256,210,49813487.060268,210,-0.2437601072806,20729
"212",211,-0.0877225003865105,211,8.95807799328536e-05,211,2382892.78708603,211,0.00274420308968379,211,0.132722733856968,211,49813487.077447,211,-0.248012952776666,20729
"213",212,-0.941897272120486,212,7.16132541370515e-05,212,2382892.78656169,212,0.00245910738063933,212,0.118226603479803,212,49813487.0927526,212,-0.304752801378493,20729
"214",213,0.808855068741791,213,0.000102155986580434,213,2382892.78609524,213,0.00220186290390316,213,0.105315368386327,213,49813487.1063875,213,-0.250720734128915,20729
"215",214,0.591578015769332,214,7.95834032013761e-05,214,2382892.78565943,214,0.00198695281605812,214,0.0938178277094502,214,49813487.1185358,214,-0.212727758663335,20729
"216",215,0.22933731586862,215,7.82805685495099e-05,215,2382892.78525996,215,0.00179813603285223,215,0.083580731160899,215,49813487.1293612,215,-0.198934510309389,20729
"217",216,-1.41106568463832,216,7.39913771935386e-05,216,2382892.78491598,216,0.00161143112743181,216,0.0744646229103065,216,49813487.1390079,216,-0.28701114817061,20729
"218",217,0.705903912938616,217,5.83937285199905e-05,217,2382892.78461599,217,0.00143794104346062,217,0.0663432028811095,217,49813487.1476028,217,-0.240195453557239,20729
"219",218,0.197960864290066,218,5.03986070001663e-05,218,2382892.78434032,218,0.00128977585187588,218,0.0591087622838689,218,49813487.1552611,218,-0.226998217023432,20729
"220",219,-0.527292736106719,219,4.80262971263455e-05,219,2382892.7840967,219,0.00115350489563023,219,0.052664576136206,219,49813487.1620852,219,-0.259185830437664,20729
"221",220,1.72339057476622,220,4.62815426892327e-05,220,2382892.78387109,220,0.00103895872072894,220,0.0469239801840524,220,49813487.1681659,220,-0.150957993503552,20729
"222",221,2.15042653788515,221,3.36073251997337e-05,221,2382892.7836438,221,0.000956608150577496,221,0.041813138453915,221,49813487.1735864,221,-0.0216644542265509,20729
"223",222,1.29940073313104,222,3.54251354093106e-05,222,2382892.78341827,222,0.000894484027096383,222,0.0372660915153789,222,49813487.1784211,222,0.0488232092017886,20729
"224",223,-0.121464036433089,223,3.18991486945682e-05,223,2382892.7832102,223,0.000833558798423567,223,0.0332211612685497,223,49813487.182735,223,0.0282193771131068,20729
"225",224,1.90121597356185,224,2.66697822466378e-05,224,2382892.78301503,224,0.000778414933932427,224,0.0296216372931773,224,49813487.1865849,224,0.133400423932725,20729
"226",225,-0.850746388504593,225,2.70807957928191e-05,225,2382892.78283604,225,0.000723420009385613,225,0.0264186580290411,225,49813487.1900218,225,0.0636819638960195,20729
"227",226,0.0348871139737354,226,3.0361608167314e-05,226,2382892.78268176,226,0.000662172161723297,226,0.0235661339959523,226,49813487.1930899,226,0.0519988329438745,20729
"228",227,0.88065295238832,227,2.60943217597972e-05,227,2382892.78254138,227,0.0006055626344358,227,0.0210244753947819,227,49813487.1958285,227,0.0930611610333376,20729
"229",228,-0.975790344066825,228,2.11996188508491e-05,228,2382892.78241754,228,0.00054956968125447,228,0.0187594050376494,228,49813487.1982734,228,0.0175960534822693,20729
"230",229,0.244754797043708,229,2.25052911893666e-05,229,2382892.78231075,229,0.000494149541481736,229,0.0167394131983889,229,49813487.2004556,229,0.0211073883972048,20729
"231",230,-0.38423186862667,230,2.19739085654284e-05,230,2382892.78221681,230,0.000442449508563159,230,0.0149374695287398,230,49813487.2024032,230,-0.0143549901661305,20729
"232",231,-0.724959972732655,231,1.86793609895667e-05,231,2382892.78213668,231,0.000392713759738384,231,0.0133294351239473,231,49813487.2041411,231,-0.0691075145469292,20729
"233",232,1.53345883827166,232,1.45013617076218e-05,232,2382892.78206414,232,0.000350012947154184,232,0.011894119851917,232,49813487.2056916,232,0.018133121491051,20729
"234",233,-0.607138568691046,233,1.3906804835376e-05,233,2382892.78199809,233,0.000312955745089852,233,0.0106135287688188,233,49813487.2070753,233,-0.0309354125948038,20729
"235",234,-0.786736976264215,234,8.92904408123873e-06,234,2382892.78194225,234,0.000277056776198122,234,0.00947064751307547,234,49813487.20831,234,-0.0886903507298522,20729
"236",235,-1.90699503151526,235,1.00522013598647e-05,235,2382892.78189685,235,0.00024174573267112,235,0.00845012526915174,235,49813487.2094112,235,-0.212737758803749,20729
"237",236,-0.316665783910936,236,8.10998816262927e-06,236,2382892.78185945,236,0.000209140751525956,236,0.00753835933708493,236,49813487.210393,236,-0.232627193768294,20729
"238",237,-0.528819999978812,237,6.83496825416062e-06,237,2382892.78182715,237,0.000180872409433841,237,0.00672383013144074,237,49813487.2112681,237,-0.264634496332251,20729
"239",238,-1.81282097405701,238,4.97330817910868e-06,238,2382892.78180047,238,0.000155298723264878,238,0.00599623471368367,238,49813487.2120479,238,-0.374291368390841,20729
"240",239,0.278029477526843,239,5.76523711599799e-06,239,2382892.7817779,239,0.000133131196469959,239,0.00534625482810502,239,49813487.2127426,239,-0.349614729144516,20729
"241",240,-1.07205163955922,240,4.63239721441102e-06,240,2382892.78175825,240,0.000114339120171244,240,0.00476584967712651,240,49813487.2133615,240,-0.409428680840764,20729
"242",241,-0.403184485545125,241,4.14345300290103e-06,241,2382892.78174152,241,9.80956428346477e-05,241,0.00424767473229901,241,49813487.2139126,241,-0.425062763254683,20729
"243",242,0.705800847144273,242,3.05487819752564e-06,242,2382892.78172643,242,8.48149122294558e-05,242,0.00378522526086752,242,49813487.2144035,242,-0.371520570246288,20729
"244",243,-2.14809249938968,243,2.97043807222438e-06,243,2382892.7817135,243,7.31767625596825e-05,243,0.00337268870426496,243,49813487.2148406,243,-0.496647594730846,20729
"245",244,-0.677214044612211,244,2.44128180499071e-06,244,2382892.78170292,244,6.26720455783031e-05,244,0.00300462836945459,244,49813487.2152297,244,-0.524932964466059,20729
"246",245,-0.75465029187262,245,2.37293817846487e-06,245,2382892.78169383,245,5.36949947818517e-05,245,0.00267629772394425,245,49813487.2155761,245,-0.556615916574871,20729
"247",246,-1.60805520849991,246,2.10529693677248e-06,246,2382892.78168623,246,4.58333488355088e-05,246,0.00238346273797813,246,49813487.2158844,246,-0.639400597033511,20729
"248",247,0.315775647955598,247,1.60344674195656e-06,247,2382892.78167966,247,3.92136413014084e-05,247,0.00212231993547391,247,49813487.2161587,247,-0.599465850586674,20729
"249",248,-0.579381937479081,248,1.46669824314762e-06,248,2382892.78167378,248,3.3769113159107e-05,248,0.0018895386037965,248,49813487.2164028,248,-0.616701409264427,20729
"250",249,0.328786422872647,249,1.05167642665844e-06,249,2382892.78166851,249,2.92620156837622e-05,249,0.00168210342758904,249,49813487.21662,249,-0.577071074825274,20729
"251",250,-0.764375461834856,250,1.08735769673127e-06,250,2382892.7816638,250,2.54633822381498e-05,250,0.00149731658390716,250,49813487.2168133,250,-0.606811171348267,20729
"252",251,-0.854850662627746,251,8.93994328266849e-07,251,2382892.78165976,251,2.21137623792234e-05,251,0.00133272248673562,251,49813487.2169853,251,-0.640682281153928,20729
"253",252,0.561765263543474,252,7.0062964611e-07,252,2382892.78165614,252,1.93080324697034e-05,252,0.0011861304913814,252,49813487.2171383,252,-0.585509818811536,20729
"254",253,-0.569163681525956,253,5.97810913889681e-07,253,2382892.78165286,253,1.6953129157812e-05,253,0.00105561055015698,253,49813487.2172745,253,-0.602795652478149,20729
"255",254,0.885398600225289,254,6.13261864717268e-07,254,2382892.78164987,254,1.49911396769563e-05,254,0.00093941877889529,254,49813487.2173956,254,-0.529505860099302,20729
"256",255,0.597720538073583,255,4.56687154756705e-07,255,2382892.78164703,255,1.34174015357711e-05,255,0.000836016637620256,255,49813487.2175035,255,-0.477537438997829,20729
"257",256,-0.220564883043375,256,4.86328377660861e-07,256,2382892.78164444,256,1.20523128666795e-05,256,0.000744016186987529,256,49813487.2175994,256,-0.478583934667227,20729
"258",257,-0.658799006170341,257,4.3754669122048e-07,257,2382892.78164216,257,1.07801434648396e-05,257,0.000662156183783098,257,49813487.2176848,257,-0.506614247670716,20729
"259",258,-0.841908952861192,258,3.69939683738571e-07,258,2382892.7816402,258,9.57729052605179e-06,258,0.000589305990772249,258,49813487.2177608,258,-0.544573639241092,20729
"260",259,-0.721519003736754,259,3.73296631491397e-07,259,2382892.78163851,259,8.46154622870963e-06,259,0.000524462641519747,259,49813487.2178285,259,-0.573254820642429,20729
"261",260,1.53249181297008,260,3.31404471151663e-07,260,2382892.78163695,260,7.54327258182788e-06,260,0.000466746754710519,260,49813487.2178887,260,-0.461486287102565,20729
"262",261,-0.769370071541522,261,2.76838160812367e-07,261,2382892.7816355,261,6.76593842837754e-06,261,0.000415392175495085,261,49813487.2179423,261,-0.497171639785033,20729
"263",262,0.387100316038917,262,2.26126164222514e-07,262,2382892.78163421,262,6.06363356309771e-06,262,0.000369695348183362,262,49813487.21799,262,-0.459773431184304,20729
"264",263,-2.46455904617847,263,2.05128791133135e-07,263,2382892.78163311,263,5.37579687210869e-06,263,0.00032903016590583,263,49813487.2180324,263,-0.60011927320966,20729
"265",264,-1.89700495485872,264,1.71454027748943e-07,264,2382892.78163225,264,4.67448393180688e-06,264,0.000292824090314123,264,49813487.2180702,264,-0.698607706735626,20729
"266",265,0.308728191254529,265,1.59136952715727e-07,265,2382892.78163151,265,4.06090223666339e-06,265,0.00026058073652809,265,49813487.2181038,265,-0.656220156237207,20729
"267",266,0.391032381190602,266,1.32417566984251e-07,266,2382892.78163082,266,3.56526464674428e-06,266,0.000231874194440728,266,49813487.2181337,266,-0.610822489300106,20729
"268",267,1.06949334729939,267,1.16691688504045e-07,267,2382892.78163017,267,3.172567040956e-06,267,0.000206325477410847,267,49813487.2181603,267,-0.525784337676774,20729
"269",268,-1.77355625335496,268,1.0624066861768e-07,268,2382892.78162959,268,2.81910852083631e-06,268,0.000183593063575454,268,49813487.2181839,268,-0.620282524094478,20729
"270",269,-0.416190151013955,269,8.42024732105894e-08,269,2382892.7816291,269,2.48422895749815e-06,269,0.000163361695991523,269,49813487.218205,269,-0.626435468666256,20729
"271",270,-0.103893311673247,270,1.12589098228301e-07,270,2382892.78162867,270,2.19379166558141e-06,270,0.000145355822270933,270,49813487.2182237,270,-0.613022601416469,20729
"272",271,-2.28074334539414,271,7.07242379758263e-08,271,2382892.7816283,271,1.92122664922376e-06,271,0.00012933076344228,271,49813487.2182404,271,-0.734554722064501,20729
"273",272,2.02372953809626,272,6.66939850584491e-08,272,2382892.78162797,272,1.69194208667036e-06,272,0.000115066566355894,272,49813487.2182552,272,-0.584614828660539,20729
"274",273,1.48554064392674,273,6.51322706112726e-08,273,2382892.78162763,273,1.52739651959756e-06,273,0.000102376486910514,273,49813487.2182684,273,-0.475188699243394,20729
"275",274,0.178022144390758,274,7.10589570482002e-08,274,2382892.78162731,274,1.39284556931086e-06,274,9.10917096411753e-05,274,49813487.2182801,274,-0.451760735517158,20729
"276",275,-1.09210433319776,275,5.07645684165484e-08,275,2382892.78162703,275,1.26047729726059e-06,275,8.10562780157366e-05,275,49813487.2182905,275,-0.507830027284255,20729
"277",276,0.791793653500322,276,5.164298336347e-08,276,2382892.78162678,276,1.13872461811011e-06,276,7.21295405918846e-05,276,49813487.2182999,276,-0.444946293272514,20729
"278",277,0.770061298621243,277,3.82491079290486e-08,277,2382892.78162654,277,1.03834417042597e-06,277,6.41899500020502e-05,277,49813487.2183081,277,-0.386470113608444,20729
"279",278,0.412985658159254,278,3.98552553666008e-08,278,2382892.78162632,278,9.51514107490951e-07,278,5.71293538299946e-05,278,49813487.2183155,278,-0.35287400390573,20729
"280",279,0.326135107480482,279,3.64836750385089e-08,279,2382892.78162612,279,8.72829439585302e-07,279,5.08504397894967e-05,279,49813487.2183221,279,-0.326274244388268,20729
"281",280,-2.17378521717195,280,2.97505847428468e-08,280,2382892.78162594,280,7.88227608477741e-07,280,4.52654519515975e-05,280,49813487.2183279,280,-0.455192953220217,20729
"282",281,0.569210804059095,281,2.51276845169385e-08,281,2382892.78162579,281,7.05071242872717e-07,281,4.02947709753975e-05,281,49813487.2183331,281,-0.40860759328796,20729
"283",282,2.03165022362517,282,2.58821249398287e-08,282,2382892.78162565,282,6.41442473058023e-07,282,3.58714273671866e-05,282,49813487.2183378,282,-0.27407569802037,20729
"284",283,-0.679548121260215,283,2.74350876947288e-08,283,2382892.78162551,283,5.86530989262569e-07,283,3.19367938447486e-05,283,49813487.2183419,283,-0.313360017224488,20729
"285",284,-1.32653483268152,284,1.78760188965676e-08,284,2382892.7816254,284,5.27866694171517e-07,284,2.84357200433307e-05,284,49813487.2183456,284,-0.390641312000259,20729
"286",285,0.702919898124538,285,1.57960383533768e-08,285,2382892.7816253,285,4.73324010762405e-07,285,2.5319072548147e-05,285,49813487.2183488,285,-0.338955599952728,20729
"287",286,0.377751368408356,286,1.83807785323566e-08,286,2382892.7816252,286,4.27146494640479e-07,286,2.25449210821753e-05,286,49813487.2183517,286,-0.309850419184645,20729
"288",287,0.0429120781197372,287,1.44808247441386e-08,287,2382892.78162512,287,3.85947410363665e-07,287,2.00758215089288e-05,287,49813487.2183543,287,-0.302821097681626,20729
"289",288,1.44283114306972,288,1.31549504219411e-08,288,2382892.78162504,288,3.51442643563079e-07,288,1.78783048512978e-05,288,49813487.2183566,288,-0.209772978262096,20729
"290",289,-1.06585679505608,289,1.2369830486854e-08,289,2382892.78162497,289,3.19503263314022e-07,289,1.59228493789671e-05,289,49813487.2183587,289,-0.276024929800501,20729
"291",290,-0.416768242056576,290,1.33406318772296e-08,290,2382892.7816249,290,2.87068921802423e-07,290,1.41820479004216e-05,290,49813487.2183605,290,-0.299003177689463,20729
"292",291,-0.158838464211677,291,1.05629786294539e-08,291,2382892.78162485,291,2.56901098595076e-07,291,1.26318890577085e-05,291,49813487.2183622,291,-0.304948961950862,20729
"293",292,0.191594750837697,292,9.98423666670274e-09,292,2382892.7816248,292,2.2996685268922e-07,292,1.12513745381938e-05,292,49813487.2183636,292,-0.28898638795099,20729
"294",293,-0.698232171561361,293,7.88157550305031e-09,293,2382892.78162476,293,2.05218638111965e-07,293,1.00219096875948e-05,293,49813487.2183649,293,-0.328696131511141,20729
"295",294,-0.163522272092722,294,9.37502908465392e-09,294,2382892.78162472,294,1.82368789958682e-07,294,8.92675957061537e-06,294,49813487.2183661,294,-0.333482719523344,20729
"296",295,0.339476804161732,295,6.36903567804806e-09,295,2382892.78162469,295,1.6245191390416e-07,295,7.9512305757243e-06,295,49813487.2183671,295,-0.30700562895625,20729
"297",296,-0.496220917467976,296,6.46191420219309e-09,296,2382892.78162466,296,1.44685432901806e-07,296,7.08233349069278e-06,296,49813487.218368,296,-0.333374400792937,20729
"298",297,-1.34552233773289,297,4.82676981060337e-09,297,2382892.78162463,297,1.27674034078725e-07,297,6.30828347159173e-06,297,49813487.2183689,297,-0.410850930111109,20729
"299",298,0.775919951633205,298,5.10594464746578e-09,298,2382892.78162461,298,1.12660482009582e-07,298,5.61857179869641e-06,298,49813487.2183696,298,-0.353676178016505,20729
"300",299,0.202478944827369,299,4.20550469076058e-09,299,2382892.78162459,299,1.00202085983779e-07,299,5.0041755134154e-06,299,49813487.2183702,299,-0.334665698990975,20729
"301",300,-0.501751292224881,300,3.65813223254222e-09,300,2382892.78162457,300,8.90767309896004e-08,300,4.45694764263827e-06,300,49813487.2183708,300,-0.360026644570899,20729
"302",301,-0.979446272436412,301,2.8445370543064e-09,301,2382892.78162456,301,7.8655070751688e-08,301,3.9694838166646e-06,301,49813487.2183713,301,-0.413619935400575,20729
"303",302,-1.90226555993144,302,3.11962284416554e-09,302,2382892.78162454,302,6.85950754462708e-08,302,3.53513649587469e-06,302,49813487.2183718,302,-0.521528577800391,20729
"304",303,1.01254879859914,303,2.13365080338526e-09,303,2382892.78162453,303,5.9872591472283e-08,303,3.14803264618601e-06,303,49813487.2183722,303,-0.44435827575381,20729
"305",304,1.4606060203861,304,2.10970040895581e-09,304,2382892.78162452,304,5.32170048543751e-08,304,2.80319741465382e-06,304,49813487.2183726,304,-0.343310766867571,20729
"306",305,-0.42168944591783,305,1.67227557154653e-09,305,2382892.78162451,305,4.76412810060236e-08,305,2.49617172216412e-06,305,49813487.2183729,305,-0.363311037059126,20729
"307",306,0.694817639461876,306,1.74163404652693e-09,306,2382892.7816245,306,4.27431669663534e-08,306,2.22281825724357e-06,306,49813487.2183732,306,-0.313458070115333,20729
"308",307,-0.694476643868876,307,1.48592786522998e-09,307,2382892.7816245,307,3.83336109252574e-08,307,1.97946622502795e-06,307,49813487.2183734,307,-0.351742635526186,20729
"309",308,1.54185133926131,308,1.24060025189869e-09,308,2382892.78162449,308,3.45645244900101e-08,308,1.76280681391751e-06,308,49813487.2183736,308,-0.250199985210866,20729
"310",309,-1.00306262431459,309,1.29115142028339e-09,309,2382892.78162448,309,3.120800096543e-08,309,1.56995948690049e-06,309,49813487.2183738,309,-0.310606488425375,20729
"311",310,-0.392538730923982,310,1.30771323837825e-09,310,2382892.78162447,310,2.79093442396256e-08,310,1.39825379310845e-06,310,49813487.218374,310,-0.33040344465197,20729
"312",311,1.02449041865516,311,9.16902739887604e-10,311,2382892.78162447,311,2.50647964024392e-08,311,1.24535121893062e-06,311,49813487.2183742,311,-0.261817741351707,20729
"313",312,1.14592343342671,312,7.45104014592743e-10,312,2382892.78162446,312,2.27884979831501e-08,312,1.10923375700805e-06,312,49813487.2183743,312,-0.189085746184448,20729
"314",313,-0.0979561112956757,313,8.57834913891525e-10,313,2382892.78162446,313,2.0776474710944e-08,313,9.88088967967367e-07,313,49813487.2183744,313,-0.196636407629575,20729
"315",314,-0.348598626085209,314,7.58370742214961e-10,314,2382892.78162446,314,1.88136778218574e-08,314,8.80248607726791e-07,314,49813487.2183746,314,-0.219281065798744,20729
"316",315,0.478901431185275,315,7.31840923011151e-10,315,2382892.78162445,315,1.70064452498842e-08,315,7.84226469292855e-07,315,49813487.2183747,315,-0.189772489008408,20729
"317",316,-1.37157830221811,316,7.01597979803183e-10,316,2382892.78162445,316,1.52509840536273e-08,316,6.98716330585431e-07,316,49813487.2183748,316,-0.275859969947008,20729
"318",317,1.68235055586271,317,5.3709697901671e-10,317,2382892.78162445,317,1.36983261177604e-08,317,6.22540965541772e-07,317,49813487.2183748,317,-0.169350702441857,20729
"319",318,-0.682059215143655,318,4.09425972561558e-10,318,2382892.78162444,318,1.23535601895483e-08,318,5.5470144244031e-07,318,49813487.2183749,318,-0.213897430322449,20729
"320",319,-0.695582883790673,319,4.30940316820461e-10,319,2382892.78162444,319,1.10296092085059e-08,319,4.94269480032305e-07,319,49813487.218375,319,-0.257105869753622,20729
"321",320,-0.238635855006973,320,3.82272992469088e-10,320,2382892.78162444,320,9.79578891448269e-09,320,4.40418873608299e-07,320,49813487.218375,320,-0.270017745875615,20729
"322",321,-1.52084826099956,321,3.75074435436355e-10,321,2382892.78162444,321,8.62372751723567e-09,321,3.92423830566224e-07,321,49813487.2183751,321,-0.361400148858126,20729
"323",322,0.398127636053388,322,3.16937970139119e-10,322,2382892.78162444,322,7.56850248070103e-09,322,3.49635313444626e-07,322,49813487.2183751,322,-0.329943313646702,20729
"324",323,0.546840994819166,323,3.22504923311325e-10,323,2382892.78162444,323,6.69701114576582e-09,323,3.11497451316509e-07,323,49813487.2183752,323,-0.290846453940931,20729
"325",324,-0.589432578158554,324,2.57243379849332e-10,324,2382892.78162443,324,5.93358494186229e-09,324,2.77513645160954e-07,324,49813487.2183752,324,-0.323753586312243,20729
"326",325,1.05459235892962,325,1.97430413860229e-10,325,2382892.78162443,325,5.28072103340336e-09,325,2.47232251186467e-07,325,49813487.2183752,325,-0.253635198506746,20729
"327",326,0.833846048929329,326,2.14148996554257e-10,326,2382892.78162443,326,4.75383401393718e-09,326,2.20259864750838e-07,326,49813487.2183753,326,-0.200554461569035,20729
"328",327,0.462258224279363,327,1.60997412664181e-10,327,2382892.78162443,327,4.30527595437082e-09,327,1.96241885746852e-07,327,49813487.2183753,327,-0.17298591876793,20729
"329",328,-0.382662521094671,328,1.52973659958749e-10,328,2382892.78162443,328,3.88887769545569e-09,328,1.74855117997015e-07,328,49813487.2183753,328,-0.198885441508584,20729
"330",329,0.642948189806558,329,1.36929027722798e-10,329,2382892.78162443,329,3.51030889846927e-09,329,1.55807536080753e-07,329,49813487.2183753,329,-0.160251454441792,20729
"331",330,1.05760791008475,330,1.14027320921002e-10,330,2382892.78162443,330,3.19373292644159e-09,330,1.38845220087385e-07,330,49813487.2183753,330,-0.0979211288535476,20729
"332",331,-0.112663185278156,331,1.14942161687414e-10,331,2382892.78162443,331,2.90942255312681e-09,331,1.2374247970643e-07,331,49813487.2183754,331,-0.110825226907284,20729
"333",332,1.78032795770003,332,9.3616109804206e-11,332,2382892.78162443,332,2.66688184657651e-09,332,1.10294403535782e-07,332,49813487.2183754,332,-0.00632052967047105,20729
"334",333,-0.896779151458507,333,9.58718823627651e-11,333,2382892.78162443,333,2.4413886801754e-09,333,9.83223063378102e-08,333,49813487.2183754,333,-0.0720644999038415,20729
"335",334,-0.820542464963296,334,6.56901995418008e-11,334,2382892.78162442,334,2.19872864491819e-09,334,8.76574791309881e-08,334,49813487.2183754,334,-0.129899024270182,20729
"336",335,-0.101391009367411,335,8.13720903966278e-11,335,2382892.78162442,335,1.96483124475097e-09,335,7.8151511648107e-08,335,49813487.2183754,335,-0.140548156512574,20729
"337",336,-0.992753061468046,336,7.76536387348291e-11,336,2382892.78162442,336,1.74302363221948e-09,336,6.96762140465982e-08,336,49813487.2183754,336,-0.205666440940415,20729
"338",337,0.920116765101551,337,6.68935903010667e-11,337,2382892.78162442,337,1.54667022818346e-09,337,6.21179280829839e-08,337,49813487.2183754,337,-0.149603089493143,20729
"339",338,0.748575625624572,338,4.65871107982842e-11,338,2382892.78162442,338,1.38568467804908e-09,338,5.53796607787546e-08,338,49813487.2183755,338,-0.106856428136185,20729
"340",339,-0.535725684893457,339,5.09176106704649e-11,339,2382892.78162442,339,1.24070644134677e-09,339,4.93738011522988e-08,339,49813487.2183755,339,-0.145423657922357,20729
"341",340,-0.72478650769935,340,4.41940635815053e-11,340,2382892.78162442,340,1.10144988802375e-09,340,4.40192748089872e-08,340,49813487.2183755,340,-0.19377318695234,20729
"342",341,-0.361645109238089,341,3.48222265081444e-11,341,2382892.78162442,341,9.72307629367213e-10,341,3.9243958742584e-08,341,49813487.2183755,341,-0.217362329314411,20729
"343",342,-0.341705407125045,342,3.44241214354958e-11,342,2382892.78162442,342,8.56173519822058e-10,342,3.49847452955021e-08,342,49813487.2183755,342,-0.238570926672174,20729
"344",343,1.30130489715876,343,3.57975577345085e-11,343,2382892.78162442,343,7.59428705508578e-10,343,3.11862351368289e-08,343,49813487.2183755,343,-0.157387141269101,20729
"345",344,1.67666083610406,344,2.89278272289112e-11,344,2382892.78162442,344,6.85568180158375e-10,344,2.78006436386748e-08,344,49813487.2183755,344,-0.057006862984199,20729
"346",345,0.498824747679699,345,2.61678402289018e-11,345,2382892.78162442,345,6.24971262084214e-10,345,2.47849132028458e-08,345,49813487.2183755,345,-0.0341834141359895,20729
"347",346,-0.0858035971190574,346,2.33251676720019e-11,346,2382892.78162442,346,5.68122805804532e-10,346,2.20987081589972e-08,346,49813487.2183755,346,-0.0485390573592689,20729
"348",347,-0.902632927491239,347,1.79935221807813e-11,347,2382892.78162442,347,5.10947307936283e-10,347,1.97051143667066e-08,347,49813487.2183755,347,-0.112585127759963,20729
"349",348,-1.6967525201941,348,2.06076889690179e-11,348,2382892.78162442,348,4.51720098924678e-10,348,1.7570816030008e-08,348,49813487.2183755,348,-0.222497220969792,20729
"350",349,-0.262417517130248,349,1.77211771331649e-11,349,2382892.78162442,349,3.95627440781006e-10,349,1.56664960501966e-08,349,49813487.2183755,349,-0.238564081954685,20729
"351",350,0.249465798438189,350,1.50201432458117e-11,350,2382892.78162442,350,3.47366257814391e-10,350,1.39673626536938e-08,350,49813487.2183755,350,-0.222269046342379,20729
"352",351,1.83425077542667,351,1.3196266845956e-11,351,2382892.78162442,351,3.09234017640778e-10,351,1.24519030587651e-08,351,49813487.2183755,351,-0.109002647706066,20729
"353",352,0.345244948057365,352,9.42234698165299e-12,352,2382892.78162442,352,2.78548136808693e-10,352,1.11012126617882e-08,352,49813487.2183755,352,-0.0931177398601078,20729
"354",353,-0.981364123661439,353,1.15058675084479e-11,353,2382892.78162442,353,2.4926924270817e-10,353,9.89744746748551e-09,353,49813487.2183755,353,-0.159846644378383,20729
"355",354,0.0259626968427646,354,8.36945044678377e-12,354,2382892.78162442,354,2.21608510219894e-10,354,8.82417987069718e-09,354,49813487.2183755,354,-0.161178707915061,20729
"356",355,2.01307931427701,355,1.03933180172856e-11,355,2382892.78162442,355,1.99392012875287e-10,355,7.86734408173229e-09,355,49813487.2183755,355,-0.0398597090726574,20729
"357",356,0.429103619225072,356,6.56456409704386e-12,356,2382892.78162442,356,1.81502544975211e-10,356,7.0148622956886e-09,356,49813487.2183755,356,-0.0221736638066448,20729
"358",357,0.636323027174432,357,6.2391349727617e-12,357,2382892.78162442,357,1.65465794266658e-10,357,6.25543877114347e-09,357,49813487.2183755,357,0.00743327915987019,20729
"359",358,-1.15991600701918,358,5.41658114887272e-12,358,2382892.78162442,358,1.49496704807147e-10,358,5.57880056030932e-09,358,49813487.2183755,358,-0.075214500420592,20729
"360",359,0.0784954617355832,359,6.83247788659113e-12,359,2382892.78162442,359,1.33758659999184e-10,359,4.97552679997271e-09,359,49813487.2183755,359,-0.0774333528949076,20729
"361",360,-0.822626212273145,360,4.20952950329197e-12,360,2382892.78162442,360,1.18953125503269e-10,360,4.43751263642776e-09,360,49813487.2183755,360,-0.135134582503555,20729
"362",361,-0.186422956089299,361,3.94468007646945e-12,361,2382892.78162442,361,1.05154533825892e-10,361,3.95753489030704e-09,361,49813487.2183755,361,-0.150774031702903,20729
"363",362,-0.834467296536212,362,3.08875089308113e-12,362,2382892.78162442,362,9.24953933935857e-11,362,3.52927195838547e-09,362,49813487.2183755,362,-0.205628875965547,20729
"364",363,0.644647950007276,363,3.39055156188758e-12,363,2382892.78162442,363,8.14229890432083e-11,363,3.1471099117616e-09,363,49813487.2183755,363,-0.166561148773313,20729
"365",364,-1.87912946121104,364,2.71242190326073e-12,364,2382892.78162442,364,7.12940210047902e-11,364,2.80613805100174e-09,364,49813487.2183755,364,-0.285091714024339,20729
"366",365,-0.626418693460257,365,2.51715292511279e-12,365,2382892.78162442,365,6.18056149190437e-11,365,2.50179819341949e-09,365,49813487.2183755,365,-0.320561198064441,20729
"367",366,-0.0771764738291251,366,1.9727429622352e-12,366,2382892.78162442,366,5.3624956399333e-11,366,2.2301566159463e-09,366,49813487.2183755,366,-0.320417821235685,20729
"368",367,-0.558074117380764,367,1.82591721845508e-12,367,2382892.78162442,367,4.65756111076105e-11,367,1.98776061669172e-09,367,49813487.2183755,367,-0.349948223819162,20729
"369",368,-1.34451668077393,368,1.69014891073279e-12,368,2382892.78162442,368,4.02457559821514e-11,368,1.77148024251996e-09,368,49813487.2183755,368,-0.426554398848298,20729
"370",369,-0.0630880635784709,369,1.43790048220596e-12,369,2382892.78162442,369,3.47286074048392e-11,369,1.57849834680479e-09,369,49813487.2183755,369,-0.420372552515231,20729
"371",370,-0.361444780619078,370,1.29020043319828e-12,370,2382892.78162442,370,3.0073455135879e-11,370,1.4063538486725e-09,370,49813487.2183755,370,-0.432897955292006,20729
"372",371,-0.793907727249491,371,1.08914608571679e-12,371,2382892.78162442,371,2.6031820621142e-11,371,1.25283146360767e-09,371,49813487.2183755,371,-0.471491316096588,20729
"373",372,-0.424696710643488,372,8.36989144889172e-13,372,2382892.78162442,372,2.25258346126344e-11,372,1.11593275647146e-09,372,49813487.2183755,372,-0.485425666752745,20729
"374",373,-0.143791030396696,373,7.51112071242056e-13,373,2382892.78162442,373,1.95514448733939e-11,373,9.93882387177019e-10,373,49813487.2183755,373,-0.481351236334266,20729
"375",374,1.05902711451069,374,7.06450774912276e-13,374,2382892.78162442,374,1.71476377780923e-11,374,8.85105569815981e-10,374,49813487.2183755,374,-0.40327313858825,20729
"376",375,-0.179787214773535,375,5.7910584078471e-13,375,2382892.78162442,375,1.51657327530601e-11,375,7.88204116259684e-10,375,49813487.2183755,375,-0.405425954583335,20729
"377",376,0.596096000112605,376,5.24135942413613e-13,376,2382892.78162442,376,1.34805318108445e-11,376,7.01897772995082e-10,376,49813487.2183755,376,-0.359609200209863,20729
"378",377,-1.22512805860288,377,4.17179817809099e-13,377,2382892.78162442,377,1.19573153037636e-11,377,6.25039213550153e-10,377,49813487.2183755,377,-0.428379067333374,20729
"379",378,0.642905066114804,378,4.12957380113644e-13,378,2382892.78162442,378,1.05984500328112e-11,378,5.56583562086998e-10,378,49813487.2183755,378,-0.378555204625729,20729
"380",379,0.760444994546882,379,3.78519525244801e-13,379,2382892.78162442,379,9.48973616662367e-12,379,4.95626176113923e-10,379,49813487.2183755,379,-0.323910190514086,20729
"381",380,0.263262902096282,380,3.27618880047309e-13,380,2382892.78162442,380,8.54913843859418e-12,380,4.41360423808043e-10,380,49813487.2183755,380,-0.302601626777277,20729
"382",381,0.495656280624643,381,3.11754942440958e-13,381,2382892.78162442,381,7.72914667267189e-12,381,3.93056220533521e-10,381,49813487.2183755,381,-0.267995844345204,20729
"383",382,-0.853237686082769,382,3.1238084429656e-13,382,2382892.78162442,382,6.95864918221815e-12,382,3.50058379973728e-10,382,49813487.2183755,382,-0.318291667044249,20729
"384",383,-0.433941664009655,383,2.83215486072637e-13,383,2382892.78162442,383,6.21308461154326e-12,383,3.11771698570082e-10,383,49813487.2183755,383,-0.340267977821285,20729
"385",384,0.193179582358956,384,2.49952547982749e-13,384,2382892.78162442,384,5.54389088080967e-12,384,2.77674193352791e-10,384,49813487.2183755,384,-0.322485106176373,20729
"386",385,-0.0034598330456304,385,2.01402799709833e-13,385,2382892.78162442,385,4.95535278090486e-12,385,2.47308752328748e-10,385,49813487.2183755,385,-0.317700287297408,20729
"387",386,-0.305742936753643,386,1.65685928284198e-13,386,2382892.78162442,386,4.42285515406797e-12,386,2.20266737124318e-10,386,49813487.2183755,386,-0.331796804214838,20729
"388",387,0.402080953242846,387,1.56901570300716e-13,387,2382892.78162442,387,3.9527307002445e-12,387,1.96183246794346e-10,387,49813487.2183755,387,-0.301539859253102,20729
"389",388,0.37526859316019,388,1.5048053247601e-13,388,2382892.78162442,388,3.54949474736735e-12,388,1.74737152753076e-10,388,49813487.2183755,388,-0.2744126291473,20729
"390",389,-0.0942865115605343,389,1.33465124352015e-13,389,2382892.78162442,389,3.19017183916757e-12,389,1.55641236171237e-10,389,49813487.2183755,389,-0.277575470276339,20729
"391",390,-0.496951763391273,390,1.07859166028563e-13,390,2382892.78162442,390,2.85477937610104e-12,390,1.38636254076393e-10,390,49813487.2183755,390,-0.305424654063517,20729
"392",391,1.53071162027162,391,1.0187843570256e-13,391,2382892.78162442,391,2.57102441489348e-12,391,1.23492112604748e-10,391,49813487.2183755,391,-0.2068281724678,20729
"393",392,-0.53713379280268,392,1.1230000187091e-13,392,2382892.78162442,392,2.32463871080148e-12,392,1.10009275250446e-10,392,49813487.2183755,392,-0.240606589651148,20729
"394",393,0.823804090588593,393,9.16390943500235e-14,393,2382892.78162442,393,2.1011954379878e-12,393,9.80039454384477e-11,393,49813487.2183755,393,-0.188780758271885,20729
"395",394,-1.24196800611191,394,7.34880230616876e-14,394,2382892.78162442,394,1.88939409969131e-12,394,8.73140110839553e-11,394,49813487.2183755,394,-0.26692089039629,20729
"396",395,-0.275700958722967,395,7.11217910605752e-14,395,2382892.78162442,395,1.68237757436764e-12,395,7.77911373824498e-11,395,49813487.2183755,395,-0.281640644850772,20729
"397",396,-0.112142615550869,396,5.80082868088359e-14,396,2382892.78162442,396,1.49571282830036e-12,396,6.93064116680528e-11,396,49813487.2183755,396,-0.285552522399538,20729
"398",397,1.08975488484386,397,5.34432266323394e-14,397,2382892.78162442,397,1.33861037636968e-12,397,6.17471338580811e-11,397,49813487.2183755,397,-0.215128030757937,20729
"399",398,-0.807090222379962,398,4.89764110048102e-14,398,2382892.78162442,398,1.19895483227996e-12,398,5.50140036685413e-11,398,49813487.2183755,398,-0.265155389790798,20729
"400",399,-0.688349579008131,399,4.06802691041237e-14,399,2382892.78162442,399,1.0643013347747e-12,399,4.90151807654768e-11,399,49813487.2183755,399,-0.305417723345485,20729
"401",400,0.363848955616167,400,3.78648164984422e-14,400,2382892.78162442,400,9.44322858162346e-13,400,4.36695352258284e-11,400,49813487.2183755,400,-0.278805850035941,20729
"402",401,0.0803165824915562,401,3.00068172289151e-14,401,2382892.78162442,401,8.4090681331059e-13,401,3.89065604469297e-11,401,49813487.2183755,401,-0.270983089700517,20729
"403",402,1.30973318325955,402,3.30332437824159e-14,402,2382892.78162442,402,7.55400230131135e-13,402,3.46634827697945e-11,402,49813487.2183755,402,-0.187698599816635,20729
"404",403,0.0876081334601709,403,3.30299348285293e-14,403,2382892.78162442,403,6.83144838437125e-13,403,3.08849025489897e-11,403,49813487.2183755,403,-0.18386937342776,20729
"405",404,-0.723614799303309,404,2.73585532541073e-14,404,2382892.78162442,404,6.13780664894724e-13,404,2.7519716573105e-11,404,49813487.2183755,404,-0.230271599622462,20729
"406",405,0.0161666809161911,405,2.23682440909054e-14,405,2382892.78162442,405,5.48551950955132e-13,405,2.45217159018153e-11,405,49813487.2183755,405,-0.228773318162363,20729
"407",406,0.589797761504114,406,1.88141978952052e-14,406,2382892.78162442,406,4.91834237809536e-13,406,2.18507124959991e-11,406,49813487.2183755,406,-0.191960555448319,20729
"408",407,-0.70223651909298,407,1.67102514154724e-14,407,2382892.78162442,407,4.4013309704385e-13,407,1.94712195844914e-11,407,49813487.2183755,407,-0.236649334552472,20729
"409",408,-0.957728430666657,408,1.58350545128682e-14,408,2382892.78162442,408,3.8997238421436e-13,408,1.73507938161693e-11,408,49813487.2183755,408,-0.294920024466529,20729
"410",409,1.36616470830964,409,1.41372483776106e-14,409,2382892.78162442,409,3.46896177561644e-13,409,1.54608647918465e-11,409,49813487.2183755,409,-0.206986830958746,20729
"411",410,0.133119788732684,410,1.19616526232349e-14,410,2382892.78162442,410,3.11270513874303e-13,410,1.37770455625351e-11,410,49813487.2183755,410,-0.199409272454687,20729
"412",411,-0.181208268391414,411,1.01930620104611e-14,411,2382892.78162442,411,2.78872270999392e-13,411,1.22769672350193e-11,411,49813487.2183755,411,-0.211592311729188,20729
"413",412,-1.06738495349912,412,9.35208411573671e-15,412,2382892.78162442,412,2.47835750520089e-13,412,1.0940324299366e-11,412,49813487.2183755,412,-0.277849806094838,20729
"414",413,-0.571120747624645,413,1.03266820340888e-14,413,2382892.78162442,413,2.18460178312446e-13,413,9.74887797111602e-12,413,49813487.2183755,413,-0.310261127579087,20729
"415",414,-0.354669554290096,414,8.49111278061102e-15,414,2382892.78162442,414,1.92046401504609e-13,414,8.68670057382616e-12,414,49813487.2183755,414,-0.327738761113777,20729
"416",415,-0.41802455151572,415,6.02898853111311e-15,415,2382892.78162442,415,1.68598087521958e-13,415,7.73976822193413e-12,415,49813487.2183755,415,-0.348272398025734,20729
"417",416,1.38102422100989,416,6.15792303485229e-15,416,2382892.78162442,416,1.49286411251525e-13,416,6.8956948706714e-12,416,49813487.2183755,416,-0.256820488747263,20729
"418",417,-1.82117968830321,417,5.87288034621077e-15,417,2382892.78162442,417,1.32004555941321e-13,417,6.14357553836014e-12,417,49813487.2183755,417,-0.367374107197414,20729
"419",418,0.211114916214595,418,5.17652000142221e-15,418,2382892.78162442,418,1.15981819552203e-13,418,5.4731891310281e-12,418,49813487.2183755,418,-0.347162815429366,20729
"420",419,-0.0119505747361484,419,3.70353107783722e-15,419,2382892.78162442,419,1.02321246919788e-13,419,4.87571701100965e-12,419,49813487.2183755,419,-0.341698248078464,20729
"421",420,-1.22579949073079,420,3.69261014919277e-15,420,2382892.78162442,420,8.98825596500532e-14,420,4.34327116544342e-12,420,49813487.2183755,420,-0.411383063568944,20729
"422",421,0.490214368628592,421,3.86294710279297e-15,421,2382892.78162442,421,7.89333888108692e-14,421,3.86871811838957e-12,421,49813487.2183755,421,-0.371807661917958,20729
"423",422,1.14526126385421,422,2.57971234861611e-15,422,2382892.78162442,422,7.01826605505782e-14,422,3.44589587645215e-12,422,49813487.2183755,422,-0.293752244674524,20729
"424",423,-0.0103490990469691,423,2.58162596708346e-15,423,2382892.78162442,423,6.28622765181377e-14,423,3.06932536777564e-12,423,49813487.2183755,423,-0.290793745801529,20729
"425",424,-1.15530781805749,424,2.40589498259552e-15,424,2382892.78162442,424,5.59159380309696e-14,424,2.73394200747658e-12,424,49813487.2183755,424,-0.358612540862011,20729
"426",425,-0.33194138163927,425,1.72975146329571e-15,425,2382892.78162442,425,4.939779343868e-14,425,2.43514834723962e-12,425,49813487.2183755,425,-0.372329937243125,20729
"427",426,0.852731573731863,426,1.9708871019658e-15,426,2382892.78162442,426,4.38810285417653e-14,426,2.16895230402613e-12,426,49813487.2183755,426,-0.312295333395358,20729
"428",427,0.203685966729533,427,1.51479544880748e-15,427,2382892.78162442,427,3.92627706082874e-14,427,1.93186879832459e-12,427,49813487.2183755,427,-0.295228560221281,20729
"429",428,1.85489444267672,428,1.19318712742601e-15,428,2382892.78162442,428,3.55737296330463e-14,428,1.72076479572522e-12,428,49813487.2183755,428,-0.177130367283298,20729
"430",429,-0.932718749111039,429,1.14861745648372e-15,429,2382892.78162442,429,3.23042925978391e-14,429,1.53286443733448e-12,429,49813487.2183755,429,-0.236760973181301,20729
"431",430,-0.0460753655607336,430,1.21797778321146e-15,430,2382892.78162442,430,2.90771168833703e-14,430,1.36556006912341e-12,430,49813487.2183755,430,-0.238785940429019,20729
"432",431,0.491655627048133,431,9.84193368237465e-16,431,2382892.78162442,431,2.6205883421819e-14,431,1.21656994195299e-12,431,49813487.2183755,431,-0.207539287754259,20729
"433",432,-0.807790917079432,432,8.92709762796679e-16,432,2382892.78162442,432,2.35270702438257e-14,432,1.08388653297099e-12,432,49813487.2183755,432,-0.257979980306395,20729
"434",433,1.17360422044714,433,7.86274273905578e-16,433,2382892.78162442,433,2.11536837716207e-14,433,9.65700347051894e-13,433,49813487.2183755,433,-0.183727515041107,20729
"435",434,-1.05266852770037,434,8.24695551815541e-16,434,2382892.78162442,434,1.89975030569207e-14,434,8.60442185698213e-13,434,49813487.2183755,434,-0.250436128776702,20729
"436",435,-0.487417394700547,435,7.76358867704893e-16,435,2382892.78162442,435,1.68943025731893e-14,435,7.66664135101797e-13,435,49813487.2183755,435,-0.279020734446523,20729
"437",436,0.00292325512923692,436,6.66801387717406e-16,436,2382892.78162442,436,1.49954088208817e-14,436,6.83096506214043e-13,436,49813487.2183755,436,-0.275961922431247,20729
"438",437,2.24416155905402,437,5.49413501656164e-16,437,2382892.78162442,437,1.35031960377523e-14,437,6.08641116261865e-13,437,49813487.2183755,437,-0.134789315109457,20729
"439",438,-0.351248494048173,438,5.13209102670628e-16,438,2382892.78162442,438,1.22665266723584e-14,438,5.42344476011266e-13,438,49813487.2183755,438,-0.160613763026346,20729
"440",439,1.14278471912054,439,4.2956851657821e-16,439,2382892.78162442,439,1.11585772974678e-14,439,4.83309168146915e-13,439,49813487.2183755,439,-0.0930111726810633,20729
"441",440,-2.10240157775082,440,4.17253389774937e-16,440,2382892.78162442,440,1.00452408886576e-14,440,4.30737114543393e-13,440,49813487.2183755,440,-0.228902567446601,20729
"442",441,0.489009192953801,441,3.80343881081717e-16,441,2382892.78162442,441,8.94544141293525e-15,441,3.8388647670472e-13,441,49813487.2183755,441,-0.198301192231135,20729
"443",442,-0.359473179470759,442,2.84471538662627e-16,442,2382892.78162442,442,7.97091697857929e-15,442,3.42132336829872e-13,442,49813487.2183755,442,-0.221535513873457,20729
"444",443,-0.295962000050732,443,3.14739693291251e-16,443,2382892.78162442,443,7.07651364189491e-15,443,3.04916591292662e-13,443,49813487.2183755,443,-0.239718651750046,20729
"445",444,2.47155982441155,444,2.49735655483911e-16,444,2382892.78162442,444,6.36927705669638e-15,444,2.71749354331697e-13,444,49813487.2183755,444,-0.0862853506950413,20729
"446",445,-0.81571240376358,445,2.46493281216492e-16,445,2382892.78162442,445,5.77238054491324e-15,445,2.42209246358873e-13,445,49813487.2183755,445,-0.143128347402577,20729
"447",446,-0.734166098345116,446,1.86280775910384e-16,446,2382892.78162442,446,5.16592488027429e-15,446,2.1589047838708e-13,446,49813487.2183755,446,-0.192168451111586,20729
"448",447,0.0375215333760124,447,1.71927222906018e-16,447,2382892.78162442,447,4.60083833995389e-15,447,1.92432184388515e-13,447,49813487.2183755,447,-0.191211091864751,20729
"449",448,1.30000493794501,448,1.55168595375252e-16,448,2382892.78162442,448,4.12945930664054e-15,448,1.71524341194545e-13,448,49813487.2183755,448,-0.11241726786516,20729
"450",449,2.54047344647798,449,1.47270071022144e-16,449,2382892.78162442,449,3.78846662889851e-15,449,1.52900492655364e-13,449,49813487.2183755,449,0.0390587831838619,20729
"451",450,-0.134639198705994,450,1.34398170317272e-16,450,2382892.78162442,450,3.5036435474007e-15,450,1.36323210552157e-13,450,49813487.2183755,450,0.0181183862139156,20729
"452",451,1.22492465421703,451,1.07674603432356e-16,451,2382892.78162442,451,3.23616826849057e-15,451,1.21564583935754e-13,451,49813487.2183755,451,0.0820713556431192,20729
"453",452,1.4283995504568,452,1.29406196657092e-16,452,2382892.78162442,452,3.01576512360914e-15,452,1.08426564909379e-13,452,49813487.2183755,452,0.155457757732146,20729
"454",453,-0.602040658051414,453,1.12940477038851e-16,453,2382892.78162442,453,2.79364606633178e-15,453,9.67316282040055e-14,453,49813487.2183755,453,0.100006314599291,20729
"455",454,0.713591026239733,454,1.05484595350772e-16,454,2382892.78162442,454,2.565441912065e-15,454,8.63137285511273e-14,454,49813487.2183755,454,0.128421166633259,20729
"456",455,0.176693970121794,455,7.94408856758214e-17,455,2382892.78162442,455,2.35027666067389e-15,455,7.70306703462612e-14,455,49813487.2183755,455,0.122328794812878,20729
"457",456,1.07327871022182,456,7.66835103249429e-17,456,2382892.78162442,456,2.15437415315203e-15,456,6.87566455126979e-14,456,49813487.2183755,456,0.17184425786447,20729
"458",457,0.32887514089691,457,7.54592677645426e-17,457,2382892.78162442,457,1.97653453814785e-15,457,6.13820713638368e-14,457,49813487.2183755,457,0.173022240204457,20729
"459",458,-0.610099450124623,458,6.79098893485685e-17,458,2382892.78162442,458,1.79537178989207e-15,458,5.4806605437418e-14,458,49813487.2183755,458,0.116217016749364,20729
"460",459,-0.103073039884313,459,6.70644808633628e-17,459,2382892.78162442,459,1.61436164690648e-15,459,4.89391354246625e-14,459,49813487.2183755,459,0.0934608986077729,20729
"461",460,-0.768104232504293,460,5.27762804731152e-17,460,2382892.78162442,460,1.43857958629549e-15,460,4.37006756398512e-14,460,49813487.2183755,460,0.0307885430640358,20729
"462",461,-1.48620810430993,461,5.40309562592321e-17,461,2382892.78162442,461,1.26356228920056e-15,461,3.90206690815673e-14,461,49813487.2183755,461,-0.0731273889431076,20729
"463",462,-0.395131666656071,462,4.87670907824541e-17,462,2382892.78162442,462,1.09986278003192e-15,462,3.48368765225125e-14,462,49813487.2183755,462,-0.104666296611576,20729
"464",463,0.159767737412098,463,3.64447935916918e-17,463,2382892.78162442,463,9.58317291653306e-16,463,3.10967062845675e-14,463,49813487.2183755,463,-0.100435045686119,20729
"465",464,-0.229541399163449,464,4.02583574709315e-17,464,2382892.78162442,464,8.36372387806761e-16,464,2.77541675023089e-14,464,49813487.2183755,464,-0.120426806919588,20729
"466",465,1.5425767566399,465,2.53451022274111e-17,465,2382892.78162442,465,7.36645482150996e-16,465,2.47680185207303e-14,465,49813487.2183755,465,-0.0301208111243197,20729
"467",466,1.04762248772966,466,2.89306112655658e-17,466,2382892.78162442,466,6.58360216009494e-16,466,2.21024771353503e-14,466,49813487.2183755,466,0.0252469631472066,20729
"468",467,-1.09949777131108,467,2.36931009554111e-17,467,2382892.78162442,467,5.86725558260641e-16,467,1.97240695284913e-14,467,49813487.2183755,467,-0.0545423725374517,20729
"469",468,0.300112061415329,468,2.3129060497084e-17,468,2382892.78162442,468,5.19858110922386e-16,468,1.76009932803826e-14,468,49813487.2183755,468,-0.0440977911946851,20729
"470",469,-0.146579638569325,469,1.90634427556732e-17,469,2382892.78162442,469,4.60727349405413e-16,469,1.5705837527394e-14,469,49813487.2183755,469,-0.0617192052436892,20729
"471",470,-0.115287157909669,470,1.45908799658213e-17,470,2382892.78162442,470,4.07537462616947e-16,470,1.40140953164447e-14,470,49813487.2183755,470,-0.0765507659315742,20729
"472",471,1.923373703119,471,1.48609730257073e-17,471,2382892.78162442,471,3.64252969413602e-16,471,1.25041803267417e-14,471,49813487.2183755,471,0.035106901015931,20729
"473",472,0.0348381769917194,472,1.08306686969462e-17,472,2382892.78162442,472,3.28442210194147e-16,472,1.11574850496539e-14,472,49813487.2183755,472,0.024814373351012,20729
"474",473,-1.40770782271288,473,1.22168403337571e-17,473,2382892.78162442,473,2.92650688851945e-16,473,9.95616600244175e-15,473,49813487.2183755,473,-0.0739674781182561,20729
"475",474,-0.359468496264491,474,1.196042443173e-17,474,2382892.78162442,474,2.57910662754271e-16,474,8.88376311994494e-15,474,49813487.2183755,474,-0.103265337510282,20729
"476",475,-2.62270169084239,475,8.42799722640067e-18,475,2382892.78162442,475,2.23932062551511e-16,475,7.9260448833333e-15,475,49813487.2183755,475,-0.270754173260259,20729
"477",476,0.445441137723478,476,7.63817504988644e-18,476,2382892.78162442,476,1.93058927583489e-16,476,7.07023716799173e-15,476,49813487.2183755,476,-0.240799403650627,20729
"478",477,0.517689404222245,477,6.93807936625568e-18,477,2382892.78162442,477,1.6796786481458e-16,477,6.30581884422514e-15,477,49813487.2183755,477,-0.207848518069989,20729
"479",478,-1.46533991482464,478,5.26031610387684e-18,478,2382892.78162442,478,1.45873524910205e-16,478,5.62333236456548e-15,478,49813487.2183755,478,-0.298838615749767,20729
"480",479,-0.768712229595187,479,5.59985832886225e-18,479,2382892.78162442,479,1.25784782906792e-16,479,5.01391372595186e-15,479,49813487.2183755,479,-0.342415806235813,20729
"481",480,0.189176988488144,480,4.71075080277983e-18,480,2382892.78162442,480,1.08708070434428e-16,480,4.46979762628731e-15,480,49813487.2183755,480,-0.324775105539178,20729
"482",481,-0.838378157236749,481,3.72471581035956e-18,481,2382892.78162442,481,9.40866305026962e-17,481,3.98416111791619e-15,481,49813487.2183755,481,-0.371385080193028,20729
"483",482,-1.67668865150562,482,3.17262506064073e-18,482,2382892.78162442,482,8.08354853026115e-17,482,3.55074465185835e-15,482,49813487.2183755,482,-0.467437602187808,20729
"484",483,1.7420318272261,483,3.07365584414713e-18,483,2382892.78162442,483,6.99339142673564e-17,483,3.1639582305763e-15,483,49813487.2183755,483,-0.347903219667089,20729
"485",484,-0.861619791325802,484,2.43115262737872e-18,484,2382892.78162442,484,6.10546237669228e-17,484,2.81902392509756e-15,484,49813487.2183755,484,-0.394819009524081,20729
"486",485,-0.724548497483184,485,2.49181341376548e-18,485,2382892.78162442,485,5.30904478879575e-17,485,2.51144966452224e-15,485,49813487.2183755,485,-0.430990701040594,20729
"487",486,-2.45625692868844,486,1.76993003396062e-18,486,2382892.78162442,486,4.56682325850068e-17,486,2.23716666953236e-15,486,49813487.2183755,486,-0.57222813207456,20729
"488",487,1.42180659692985,487,1.9607006663847e-18,487,2382892.78162442,487,3.93716305162482e-17,487,1.9925371995487e-15,487,49813487.2183755,487,-0.467337890316611,20729
"489",488,0.135938894029735,488,1.15013264159414e-18,488,2382892.78162442,488,3.44180223119172e-17,488,1.77448651339565e-15,488,49813487.2183755,488,-0.446888949249325,20729
"490",489,1.87282215143868,489,1.52533056884588e-18,489,2382892.78162442,489,3.05621134254381e-17,489,1.58022248810589e-15,489,49813487.2183755,489,-0.320288223792201,20729
"491",490,1.43487464827276,490,9.68730019656905e-19,490,2382892.78162442,490,2.77077933196554e-17,490,1.40727051960509e-15,490,49813487.2183755,490,-0.226879062257086,20729
"492",491,-0.207705913887933,491,1.12422328717346e-18,491,2382892.78162442,491,2.52358289058899e-17,491,1.25335692875349e-15,491,49813487.2183755,491,-0.239357035491853,20729
"493",492,-0.18989310097775,492,8.29968888705349e-19,492,2382892.78162442,492,2.28483894480981e-17,492,1.11636324469297e-15,492,49813487.2183755,492,-0.25012757055234,20729
"494",493,-0.646857618342839,493,7.64980492738437e-19,493,2382892.78162442,493,2.05348197650423e-17,493,9.94395984896234e-16,493,49813487.2183755,493,-0.288563162206976,20729
"495",494,0.397866157965289,494,6.26492599630853e-19,494,2382892.78162442,494,1.84157867347588e-17,494,8.85778576794079e-16,494,49813487.2183755,494,-0.260674759372642,20729
"496",495,0.981042930317686,495,7.66144468251456e-19,495,2382892.78162442,495,1.66421631759444e-17,495,7.8905842632467e-16,495,49813487.2183755,495,-0.19817005874572,20729
"497",496,1.05955405456312,496,7.40131275671248e-19,496,2382892.78162442,496,1.51930098250191e-17,496,7.02957274591784e-16,496,49813487.2183755,496,-0.133870362536229,20729
"498",497,1.28094859081685,497,6.82515149362026e-19,497,2382892.78162442,497,1.40126292210842e-17,497,6.26331214538319e-16,497,49813487.2183755,497,-0.0590486732683574,20729
"499",498,-0.532482235507665,498,5.81245208703165e-19,498,2382892.78162442,498,1.28881454525945e-17,498,5.58145737767117e-16,498,49813487.2183755,498,-0.0997474249046777,20729
"500",499,2.2831209234039,499,4.6334290303992e-19,499,2382892.78162442,499,1.19169991960204e-17,499,4.97454299017099e-16,499,49813487.2183755,499,0.0352345204469801,20729
"501",500,-0.127722467620753,500,4.27540858551745e-19,500,2382892.78162442,500,1.10765979522217e-17,500,4.43452511126037e-16,500,49813487.2183755,500,0.0149073311459877,20729
"502",501,-0.353026695672598,501,4.19529697637416e-19,501,2382892.78162442,501,1.01649813299664e-17,501,3.95382451769459e-16,501,49813487.2183755,501,-0.0183276062387715,20729
"503",502,-0.439855227000877,502,3.82884289977501e-19,502,2382892.78162442,502,9.22001352893846e-18,502,3.52564350606818e-16,502,49813487.2183755,502,-0.0552981468689201,20729
"504",503,-0.489520196062654,503,4.20708703470705e-19,503,2382892.78162442,503,8.28112430797914e-18,503,3.14402845539163e-16,503,49813487.2183755,503,-0.0935294667497909,20729
"505",504,0.580795907553959,504,3.27450829483281e-19,504,2382892.78162442,504,7.42559170134653e-18,504,2.80379527501372e-16,504,49813487.2183755,504,-0.0638679526815757,20729
"506",505,-0.158882299646272,505,2.73487463988018e-19,505,2382892.78162442,505,6.65964690239153e-18,505,2.5004648660157e-16,505,49813487.2183755,505,-0.0812841211634089,20729
"507",506,0.593733486446184,506,2.60335760494948e-19,506,2382892.78162442,506,5.97564289525482e-18,506,2.23001065313534e-16,506,49813487.2183755,506,-0.0514216947095077,20729
"508",507,0.462394836782732,507,2.23958568283903e-19,507,2382892.78162442,507,5.38230603070197e-18,507,1.98889651022739e-16,507,49813487.2183755,507,-0.0311180149296891,20729
"509",508,-0.16932054042362,508,2.13335366731921e-19,508,2382892.78162442,508,4.84043339272455e-18,508,1.77394551639806e-16,508,49813487.2183755,508,-0.0507753563463997,20729
"510",509,-1.54494100915469,509,1.89734868312827e-19,509,2382892.78162442,509,4.29816148296329e-18,509,1.5822517914886e-16,509,49813487.2183755,509,-0.154336628821733,20729
"511",510,1.15056658228531,510,1.59779131039196e-19,510,2382892.78162442,510,3.80870738305287e-18,510,1.41120934776958e-16,510,49813487.2183755,510,-0.0865601113609616,20729
"512",511,-1.38390307459666,511,1.18611819375022e-19,511,2382892.78162442,511,3.36933751604641e-18,511,1.25862405762784e-16,511,49813487.2183755,511,-0.17844163986719,20729
"513",512,-1.29516132406124,512,1.29842959594372e-19,512,2382892.78162442,512,2.94037392021335e-18,512,1.12244512070222e-16,512,49813487.2183755,512,-0.260367535882238,20729
"514",513,-0.217323404027887,513,1.06290473711723e-19,513,2382892.78162442,513,2.55420557658358e-18,513,1.00086932647134e-16,513,49813487.2183755,513,-0.271805564212156,20729
"515",514,0.292794142180875,514,9.44106594524601e-20,514,2382892.78162442,514,2.22803785301301e-18,514,8.92350438041182e-17,514,49813487.2183755,514,-0.251216377859743,20729
"516",515,-1.95857245240157,515,7.95171267021727e-20,515,2382892.78162442,515,1.93301952862278e-18,515,7.95508130948465e-17,515,49813487.2183755,515,-0.37051913197748,20729
"517",516,0.145220914676879,516,6.23103844144936e-20,516,2382892.78162442,516,1.66976817715106e-18,516,7.09068120059163e-17,516,49813487.2183755,516,-0.354219485439942,20729
"518",517,-0.713718393481774,517,6.19202316263281e-20,517,2382892.78162442,517,1.44546943105331e-18,517,6.3193296518678e-17,517,49813487.2183755,517,-0.39170312519532,20729
"519",518,0.016759699953074,518,4.40440264005592e-20,518,2382892.78162442,518,1.25333053369435e-18,518,5.63114513294581e-17,518,49813487.2183755,518,-0.382295151896491,20729
"520",519,-1.02357992331972,519,4.82687349658188e-20,519,2382892.78162442,519,1.08645472594363e-18,519,5.01731332559215e-17,519,49813487.2183755,519,-0.437525019138698,20729
"521",520,1.49328079649093,520,4.04584489162359e-20,520,2382892.78162442,520,9.49291877564957e-19,520,4.46989549538925e-17,520,49813487.2183755,520,-0.334795050814095,20729
"522",521,0.0110722135375533,521,3.30019267786232e-20,521,2382892.78162442,521,8.39075827073654e-19,521,3.98199928077089e-17,521,49813487.2183755,521,-0.32851338052768,20729
"523",522,-1.38193126708563,522,2.83240997246614e-20,522,2382892.78162442,522,7.37641375048783e-19,522,3.54721925961189e-17,522,49813487.2183755,522,-0.408473067439169,20729
"524",523,-0.634684080111774,523,2.55932463585327e-20,523,2382892.78162442,523,6.43814922224565e-19,523,3.1596796627563e-17,523,49813487.2183755,523,-0.438435067331534,20729
"525",524,0.318867258796264,524,2.70980958989803e-20,524,2382892.78162442,524,5.63598001862335e-19,524,2.81425348722398e-17,524,49813487.2183755,524,-0.408110802379024,20729
"526",525,2.64268610571915,525,1.887978973517e-20,525,2382892.78162442,525,5.03743671231362e-19,525,2.50649939821294e-17,525,49813487.2183755,525,-0.235908063954846,20729
"527",526,0.591124452104034,526,1.81506899815391e-20,526,2382892.78162442,526,4.58775276482218e-19,526,2.23253847503183e-17,526,49813487.2183755,526,-0.19866549146427,20729
"528",527,-0.78803658274966,527,1.73603650541351e-20,527,2382892.78162442,527,4.15677474596294e-19,527,1.98869378054416e-17,527,49813487.2183755,527,-0.248320310597929,20729
"529",528,-0.218197383162938,528,1.60374753570168e-20,528,2382892.78162442,528,3.73447615833151e-19,528,1.77157072301689e-17,528,49813487.2183755,528,-0.260399805181988,20729
"530",529,0.660747360138593,529,1.21674599747934e-20,529,2382892.78162442,529,3.36101600044334e-19,529,1.57820898969716e-17,529,49813487.2183755,529,-0.217667688627708,20729
"531",530,-0.313926118153156,530,1.19134346734984e-20,530,2382892.78162442,530,3.0260876089038e-19,530,1.40602076518612e-17,530,49813487.2183755,530,-0.237147676898957,20729
"532",531,0.56444022647533,531,1.3138633511003e-20,531,2382892.78162442,531,2.72475875029522e-19,531,1.25267077221627e-17,531,49813487.2183755,531,-0.201490809371822,20729
"533",532,-0.804851542029416,532,8.85427670628675e-21,532,2382892.78162442,532,2.4453179505944e-19,532,1.1160963192631e-17,532,49813487.2183755,532,-0.252045158351305,20729
"534",533,0.205372188780617,533,8.32609259938997e-21,533,2382892.78162442,533,2.18519501791894e-19,533,9.94429240313363e-18,533,49813487.2183755,533,-0.237812797044931,20729
"535",534,0.738240911165378,534,7.61869561434172e-21,534,2382892.78162442,534,1.96311732382579e-19,534,8.86045180764673e-18,534,49813487.2183755,534,-0.191401650654064,20729
"536",535,1.153606970711,535,8.75431871742322e-21,535,2382892.78162442,535,1.78127198394159e-19,535,7.89519212002972e-18,535,49813487.2183755,535,-0.121629887889808,20729
"537",536,-1.91375209658638,536,8.27933467167398e-21,536,2382892.78162442,536,1.60254362519595e-19,536,7.03562871033436e-18,536,49813487.2183755,536,-0.244487662126788,20729
"538",537,0.860775967151395,537,5.11429329499433e-21,537,2382892.78162442,537,1.43121362044171e-19,537,6.26972529863185e-18,537,49813487.2183755,537,-0.190191737310186,20729
"539",538,-1.84595694581496,538,5.07690570943463e-21,538,2382892.78162442,538,1.27020105770709e-19,538,5.58724232677547e-18,538,49813487.2183755,538,-0.305523398139843,20729
"540",539,-1.40660050577151,539,3.9074275584923e-21,539,2382892.78162442,539,1.10913260934144e-19,539,4.97875625240999e-18,539,49813487.2183755,539,-0.388126175867919,20729
"541",540,0.360454821027034,540,4.02900882930147e-21,540,2382892.78162442,540,9.67261046794654e-20,540,4.43609254018342e-18,540,49813487.2183755,540,-0.357689949471851,20729
"542",541,1.61241841152148,541,3.15251210288951e-21,541,2382892.78162442,541,8.56099210828858e-20,541,3.95231582654389e-18,541,49813487.2183755,541,-0.251503931558131,20729
"543",542,0.653047574253233,542,2.99995848823941e-21,542,2382892.78162442,542,7.68473480946219e-20,542,3.52132178692727e-18,542,49813487.2183755,542,-0.209680675043605,20729
"544",543,-0.0265111723634182,543,2.96247156100507e-21,543,2382892.78162442,543,6.91488412187728e-20,543,3.13745660458966e-18,543,49813487.2183755,543,-0.211819440316356,20729
"545",544,-0.110137394233719,544,2.74938492668655e-21,544,2382892.78162442,544,6.20716672476499e-20,544,2.79554419546829e-18,544,49813487.2183755,544,-0.219012835134164,20729
"546",545,-0.249489905961239,545,1.98234109097839e-21,545,2382892.78162442,545,5.55378812487427e-20,545,2.49095736809093e-18,545,49813487.2183755,545,-0.234452121606959,20729
"547",546,0.831827843352013,546,2.35476289486244e-21,546,2382892.78162442,546,4.98416166867787e-20,546,2.21960148905861e-18,546,49813487.2183755,546,-0.182431458337521,20729
"548",547,-0.328969252060455,547,1.79676721188216e-21,547,2382892.78162442,547,4.47946699056341e-20,547,1.97788713556825e-18,547,49813487.2183755,547,-0.204557955338615,20729
"549",548,0.572119649135539,548,1.69284189599947e-21,548,2382892.78162442,548,4.02609412543576e-20,548,1.7625559334692e-18,548,49813487.2183755,548,-0.170016760295885,20729
"550",549,1.16453333842637,549,1.61579625957793e-21,549,2382892.78162442,549,3.65056237730759e-20,549,1.5707569578652e-18,549,49813487.2183755,549,-0.100613898495354,20729
"551",550,-0.710658019703846,550,1.04839098737066e-21,550,2382892.78162442,550,3.30598437990779e-20,550,1.39995114753087e-18,550,49813487.2183755,550,-0.150277232603122,20729
"552",551,-2.29825415873173,551,1.19193334088173e-21,551,2382892.78162442,551,2.93266657293011e-20,551,1.2477586220946e-18,551,49813487.2183755,551,-0.295457960470278,20729
"553",552,0.749559410338977,552,9.79420999917065e-22,552,2382892.78162442,552,2.58292157973913e-20,552,1.11205142348746e-18,552,49813487.2183755,552,-0.245537183160706,20729
"554",553,-0.759460890687939,553,8.7743379132591e-22,553,2382892.78162442,553,2.27882191871108e-20,553,9.91060277544448e-19,553,49813487.2183755,553,-0.291143195971863,20729
"555",554,-1.45165362606692,554,7.52951442926136e-22,554,2382892.78162442,554,1.99094994394644e-20,554,8.83174254402092e-19,554,49813487.2183755,554,-0.377226651198589,20729
"556",555,0.0532270403719049,555,7.07976722391973e-22,555,2382892.78162442,555,1.73378304486468e-20,555,7.86951637583045e-19,555,49813487.2183755,555,-0.366275017605386,20729
"557",556,-1.51979062761069,556,6.22592234479416e-22,556,2382892.78162442,556,1.50490367884395e-20,556,7.01141005882558e-19,556,49813487.2183755,556,-0.452897652283945,20729
"558",557,0.271768299535837,557,5.00816069845628e-22,557,2382892.78162442,557,1.30499383122457e-20,557,6.24611779042434e-19,557,49813487.2183755,557,-0.424773594238246,20729
"559",558,0.377160211925026,558,4.15645170782943e-22,558,2382892.78162442,558,1.14134586015568e-20,558,5.56382937182394e-19,558,49813487.2183755,558,-0.391519489295208,20729
"560",559,0.228349383713789,559,4.49967720858257e-22,559,2382892.78162442,559,1.00541455735698e-20,559,4.9557754532883e-19,559,49813487.2183755,559,-0.369067411502892,20729
"561",560,1.47139048931438,560,3.68914532857718e-22,560,2382892.78162442,560,8.96845770810052e-21,560,4.41406797503434e-19,560,49813487.2183755,560,-0.271026582691029,20729
