S.R deSolve,S.libbi value,E.R deSolve,E.libbi value,I.R deSolve,I.libbi value,R.R deSolve,R.libbi value
52196380,52196380,1,1,0,0,0,0
52196378.51,52196378.55,2.037805987,2.005194093,0.27362896,0.273783772,0.17485095,0.174989229
52196375.06,52196375.59,4.518344283,4.05437326,0.834692123,0.794796368,0.582973073,0.558595883
52196367.65,52196369.59,9.805381911,8.22312562,2.038643908,1.82327971,1.504938159,1.362856089
52196352.16,52196357.4,20.76469696,16.69255406,4.575853563,3.886773377,3.501077871,3.018764568
52196319.29,52196332.66,43.97933823,33.88238187,9.952071415,8.054623935,7.77720906,6.401154142
52196254.65,52196282.48,88.68853531,68.74259589,20.98848914,16.49357303,16.66813706,13.2839936
52196133.23,52196180.76,171.3037033,139.3854934,42.28418719,33.5915585,34.17951737,27.26161366
52195884.71,52195974.72,342.556122,282.443098,84.65709312,68.22953639,69.07571533,55.61154675
52195421.26,52195557.61,656.8855399,571.9600427,166.0246848,138.3714901,136.8250161,113.059252
52194447.76,52194713.77,1333.489663,1157.516996,328.4442957,280.3329039,271.3047623,229.382138
52192451.94,52193007.65,2725.990368,2341.109893,659.5051893,567.4853709,543.5599761,464.7592786
52188217.33,52189560.22,5705.138892,4732.060767,1351.383339,1147.97936,1107.147607,940.7370553
52179807.33,52182598.78,11514.11395,9558.807989,2786.1832,2320.759123,2273.377377,1902.648973
52165339.24,52168551.85,21076.06955,19295.29255,5461.985253,4688.556417,4503.707155,3845.30397
52138514.74,52140234.94,38800.42464,38915.21099,10393.35894,9465.212034,8672.473103,7765.636149
52094641.62,52083233.48,66668.50631,78387.68684,18969.27391,19090.80879,16101.59578,15669.02071
52018605.59,51968766.89,115161.4647,157581.3872,33605.69309,38454.58384,29008.25332,31578.13968
51883678.55,51739907.88,202064.4082,315658.6865,59070.86353,77293.68321,51567.17552,63520.74567
51640647.88,51286126.39,360477.3871,628124.1111,103959.9788,154771.7521,91295.75299,127358.742
51181448.49,50400653.01,663744.1822,1234165.319,187290.8204,307733.1026,163897.5043,253829.5638
50465199.9,48724829.79,1108574.894,2367480.891,331446.4552,603803.0171,291159.7514,500267.3003
49381044.42,45727561.68,1756346.575,4346684.53,559601.7585,1156157.598,499388.2421,965977.1945
47596065.54,40866701.23,2837893.49,7407445.06,924647.5367,2121984.676,837774.4383,1800250.031
44998526.77,34090718.65,4324506.74,11286438.32,1496237.152,3644846.964,1377110.337,3174377.069
41863250.86,26342422.31,5882103.824,14932150.35,2286017.872,5725711.919,2165008.445,5196096.418
37879832.27,19159187.43,7747229.516,17085130.35,3314788.618,8130830.945,3254530.594,7821232.278
33408136.17,13569637.3,9524380.566,17280945.8,4576369.227,10480914.89,4687495.041,10864883.01
28917280.39,9684767.704,10830606.12,15964634.11,5991569.203,12446135.37,6456925.292,14100843.82
24810399.39,7123731.94,11463065.24,13872757.29,7421108.724,13855819.09,8501807.645,17344072.68
20742747.97,5453836.179,11905048.14,11582976.83,8780300.109,14685955.59,10768284.78,20473612.4
16479825.09,4351454.431,12369288,9423537.176,10091198.69,14999808.55,13256069.22,23421580.84
13019209.75,3606836.762,12017494.82,7537652.04,11260872.45,14896257.16,15898803.97,26155635.03
10335060.84,3090495.026,11098420.73,5962044.142,12170613.91,14478704.22,18592285.52,28665137.62
8214926.007,2723025.526,9938410.733,4681134.957,12781495.63,13840120.25,21261548.63,30952100.27
6677354.608,2455116.025,8590213.161,3657997.207,13084119.78,13057640.64,23844693.45,33025627.13
5586274.847,2255487.022,7225182.46,2850283.967,13092182.88,12192039.17,26292740.81,34898570.84
4746188.121,2103812.389,6008201.238,2217676.838,12857894.35,11289366.18,28584097.29,36585525.59
4168153.71,1986558.188,4894362.068,1724870.726,12428985.32,10383329.55,30704879.9,38101622.54
3744076.302,1894501.708,3947994.649,1342337.408,11854074.34,9497730.168,32650235.71,39461811.72
3413203.281,1821222.138,3174244.931,1046061.709,11183371.62,8648654.423,34425561.17,40680442.73
3176166.959,1762161.438,2527925.6,816864.8827,10454579.74,7846322.819,36037708.7,41771031.86
2988486.493,1714026.446,2012813.412,639619.4677,9698927.533,7096588.751,37496153.56,42746146.33
2825147.678,1674399.675,1614252.103,502496.9697,8943466.719,6402121.761,38813514.5,43617362.59
2691728.286,1641480.578,1296878.545,396305.8905,8206145.468,5763323.585,40001628.7,44395270.95
2577825.691,1613910.198,1047460.185,313935.9099,7499215.116,5179026.135,41071880.01,45089508.76
2485414.704,1590650.192,846552.1783,249904.4403,6829785.399,4647015.908,42034628.72,45708810.46
2404051.004,1570898.035,689943.5506,199993.647,6202495.215,4164422.613,42899891.23,46261066.71
2330829.594,1554026.724,568239.4167,160963.673,5620020.799,3728003.062,43677291.19,46753387.54
2265356.721,1539541.341,472317.8234,130328.1824,5083051.134,3334345.151,44375655.32,47192166.33
2210531.291,1527047.396,392945.1136,106179.8855,4590266.413,2980011.485,45002638.18,47583142.23
2164748.334,1516227.503,326990.1348,87055.60898,4139542.052,2661637.856,45565100.48,47931460.03
2128190.465,1506824.036,270868.6313,71832.35221,3728180.764,2375998.262,46069141.14,48241726.35
2096007.372,1498626.106,226059.356,59647.44835,3353784.116,2120045.413,46520530.16,48518062.03
2066076.537,1491459.696,191267.5332,49837.37566,3014247.421,1890933.479,46924789.51,48764150.45
2039759.286,1485180.137,162611.0593,41890.93996,2707154.817,1686028.184,47286855.84,48983281.74
2018547.488,1479666.307,137314.3325,35413.49528,2429613.461,1502908.036,47610905.72,49178393.16
1999599.677,1474816.141,116818.0229,30099.62208,2179139.397,1339359.525,47900823.9,49352105.71
1983453.551,1470543.111,99401.54447,25712.27344,1953389.427,1193368.365,48160136.48,49506757.25
1969627.347,1466773.458,84677.57134,22066.86061,1750097.385,1063108.292,48391978.7,49644432.39
1957384.615,1463443.996,72487.616,19019.10655,1567270.335,946928.4937,48599238.43,49766989.4
1947894.988,1460500.346,61228.92664,16455.77165,1402855.815,843340.4757,48784401.27,49876084.41
1939696.454,1457895.524,51890.17148,14287.5679,1255063.719,751004.8662,48949730.66,49973193.04
1932200.2,1455588.784,44432.97292,12443.74009,1122397.486,668718.5517,49097350.34,50059629.92
1925809.177,1453544.678,38019.76655,10867.9168,1003410.778,595402.3682,49229141.28,50136566.04
1920513.869,1451732.28,32380.21633,9514.929051,896728.0345,530089.4976,49346758.88,50205044.29
1916264.593,1450124.537,27352.80911,8348.366357,801087.597,471914.6493,49451676,50265993.45
1912804.349,1448697.737,23011.09306,7338.695493,715353.7161,420104.0585,49545211.84,50320240.51
1909534.052,1447431.051,19655.6725,6461.808703,638589.6346,373966.3028,49628601.64,50368521.84
1906770.052,1446306.156,16772.25039,5697.900232,569901.2158,332883.9148,49702937.48,50411493.03
1904203.798,1445306.904,14484.4455,5030.594128,508489.0981,296305.7553,49769203.66,50449737.75
1902002.708,1444419.052,12496.84393,4446.2647,453608.5793,263740.1025,49828272.87,50483775.58
1900048.581,1443630.017,10833.4482,3933.504952,404579.2418,234748.4083,49880919.73,50514069.07
1898158.493,1442928.676,9560.840959,3482.708952,360811.0783,208939.6709,49927850.59,50541029.94
1896320.594,1442305.186,8579.821097,3085.742138,321777.1964,185965.3728,49969703.39,50565024.7
1894680.58,1441750.83,7689.117245,2735.67971,286976.3001,165514.9347,50007035,50586379.56
1893310.794,1441257.885,6803.424856,2426.597887,255938.1124,147311.6399,50040328.67,50605384.88
1892211.579,1440819.503,5926.202183,2153.406395,228235.414,131108.9818,50070007.8,50622299.11
1891222.489,1440429.609,5190.894903,1911.713213,203508.2293,116687.3971,50096459.39,50637352.28
1890272.244,1440082.815,4618.922762,1697.714688,181450.8587,103851.3442,50120038.97,50650749.13
1889366.543,1439774.334,4160.124884,1508.105689,161788.7119,92426.69266,50141065.62,50662671.87
1888551.066,1439499.918,3747.195413,1340.005682,144264.284,82258.39237,50159818.45,50673282.68
1887794.894,1439255.793,3394.39058,1190.897504,128646.3223,73208.39312,50176545.39,50682725.92
1887065.159,1439038.606,3114.401783,1058.576359,114731.8058,65153.78851,50191469.63,50691130.03
1886341.596,1438845.375,2900.825829,941.1070508,102344.5976,57985.16072,50204793.98,50698609.36
1885727.493,1438673.454,2651.256798,836.7879328,91311.46257,51605.10473,50216690.79,50705265.65
1885189.963,1438520.487,2402.39478,744.1203419,81477.28547,45926.91292,50227311.36,50711189.48
1884734.449,1438384.381,2149.837203,661.7825552,72706.04465,40873.40292,50236790.67,50716461.43
1884354.057,1438263.274,1899.944364,588.6074914,64878.06489,36375.87322,50245248.93,50721153.25
1884050.065,1438155.512,1652.456455,523.5635371,57886.20298,32373.17289,50252792.28,50725328.75
1883775.89,1438059.623,1445.933062,465.7379915,51640.99594,28810.87286,50259518.18,50729044.77
1883517.622,1437974.296,1280.844176,414.3227231,46066.28782,25640.52802,50265516.25,50732351.85
1883278.123,1437898.368,1143.895191,368.6016999,41092.6638,22819.01999,50270866.32,50735295.01
1883052.59,1437830.803,1031.582635,327.9401187,36657.28033,20307.97198,50275639.55,50737914.29
1882843.129,1437770.678,935.0627419,291.7749023,32703.4365,18073.22778,50279899.37,50740245.32
1882659.777,1437717.173,842.5796386,259.6063748,29177.76333,16084.38792,50283700.88,50742319.83
1882478.185,1437669.561,773.4329221,230.9909535,26035.01938,14314.39669,50287094.36,50744166.05
1882296.529,1437627.19,722.4719201,205.5347222,23236.18932,12739.17459,50290125.81,50745809.1
1882128.789,1437589.484,672.9749002,182.88777,20744.06818,11337.29101,50292835.17,50747271.34
1881980.347,1437555.93,620.3671706,162.7391995,18523.52105,10089.67301,50295256.77,50748572.66
1881842.394,1437526.069,572.8527125,144.8127175,16544.26917,8979.346003,50297421.48,50749730.77
1881712.223,1437499.496,531.5243301,128.8627383,14780.04544,7991.202953,50299357.21,50750761.44
1881586.48,1437475.848,497.0603187,114.6709365,13208.20048,7111.798982,50301089.26,50751678.68
1881478.49,1437454.802,456.5738713,102.0431935,11806.71695,6329.168521,50302639.22,50752494.99
1881386.738,1437436.074,413.0628029,90.80689372,10555.4656,5632.662572,50304025.73,50753221.46
1881306.946,1437419.407,370.9793527,80.80852623,9437.386062,5012.803876,50305265.69,50753867.98
1881237.247,1437404.574,331.3705773,71.91155829,8437.943778,4461.157995,50306374.44,50754443.36
1881179.852,1437391.374,291.9752168,63.99454802,7543.765072,3970.218587,50307365.41,50754955.41
1881127.746,1437379.627,258.5782244,56.94946914,6743.722286,3533.305289,50308250.95,50755411.12
1881081.071,1437369.173,229.3642958,50.68022329,6028.198398,3144.47284,50309042.37,50755816.67
1881041.548,1437359.869,201.9586769,45.10131865,5388.03899,2798.430193,50309749.45,50756177.6
1881004.91,1437351.59,179.291185,40.13669585,4815.552951,2490.468536,50310381.25,50756498.81
1880974.836,1437344.221,157.0625816,35.71868467,4303.465774,2216.397224,50310945.64,50756784.66
1880950.193,1437337.664,136.1721937,31.78707672,3845.099942,1972.486762,50311449.53,50757039.06
1880929.073,1437331.828,117.7996402,28.28830103,3434.835038,1755.418059,50311899.29,50757265.47
1880912.072,1437326.635,100.9099039,25.17469114,3067.501133,1562.237274,50312300.52,50757466.95
1880895.647,1437322.013,87.99621181,22.40383335,2738.894199,1390.315618,50312658.46,50757646.27
1880881.195,1437317.9,76.86126566,19.93798712,2445.120786,1237.313587,50312977.82,50757805.85
1880867.779,1437314.239,67.83734858,17.74356963,2182.615789,1101.149129,50313262.77,50757947.87
1880854.67,1437310.982,60.94881656,15.79069725,1948.274517,979.9693149,50313517.11,50758074.26
1880842.544,1437308.082,55.02238221,14.05277776,1739.216948,872.1251207,50313744.22,50758186.74
1880832.337,1437305.502,49.07110551,12.50614753,1552.616972,776.148993,50313946.97,50758286.84
1880822.688,1437303.206,44.23000622,11.12974879,1386.077508,690.7348774,50314128,50758375.93
1880813.637,1437301.163,40.16794056,9.904842487,1237.509439,614.7204468,50314289.69,50758455.21
1880805.268,1437299.344,36.60049354,8.814752861,1105.00518,547.0712849,50314434.13,50758525.77
1880797.78,1437297.726,33.23007511,7.844640139,986.8087088,486.8668099,50314563.18,50758588.56
1880791.07,1437296.286,30.10061988,6.981298323,881.3417641,433.2877478,50314678.49,50758644.45
1880784.881,1437295.004,27.35894234,6.21297525,787.2334029,385.6049837,50314781.53,50758694.18
1880779.34,1437293.863,24.78057312,5.529212499,703.2598727,343.1696401,50314873.62,50758738.44
1880774.913,1437292.848,21.9309515,4.92070292,628.2567885,305.4042473,50314955.9,50758777.83
1880771.53,1437291.944,18.97024227,4.379163879,561.156825,271.7948844,50315029.34,50758812.88
1880768.398,1437291.14,16.5780482,3.89722445,501.1375987,241.8841871,50315094.89,50758844.08
1880765.719,1437290.425,14.44131849,3.468325042,447.4664457,215.2651226,50315153.37,50758871.84
1880763.353,1437289.788,12.60199374,3.08662808,399.4869048,191.5754518,50315205.56,50758896.55
1880761.473,1437289.221,10.8393752,2.746938518,356.5833007,170.492799,50315252.1,50758918.54
1880759.931,1437288.717,9.261819226,2.444633106,318.2081728,151.7302657,50315293.6,50758938.11
1880758.614,1437288.268,7.911881151,2.175597453,283.8919338,135.0325259,50315330.58,50758955.52
1880757.525,1437287.869,6.727254837,1.936170008,253.2120123,120.1723518,50315363.54,50758971.02
1880756.621,1437287.513,5.703187014,1.723092216,225.7879189,106.9475219,50315392.89,50758984.82
1880755.837,1437287.197,4.849500827,1.533464162,201.2842692,95.17806856,50315419.03,50758997.09
1880755.167,1437286.915,4.125493056,1.364705093,179.40018,84.70382959,50315442.31,50759008.02
1880754.636,1437286.665,3.475671648,1.214518289,159.8578086,75.38226827,50315463.03,50759017.74
1880754.223,1437286.442,2.899896022,1.080859802,142.4062394,67.08653386,50315481.47,50759026.39
1880753.883,1437286.243,2.415391682,0.961910635,126.8252343,59.7037354,50315497.88,50759034.09
1880753.584,1437286.066,2.025592281,0.856051984,112.9214777,53.1334054,50315512.47,50759040.94
1880753.311,1437285.909,1.718322215,0.761843201,100.5223093,47.2861327,50315525.45,50759047.04
1880753.06,1437285.769,1.47424058,0.678002189,89.47208791,42.0823457,50315536.99,50759052.47
1880752.847,1437285.645,1.262187432,0.603387955,79.62639636,37.45122958,50315547.26,50759057.3
1880752.655,1437285.534,1.089692939,0.536985071,70.8564321,33.32976257,50315556.4,50759061.6
1880752.485,1437285.436,0.943620878,0.477889867,63.04711627,29.6618584,50315564.52,50759065.42
1880752.344,1437285.348,0.811800453,0.425298119,56.09296665,26.397603,50315571.75,50759068.83
1880752.21,1437285.27,0.710155534,0.378494115,49.90227176,23.49257529,50315578.18,50759071.86
1880752.082,1437285.2,0.629782311,0.336840907,44.39347892,20.90724268,50315583.89,50759074.56
1880751.959,1437285.138,0.566910874,0.299771643,39.49349468,18.60642307,50315588.98,50759076.96
1880751.85,1437285.083,0.508941389,0.266781858,35.13549692,16.55880614,50315593.51,50759079.09
1880751.758,1437285.034,0.45149984,0.237422601,31.25870845,14.73652722,50315597.53,50759080.99
1880751.682,1437284.991,0.396072053,0.21129433,27.80882377,13.11478812,50315601.11,50759082.68
1880751.612,1437284.952,0.349473552,0.188041474,24.73901579,11.67151964,50315604.3,50759084.19
1880751.554,1437284.917,0.306377226,0.167347593,22.00730266,10.3870813,50315607.13,50759085.53
1880751.5,1437284.887,0.27005964,0.148931069,19.57654869,9.243994018,50315609.65,50759086.72
1880751.452,1437284.859,0.2397324,0.13254128,17.41409826,8.22670226,50315611.89,50759087.78
1880751.41,1437284.835,0.211073782,0.117955183,15.49021199,7.321362369,50315613.89,50759088.73
1880751.374,1437284.813,0.185995345,0.104974281,13.77849898,6.515654164,50315615.66,50759089.57
1880751.341,1437284.794,0.164667323,0.093421923,12.25566462,5.798613287,50315617.24,50759090.31
1880751.309,1437284.777,0.14735153,0.083140897,10.90122094,5.160481995,50315618.64,50759090.98
1880751.283,1437284.762,0.130658475,0.073991294,9.696506533,4.592576373,50315619.89,50759091.57
1880751.26,1437284.748,0.114973644,0.0658486,8.624730883,4.087168162,50315621,50759092.1
1880751.24,1437284.736,0.102064041,0.058602006,7.671264946,3.637379589,50315621.99,50759092.57
1880751.22,1437284.725,0.091923761,0.052152896,6.823352549,3.237089773,50315622.87,50759092.99
1880751.202,1437284.716,0.082383598,0.046413507,6.069275408,2.880851429,50315623.65,50759093.36
1880751.184,1437284.707,0.075604194,0.041305734,5.398804784,2.563816739,50315624.34,50759093.69
1880751.166,1437284.7,0.07127543,0.036760069,4.803040337,2.281671382,50315624.96,50759093.98
1880751.148,1437284.693,0.067358779,0.032714651,4.273779906,2.030575826,50315625.51,50759094.24
1880751.132,1437284.687,0.063003382,0.029114429,3.803533647,1.807113072,50315626,50759094.48
1880751.119,1437284.681,0.057503751,0.025910409,3.3853812,1.608242159,50315626.44,50759094.68
1880751.106,1437284.677,0.053543125,0.023058989,3.013589963,1.431256783,50315626.83,50759094.87
1880751.094,1437284.672,0.04964701,0.020521366,2.683032689,1.273748461,50315627.17,50759095.03
1880751.083,1437284.669,0.045764003,0.018263006,2.389093077,1.133573766,50315627.48,50759095.18
1880751.074,1437284.665,0.041001844,0.016253178,2.127503325,1.00882515,50315627.76,50759095.31
1880751.066,1437284.662,0.036425779,0.014464529,1.894563944,0.897804989,50315628,50759095.43
1880751.06,1437284.66,0.032305153,0.01287272,1.687107905,0.79900248,50315628.22,50759095.53
1880751.054,1437284.657,0.028660563,0.011456088,1.502340699,0.711073085,50315628.42,50759095.62
1880751.049,1437284.655,0.025527765,0.010195356,1.337812116,0.632820229,50315628.59,50759095.7
1880751.044,1437284.653,0.022385472,0.009073366,1.191262213,0.563179018,50315628.74,50759095.77
1880751.041,1437284.652,0.019581559,0.00807485,1.060695584,0.501201749,50315628.88,50759095.84
1880751.037,1437284.65,0.017268965,0.00718622,0.944391902,0.446045015,50315629,50759095.9
1880751.034,1437284.649,0.015315207,0.006395383,0.840823865,0.396958222,50315629.11,50759095.95
1880751.031,1437284.648,0.013580488,0.005691577,0.748595404,0.35327338,50315629.21,50759095.99
1880751.029,1437284.647,0.012299546,0.005065224,0.666503792,0.314396009,50315629.29,50759096.03
1880751.026,1437284.646,0.01114317,0.004507801,0.593456229,0.279797053,50315629.37,50759096.07
1880751.024,1437284.645,0.009941213,0.004011721,0.528432655,0.249005676,50315629.44,50759096.1
1880751.022,1437284.644,0.008792459,0.003570235,0.470526835,0.221602858,50315629.5,50759096.13
1880751.021,1437284.644,0.007826072,0.003177334,0.41895892,0.197215692,50315629.55,50759096.16
1880751.019,1437284.643,0.007057929,0.002827671,0.37305417,0.175512309,50315629.6,50759096.18
1880751.018,1437284.642,0.006332691,0.002516489,0.332191817,0.15619736,50315629.64,50759096.2
1880751.017,1437284.642,0.00566532,0.002239552,0.295811259,0.139008002,50315629.68,50759096.22
1880751.016,1437284.642,0.005079101,0.001993091,0.263421902,0.123710314,50315629.72,50759096.23
1880751.015,1437284.641,0.004503136,0.001773753,0.234581235,0.110096122,50315629.75,50759096.25
1880751.014,1437284.641,0.003927641,0.001578553,0.208885241,0.097980157,50315629.77,50759096.26
1880751.013,1437284.641,0.003484169,0.001404835,0.185995422,0.087197541,50315629.8,50759096.27
1880751.012,1437284.64,0.003119,0.001250234,0.165616663,0.077601542,50315629.82,50759096.28
1880751.012,1437284.64,0.002736517,0.001112647,0.147467003,0.069061572,50315629.84,50759096.29
1880751.012,1437284.64,0.002393918,0.000990202,0.131298681,0.061461417,50315629.85,50759096.3
1880751.011,1437284.64,0.002079546,0.000881231,0.116894009,0.054697651,50315629.87,50759096.3
1880751.011,1437284.64,0.001805027,0.000784252,0.104059563,0.048678231,50315629.88,50759096.31
1880751.01,1437284.639,0.001597072,0.000697946,0.092629546,0.043321242,50315629.9,50759096.32
1880751.01,1437284.639,0.001421924,0.000621138,0.082454715,0.038553784,50315629.91,50759096.32
1880751.01,1437284.639,0.001249496,0.000552782,0.073396226,0.034310979,50315629.92,50759096.33
1880751.01,1437284.639,0.00107728,0.000491949,0.065327386,0.030535091,50315629.92,50759096.33
1880751.01,1437284.639,0.000937166,0.000437811,0.058139935,0.027174736,50315629.93,50759096.33
1880751.009,1437284.639,0.000833549,0.00038963,0.051741869,0.024184184,50315629.94,50759096.34
1880751.009,1437284.639,0.000733339,0.000346752,0.046047151,0.02152274,50315629.94,50759096.34
1880751.009,1437284.639,0.000633336,0.000308592,0.040976343,0.019154184,50315629.95,50759096.34
1880751.009,1437284.639,0.000544629,0.000274632,0.036460171,0.017046286,50315629.95,50759096.34
1880751.009,1437284.639,0.000471387,0.000244409,0.032438897,0.01517036,50315629.96,50759096.35
1880751.009,1437284.639,0.000406472,0.000217512,0.028858512,0.013500877,50315629.96,50759096.35
1880751.009,1437284.639,0.000354282,0.000193575,0.025671569,0.012015119,50315629.97,50759096.35
1880751.009,1437284.639,0.000307217,0.000172272,0.022835085,0.010692868,50315629.97,50759096.35
1880751.009,1437284.638,0.00026676,0.000153314,0.020310648,0.009516129,50315629.97,50759096.35
1880751.009,1437284.638,0.000232502,0.000136442,0.01806421,0.008468889,50315629.97,50759096.35
1880751.009,1437284.638,0.00020429,0.000121426,0.016065587,0.007536896,50315629.98,50759096.35
1880751.009,1437284.638,0.000180079,0.000108064,0.014287716,0.006707468,50315629.98,50759096.35
1880751.009,1437284.638,0.000159019,9.62E-05,0.012706336,0.005969318,50315629.98,50759096.36
1880751.009,1437284.638,0.000141107,8.56E-05,0.011299804,0.005312401,50315629.98,50759096.36
1880751.009,1437284.638,0.000127818,7.62E-05,0.010049177,0.004727777,50315629.98,50759096.36
1880751.009,1437284.638,0.000117335,6.78E-05,0.008937599,0.00420749,50315629.98,50759096.36
1880751.008,1437284.638,0.000106575,6.03E-05,0.007949522,0.00374446,50315629.98,50759096.36
1880751.008,1437284.638,9.61E-05,5.37E-05,0.007070985,0.003332386,50315629.98,50759096.36
1880751.008,1437284.638,8.71E-05,4.78E-05,0.006289824,0.00296566,50315629.99,50759096.36
1880751.008,1437284.638,7.86E-05,4.25E-05,0.00559526,0.002639292,50315629.99,50759096.36
1880751.008,1437284.638,6.94E-05,3.78E-05,0.004977408,0.002348841,50315629.99,50759096.36
1880751.008,1437284.638,6.10E-05,3.37E-05,0.004427666,0.002090353,50315629.99,50759096.36
1880751.008,1437284.638,5.34E-05,3.00E-05,0.003938469,0.001860312,50315629.99,50759096.36
1880751.008,1437284.638,4.69E-05,2.67E-05,0.003503207,0.001655587,50315629.99,50759096.36
1880751.008,1437284.638,4.05E-05,2.37E-05,0.003115851,0.001473391,50315629.99,50759096.36
1880751.008,1437284.638,3.56E-05,2.11E-05,0.002771171,0.001311246,50315629.99,50759096.36
1880751.008,1437284.638,3.18E-05,1.88E-05,0.002464603,0.001166945,50315629.99,50759096.36
1880751.008,1437284.638,2.85E-05,1.67E-05,0.002192003,0.001038524,50315629.99,50759096.36
1880751.008,1437284.638,2.53E-05,1.49E-05,0.001949556,0.000924235,50315629.99,50759096.36
1880751.008,1437284.638,2.26E-05,1.33E-05,0.001733927,0.000822524,50315629.99,50759096.36
1880751.008,1437284.638,2.01E-05,1.18E-05,0.001542159,0.000732006,50315629.99,50759096.36
1880751.008,1437284.638,1.78E-05,1.05E-05,0.001371598,0.00065145,50315629.99,50759096.36
1880751.008,1437284.638,1.58E-05,9.34E-06,0.001219885,0.000579758,50315629.99,50759096.36
1880751.008,1437284.638,1.41E-05,8.31E-06,0.001084953,0.000515956,50315629.99,50759096.36
1880751.008,1437284.638,1.26E-05,7.40E-06,0.000964961,0.000459176,50315629.99,50759096.36
1880751.008,1437284.638,1.12E-05,6.58E-06,0.000858244,0.000408644,50315629.99,50759096.36
1880751.008,1437284.638,9.85E-06,5.86E-06,0.000763316,0.000363673,50315629.99,50759096.36
1880751.008,1437284.638,8.63E-06,5.21E-06,0.000678864,0.000323651,50315629.99,50759096.36
1880751.008,1437284.638,7.66E-06,4.64E-06,0.000603742,0.000288034,50315629.99,50759096.36
1880751.008,1437284.638,6.85E-06,4.13E-06,0.000536938,0.000256336,50315629.99,50759096.36
1880751.008,1437284.638,6.04E-06,3.68E-06,0.000477523,0.000228127,50315629.99,50759096.36
1880751.008,1437284.638,5.30E-06,3.27E-06,0.00042467,0.000203021,50315629.99,50759096.36
1880751.008,1437284.638,4.67E-06,2.91E-06,0.000377656,0.000180679,50315629.99,50759096.36
1880751.008,1437284.638,4.14E-06,2.59E-06,0.000335841,0.000160796,50315629.99,50759096.36
1880751.008,1437284.638,3.70E-06,2.31E-06,0.000298659,0.0001431,50315629.99,50759096.36
1880751.008,1437284.638,3.27E-06,2.05E-06,0.000265591,0.000127352,50315629.99,50759096.36
1880751.008,1437284.638,2.91E-06,1.83E-06,0.000236184,0.000113337,50315629.99,50759096.36
1880751.008,1437284.638,2.61E-06,1.63E-06,0.000210034,0.000100865,50315629.99,50759096.36
1880751.008,1437284.638,2.37E-06,1.45E-06,0.000186786,8.98E-05,50315629.99,50759096.36
1880751.008,1437284.638,2.17E-06,1.29E-06,0.000166122,7.99E-05,50315629.99,50759096.36
1880751.008,1437284.638,2.00E-06,1.15E-06,0.000147757,7.11E-05,50315629.99,50759096.36
1880751.008,1437284.638,1.84E-06,1.02E-06,0.000131435,6.33E-05,50315629.99,50759096.36
1880751.008,1437284.638,1.68E-06,9.07E-07,0.000116925,5.63E-05,50315629.99,50759096.36
1880751.008,1437284.638,1.53E-06,8.07E-07,0.000104026,5.01E-05,50315629.99,50759096.36
1880751.008,1437284.638,1.38E-06,7.18E-07,9.26E-05,4.46E-05,50315629.99,50759096.36
1880751.008,1437284.638,1.23E-06,6.39E-07,8.23E-05,3.97E-05,50315629.99,50759096.36
1880751.008,1437284.638,1.08E-06,5.69E-07,7.33E-05,3.53E-05,50315629.99,50759096.36
1880751.008,1437284.638,9.48E-07,5.06E-07,6.52E-05,3.14E-05,50315629.99,50759096.36
1880751.008,1437284.638,8.23E-07,4.51E-07,5.80E-05,2.80E-05,50315629.99,50759096.36
1880751.008,1437284.638,7.32E-07,4.01E-07,5.16E-05,2.49E-05,50315629.99,50759096.36
1880751.008,1437284.638,6.54E-07,3.57E-07,4.59E-05,2.22E-05,50315629.99,50759096.36
1880751.008,1437284.638,5.69E-07,3.18E-07,4.08E-05,1.97E-05,50315629.99,50759096.36
1880751.008,1437284.638,4.95E-07,2.83E-07,3.63E-05,1.75E-05,50315629.99,50759096.36
1880751.008,1437284.638,4.40E-07,2.52E-07,3.23E-05,1.56E-05,50315629.99,50759096.36
1880751.008,1437284.638,3.92E-07,2.24E-07,2.87E-05,1.39E-05,50315629.99,50759096.36
1880751.008,1437284.638,3.49E-07,1.99E-07,2.56E-05,1.24E-05,50315629.99,50759096.36
1880751.008,1437284.638,3.14E-07,1.77E-07,2.27E-05,1.10E-05,50315629.99,50759096.36
1880751.008,1437284.638,2.81E-07,1.58E-07,2.02E-05,9.80E-06,50315629.99,50759096.36
1880751.008,1437284.638,2.55E-07,1.40E-07,1.80E-05,8.72E-06,50315629.99,50759096.36
1880751.008,1437284.638,2.30E-07,1.25E-07,1.60E-05,7.76E-06,50315629.99,50759096.36
1880751.008,1437284.638,2.07E-07,1.11E-07,1.42E-05,6.90E-06,50315629.99,50759096.36
1880751.008,1437284.638,1.86E-07,9.90E-08,1.27E-05,6.15E-06,50315629.99,50759096.36
1880751.008,1437284.638,1.66E-07,8.81E-08,1.13E-05,5.47E-06,50315629.99,50759096.36
1880751.008,1437284.638,1.50E-07,7.84E-08,1.00E-05,4.87E-06,50315629.99,50759096.36
1880751.008,1437284.638,1.35E-07,6.98E-08,8.92E-06,4.33E-06,50315629.99,50759096.36
1880751.008,1437284.638,1.22E-07,6.21E-08,7.94E-06,3.85E-06,50315629.99,50759096.36
1880751.008,1437284.638,1.09E-07,5.53E-08,7.07E-06,3.43E-06,50315629.99,50759096.36
1880751.008,1437284.638,9.81E-08,4.92E-08,6.29E-06,3.05E-06,50315629.99,50759096.36
1880751.008,1437284.638,8.66E-08,4.38E-08,5.59E-06,2.72E-06,50315629.99,50759096.36
1880751.008,1437284.638,7.66E-08,3.90E-08,4.98E-06,2.42E-06,50315629.99,50759096.36
1880751.008,1437284.638,6.91E-08,3.47E-08,4.43E-06,2.15E-06,50315629.99,50759096.36
1880751.008,1437284.638,6.29E-08,3.09E-08,3.94E-06,1.92E-06,50315629.99,50759096.36
1880751.008,1437284.638,5.67E-08,2.75E-08,3.51E-06,1.70E-06,50315629.99,50759096.36
1880751.008,1437284.638,5.07E-08,2.44E-08,3.12E-06,1.52E-06,50315629.99,50759096.36
1880751.008,1437284.638,4.60E-08,2.17E-08,2.78E-06,1.35E-06,50315629.99,50759096.36
1880751.008,1437284.638,4.22E-08,1.94E-08,2.47E-06,1.20E-06,50315629.99,50759096.36
1880751.008,1437284.638,3.89E-08,1.72E-08,2.20E-06,1.07E-06,50315629.99,50759096.36
1880751.008,1437284.638,3.59E-08,1.53E-08,1.96E-06,9.51E-07,50315629.99,50759096.36
1880751.008,1437284.638,3.29E-08,1.36E-08,1.75E-06,8.47E-07,50315629.99,50759096.36
1880751.008,1437284.638,3.09E-08,1.21E-08,1.55E-06,7.54E-07,50315629.99,50759096.36
1880751.008,1437284.638,2.85E-08,1.08E-08,1.38E-06,6.71E-07,50315629.99,50759096.36
1880751.008,1437284.638,2.58E-08,9.62E-09,1.23E-06,5.97E-07,50315629.99,50759096.36
1880751.008,1437284.638,2.30E-08,8.56E-09,1.10E-06,5.31E-07,50315629.99,50759096.36
1880751.008,1437284.638,2.04E-08,7.62E-09,9.79E-07,4.73E-07,50315629.99,50759096.36
1880751.008,1437284.638,1.78E-08,6.78E-09,8.72E-07,4.21E-07,50315629.99,50759096.36
1880751.008,1437284.638,1.55E-08,6.03E-09,7.76E-07,3.74E-07,50315629.99,50759096.36
1880751.008,1437284.638,1.33E-08,5.37E-09,6.91E-07,3.33E-07,50315629.99,50759096.36
1880751.008,1437284.638,1.15E-08,4.78E-09,6.16E-07,2.97E-07,50315629.99,50759096.36
1880751.008,1437284.638,1.00E-08,4.25E-09,5.48E-07,2.64E-07,50315629.99,50759096.36
1880751.008,1437284.638,8.72E-09,3.78E-09,4.88E-07,2.35E-07,50315629.99,50759096.36
1880751.008,1437284.638,7.55E-09,3.37E-09,4.34E-07,2.09E-07,50315629.99,50759096.36
1880751.008,1437284.638,6.59E-09,3.00E-09,3.87E-07,1.86E-07,50315629.99,50759096.36
1880751.008,1437284.638,5.83E-09,2.67E-09,3.44E-07,1.66E-07,50315629.99,50759096.36
1880751.008,1437284.638,5.12E-09,2.37E-09,3.06E-07,1.47E-07,50315629.99,50759096.36
1880751.008,1437284.638,4.53E-09,2.11E-09,2.73E-07,1.31E-07,50315629.99,50759096.36
1880751.008,1437284.638,4.08E-09,1.88E-09,2.43E-07,1.17E-07,50315629.99,50759096.36
1880751.008,1437284.638,3.64E-09,1.67E-09,2.16E-07,1.04E-07,50315629.99,50759096.36
1880751.008,1437284.638,3.24E-09,1.49E-09,1.92E-07,9.24E-08,50315629.99,50759096.36
1880751.008,1437284.638,2.93E-09,1.32E-09,1.71E-07,8.22E-08,50315629.99,50759096.36
1880751.008,1437284.638,2.69E-09,1.18E-09,1.52E-07,7.32E-08,50315629.99,50759096.36
1880751.008,1437284.638,2.48E-09,1.05E-09,1.36E-07,6.51E-08,50315629.99,50759096.36
1880751.008,1437284.638,2.25E-09,9.34E-10,1.21E-07,5.80E-08,50315629.99,50759096.36
1880751.008,1437284.638,2.03E-09,8.31E-10,1.08E-07,5.16E-08,50315629.99,50759096.36
1880751.008,1437284.638,1.80E-09,7.40E-10,9.58E-08,4.59E-08,50315629.99,50759096.36
1880751.008,1437284.638,1.58E-09,6.58E-10,8.53E-08,4.09E-08,50315629.99,50759096.36
1880751.008,1437284.638,1.39E-09,5.86E-10,7.59E-08,3.64E-08,50315629.99,50759096.36
1880751.008,1437284.638,1.22E-09,5.21E-10,6.76E-08,3.24E-08,50315629.99,50759096.36
1880751.008,1437284.638,1.08E-09,4.64E-10,6.02E-08,2.88E-08,50315629.99,50759096.36
1880751.008,1437284.638,9.43E-10,4.13E-10,5.36E-08,2.56E-08,50315629.99,50759096.36
1880751.008,1437284.638,8.32E-10,3.67E-10,4.77E-08,2.28E-08,50315629.99,50759096.36
1880751.008,1437284.638,7.45E-10,3.27E-10,4.25E-08,2.03E-08,50315629.99,50759096.36
1880751.008,1437284.638,6.72E-10,2.91E-10,3.78E-08,1.81E-08,50315629.99,50759096.36
1880751.008,1437284.638,6.06E-10,2.59E-10,3.36E-08,1.61E-08,50315629.99,50759096.36
1880751.008,1437284.638,5.47E-10,2.31E-10,3.00E-08,1.43E-08,50315629.99,50759096.36
1880751.008,1437284.638,4.99E-10,2.05E-10,2.67E-08,1.27E-08,50315629.99,50759096.36
1880751.008,1437284.638,4.55E-10,1.83E-10,2.37E-08,1.13E-08,50315629.99,50759096.36
1880751.008,1437284.638,4.09E-10,1.62E-10,2.11E-08,1.01E-08,50315629.99,50759096.36
1880751.008,1437284.638,3.69E-10,1.45E-10,1.88E-08,8.97E-09,50315629.99,50759096.36
1880751.008,1437284.638,3.27E-10,1.29E-10,1.68E-08,7.99E-09,50315629.99,50759096.36
1880751.008,1437284.638,2.94E-10,1.15E-10,1.49E-08,7.11E-09,50315629.99,50759096.36
1880751.008,1437284.638,2.64E-10,1.02E-10,1.33E-08,6.33E-09,50315629.99,50759096.36
1880751.008,1437284.638,2.37E-10,9.07E-11,1.18E-08,5.63E-09,50315629.99,50759096.36
1880751.008,1437284.638,2.13E-10,8.07E-11,1.06E-08,5.01E-09,50315629.99,50759096.36
1880751.008,1437284.638,1.91E-10,7.18E-11,9.40E-09,4.46E-09,50315629.99,50759096.36
1880751.008,1437284.638,1.74E-10,6.39E-11,8.37E-09,3.97E-09,50315629.99,50759096.36
1880751.008,1437284.638,1.55E-10,5.69E-11,7.46E-09,3.53E-09,50315629.99,50759096.36
1880751.008,1437284.638,1.40E-10,5.06E-11,6.64E-09,3.14E-09,50315629.99,50759096.36
1880751.008,1437284.638,1.23E-10,4.51E-11,5.92E-09,2.80E-09,50315629.99,50759096.36
1880751.008,1437284.638,1.08E-10,4.01E-11,5.27E-09,2.49E-09,50315629.99,50759096.36
1880751.008,1437284.638,9.44E-11,3.57E-11,4.70E-09,2.22E-09,50315629.99,50759096.36
1880751.008,1437284.638,8.23E-11,3.18E-11,4.18E-09,1.97E-09,50315629.99,50759096.36
1880751.008,1437284.638,7.17E-11,2.83E-11,3.72E-09,1.75E-09,50315629.99,50759096.36
1880751.008,1437284.638,6.37E-11,2.52E-11,3.32E-09,1.56E-09,50315629.99,50759096.36
1880751.008,1437284.638,5.67E-11,2.24E-11,2.95E-09,1.39E-09,50315629.99,50759096.36
1880751.008,1437284.638,5.03E-11,1.99E-11,2.63E-09,1.24E-09,50315629.99,50759096.36
1880751.008,1437284.638,4.50E-11,1.77E-11,2.34E-09,1.10E-09,50315629.99,50759096.36
1880751.008,1437284.638,4.03E-11,1.58E-11,2.09E-09,9.79E-10,50315629.99,50759096.36
1880751.008,1437284.638,3.68E-11,1.40E-11,1.86E-09,8.72E-10,50315629.99,50759096.36
1880751.008,1437284.638,3.36E-11,1.25E-11,1.65E-09,7.76E-10,50315629.99,50759096.36
1880751.008,1437284.638,3.01E-11,1.11E-11,1.47E-09,6.90E-10,50315629.99,50759096.36
1880751.008,1437284.638,2.71E-11,9.90E-12,1.31E-09,6.14E-10,50315629.99,50759096.36
1880751.008,1437284.638,2.44E-11,8.81E-12,1.17E-09,5.47E-10,50315629.99,50759096.36
1880751.008,1437284.638,2.18E-11,7.84E-12,1.04E-09,4.87E-10,50315629.99,50759096.36
1880751.008,1437284.638,1.95E-11,6.98E-12,9.28E-10,4.33E-10,50315629.99,50759096.36
1880751.008,1437284.638,1.74E-11,6.21E-12,8.26E-10,3.85E-10,50315629.99,50759096.36
,1437284.638,,5.53E-12,,3.43E-10,,50759096.36