"","e.time","e.value","y.time","y.value","value","value.1","value.2","value.3","S.time","S.value","E.time","E.value","I.time","I.value","R.time","R.value","x.time","x.value","Z.time","Z.value","clock"
"1",0,0,0,0,-14.3372114882804,-11.7486106865108,0.310642707500086,0.443916871678084,0,35981650.2609649,0,21.3556567352712,0,284.267832323988,0,16214425.1155461,0,0.443916871678084,0,0,20524
"2",1,-1.18477031072759,1,13.6700897217667,-14.3372114882804,-11.7486106865108,0.310642707500086,0.443916871678084,1,35981435.6282186,1,165.444603431814,1,162.836289136534,1,16214617.0908888,1,0.360982949927153,1,70.5437995690513,20524
"3",2,-0.162380214996039,2,39.5848010472398,-14.3372114882804,-11.7486106865108,0.310642707500086,0.443916871678084,2,35981289.3908938,2,195.879030609181,2,140.971172332994,2,16214754.7589032,2,0.34961633487743,2,186.346697149772,20524
"4",3,-0.542440812995636,3,67.3725245669563,-14.3372114882804,-11.7486106865108,0.310642707500086,0.443916871678084,3,35981156.0036561,3,203.094053230594,3,138.432783930917,3,16214883.4695068,3,0.311645477967735,3,312.518912315088,20524
"5",4,-1.61148998902902,4,99.2244733687894,-14.3372114882804,-11.7486106865108,0.310642707500086,0.443916871678084,4,35981033.0223547,4,198.978926461244,4,137.626789027031,4,16215011.3719298,4,0.198841178735704,4,439.615340442612,20524
"6",5,1.3876035171025,5,108.200036343903,-14.3372114882804,-11.7486106865108,0.310642707500086,0.443916871678084,5,35980912.6631875,5,195.816447853519,5,134.943677079131,5,16215137.5766876,5,0.29597342493288,5,563.13698628433,20524
"7",6,0.0972270855074377,6,123.018945960975,-14.3372114882804,-11.7486106865108,0.310642707500086,0.443916871678084,6,35980787.6903062,6,197.161656396242,6,134.135908635821,6,16215262.0121287,6,0.3027793209184,6,686.764658963804,20524
"8",7,-0.101258250404683,7,133.065253863783,-14.3372114882804,-11.7486106865108,0.310642707500086,0.443916871678084,7,35980662.9851789,7,197.647062940399,7,134.169246283298,7,16215386.1985119,7,0.295691243390072,7,810.984379790093,20524
"9",8,-1.23438312298437,8,156.737029211971,-14.3372114882804,-11.7486106865108,0.310642707500086,0.443916871678084,8,35980544.0662463,8,193.213530244726,8,133.472305469355,8,16215510.2479179,8,0.209284424781166,8,934.336845013126,20524
"10",9,0.896885100662338,9,216.679004426327,-14.3372114882804,-11.7486106865108,0.310642707500086,0.443916871678084,9,35980428.1017462,9,189.305994582466,9,130.904026092862,9,16215632.6882331,9,0.27206638182753,9,1054.20888081609,20524
"11",10,-0.405272749245743,10,216.077183999741,-14.3372114882804,-11.7486106865108,0.310642707500086,0.443916871678084,10,35980312.1700545,10,186.782812586576,10,129.041768798931,10,16215753.0053641,10,0.243697289380328,10,1172.6637545401,20524
"12",11,0.0359902049195307,11,200.649543437557,-14.3372114882804,-11.7486106865108,0.310642707500086,0.443916871678084,11,35980199.4704071,11,183.178294764027,11,126.852865218729,11,16215871.4984329,11,0.246216603724695,11,1288.96791975573,20524
"13",12,0.372377420333884,12,289.475193946662,-14.3372114882804,-11.7486106865108,0.310642707500086,0.443916871678084,12,35980087.0991989,12,181.120776542617,12,124.809694660018,12,16215987.9703299,12,0.272283023148067,12,1403.39664618029,20524
"14",13,-0.245117038356296,13,293.657314488811,-14.3372114882804,-11.7486106865108,0.310642707500086,0.443916871678084,13,35979975.7847295,13,179.061454701941,13,123.323470163738,13,16216102.8303457,13,0.255124830463126,13,1516.77043744157,20524
"15",14,0.0938602574425709,14,353.703703214625,-14.3372114882804,-11.7486106865108,0.310642707500086,0.443916871678084,14,35979866.4335128,14,176.61073738134,14,121.687956962402,14,16216216.2677928,14,0.261695048484106,14,1628.57237142704,20524
"16",15,-0.823087623112087,15,347.678356269707,-14.3372114882804,-11.7486106865108,0.310642707500086,0.443916871678084,15,35979761.3260383,15,171.87128393205,15,119.705501714511,15,16216328.0971761,15,0.20407891486626,15,1738.41929943975,20524
"17",16,-1.43010367646117,16,357.907661435277,-14.3372114882804,-11.7486106865108,0.310642707500086,0.443916871678084,16,35979666.4363271,16,161.571789699481,16,115.704904296419,16,16216437.2869789,16,0.103971657513978,16,1843.6085048494,20524
"18",17,-1.53283045146854,17,378.949385280503,-14.3372114882804,-11.7486106865108,0.310642707500086,0.443916871678084,17,35979584.8619328,17,146.157175980759,17,108.604751935298,17,16216541.3761393,17,-0.0033264740888197,17,1940.5975128822,20524
"19",18,-0.472802948416705,18,453.640513717625,-14.3372114882804,-11.7486106865108,0.310642707500086,0.443916871678084,18,35979514.5943244,18,129.750549983482,18,99.02538303957,18,16216637.6297426,18,-0.0364226804779891,18,2027.27174728962,20524
"20",19,1.77069158822015,19,446.815593498122,-14.3372114882804,-11.7486106865108,0.310642707500086,0.443916871678084,19,35979448.0477937,19,118.647033610017,19,89.5052286866982,19,16216724.7999441,19,0.0875257306974213,19,2104.92179436997,20524
"21",20,0.0546889375466949,20,438.077133847608,-14.3372114882804,-11.7486106865108,0.310642707500086,0.443916871678084,20,35979383.4030381,20,111.036990881257,20,82.3521017616573,20,16216804.2078693,20,0.0913539563256899,20,2177.17659270076,20524
"22",21,1.57641806007316,21,466.106027151362,-14.3372114882804,-11.7486106865108,0.310642707500086,0.443916871678084,21,35979320.0102924,21,106.363818522961,21,76.8612031726378,21,16216877.764686,21,0.201703220530811,21,2245.24251073877,20524
"23",22,0.701207205546022,22,515.075417208954,-14.3372114882804,-11.7486106865108,0.310642707500086,0.443916871678084,22,35979255.1047418,22,104.900835436116,22,73.6921134109083,22,16216947.3023094,22,0.250787724919033,22,2311.61104440908,20524
"24",23,0.803996348378789,23,483.707846863279,-14.3372114882804,-11.7486106865108,0.310642707500086,0.443916871678084,23,35979188.7484197,23,105.277015477143,23,72.2359391154194,23,16217014.7386258,23,0.307067469305548,23,2377.59118650662,20524
"25",24,-1.12598520612264,24,540.639002793485,-14.3372114882804,-11.7486106865108,0.310642707500086,0.443916871678084,24,35979123.9001409,24,104.036403700009,24,71.6918627342216,24,16217081.3715927,24,0.228248504876963,24,2443.68007705999,20524
"26",25,-0.119723985176817,25,547.478157789006,-14.3372114882804,-11.7486106865108,0.310642707500086,0.443916871678084,25,35979062.6085763,25,100.900661620895,25,70.3151053605419,25,16217147.1756567,25,0.219867825914586,25,2508.10738369362,20524
"27",26,0.288079570965564,26,552.495395264905,-14.3372114882804,-11.7486106865108,0.310642707500086,0.443916871678084,26,35979002.3407527,26,98.5251143118504,26,68.6309562148571,26,16217211.5031768,26,0.240033395882175,26,2570.75075464649,20524
"28",27,0.451255666306001,27,579.075952230805,-14.3372114882804,-11.7486106865108,0.310642707500086,0.443916871678084,27,35978941.8768917,27,97.4400868409063,27,67.2924061154918,27,16217274.3906153,27,0.271621292523595,27,2632.29964306388,20524
"29",28,0.956450243221499,28,638.456430304764,-14.3372114882804,-11.7486106865108,0.310642707500086,0.443916871678084,28,35978879.2589003,28,98.5787514442544,28,66.7843351522215,28,16217336.3780132,28,0.3385728095491,28,2693.77896993167,20524
"30",29,-0.292957044742598,29,541.528876897641,-14.3372114882804,-11.7486106865108,0.310642707500086,0.443916871678084,29,35978815.1229028,29,100.127371027714,29,67.3301652699901,29,16217398.4195609,29,0.318065816417119,29,2756.36634779729,20524
"31",30,-0.583853221372741,30,666.374771653553,-14.3372114882804,-11.7486106865108,0.310642707500086,0.443916871678084,30,35978752.386779,30,99.8640735531236,30,67.7536147642413,30,16217460.9955327,30,0.277196090921027,30,2819.3657690311,20524
"32",31,0.473933298340884,31,552.706394723907,-14.3372114882804,-11.7486106865108,0.310642707500086,0.443916871678084,31,35978689.7442935,31,99.8259566275017,31,67.7104188689866,31,16217523.7193311,31,0.310371421804889,31,2882.04637153672,20524
"33",32,-2.49984658727442,32,668.728056406852,-14.3372114882804,-11.7486106865108,0.310642707500086,0.443916871678084,32,35978631.4527865,32,96.0658719801433,32,67.1893805404121,32,16217586.291961,32,0.135382160695679,32,2944.09796311741,20524
"34",33,0.114206016055669,33,583.903547126418,-14.3372114882804,-11.7486106865108,0.310642707500086,0.443916871678084,33,35978579.1816598,33,89.9607724472172,33,64.4835950658627,33,16217647.3739727,33,0.143376581819576,33,3002.47418934106,20524
"35",34,-0.226104336111504,34,623.604295401451,-14.3372114882804,-11.7486106865108,0.310642707500086,0.443916871678084,34,35978529.5604938,34,84.6661153307927,34,61.1925081121681,34,16217705.5808828,34,0.127549278291771,34,3057.39001253509,20524
"36",35,-0.451275964691183,35,573.436547625824,-14.3372114882804,-11.7486106865108,0.310642707500086,0.443916871678084,35,35978483.7322897,35,78.9957314303249,35,57.6501635306822,35,16217760.6218153,35,0.0959599607633877,35,3108.88860047071,20524
"37",36,0.789254263481657,36,728.107413369159,-14.3372114882804,-11.7486106865108,0.310642707500086,0.443916871678084,36,35978440.1941245,36,74.4243456650525,36,54.0650111661502,36,16217812.3165187,36,0.151207759207104,36,3156.99815144102,20524
"38",37,0.460082998677263,37,593.361506386432,-14.3372114882804,-11.7486106865108,0.310642707500086,0.443916871678084,37,35978397.3619554,37,71.4366001060457,37,51.2075578901337,37,16217860.9938866,37,0.183413569114512,37,3202.81806614926,20524
"39",38,0.369915173113873,38,729.766852332555,-14.3372114882804,-11.7486106865108,0.310642707500086,0.443916871678084,38,35978355.3606946,38,69.235255821657,38,49.0454714642557,38,16217907.3585781,38,0.209307631232483,38,3247.02067120573,20524
"40",39,0.984055235523704,39,721.741125792863,-14.3372114882804,-11.7486106865108,0.310642707500086,0.443916871678084,39,35978312.9312867,39,68.4732643726071,39,47.5711748675551,39,16217952.024274,39,0.278191497719142,39,3290.21207050052,20524
"41",40,0.380074042129367,40,668.748673779983,-14.3372114882804,-11.7486106865108,0.310642707500086,0.443916871678084,40,35978269.3627103,40,68.8703842699471,40,47.0152352618672,40,16217995.7516701,40,0.304796680668198,40,3333.38352702152,20524
"42",41,0.106455270713538,41,586.943741738409,-14.3372114882804,-11.7486106865108,0.310642707500086,0.443916871678084,41,35978225.2745909,41,69.4557161652713,41,47.0161950784654,41,16218039.2534978,41,0.312248549618146,41,3376.88631452992,20524
"43",42,-0.358150540606208,42,607.072045381894,-14.3372114882804,-11.7486106865108,0.310642707500086,0.443916871678084,42,35978181.4677976,42,69.5082465979797,42,47.1644418268169,42,16218082.859514,42,0.287178011775711,42,3420.64057740085,20524
"44",43,0.906228463157201,43,689.105306391976,-14.3372114882804,-11.7486106865108,0.310642707500086,0.443916871678084,43,35978136.6918136,43,70.415736381836,43,47.3161227497259,43,16218126.5763273,43,0.350614004196715,43,3464.50907167653,20524
"45",44,0.0479423274672494,44,708.163239579589,-14.3372114882804,-11.7486106865108,0.310642707500086,0.443916871678084,44,35978089.973862,44,72.2527179062712,44,48.0744594591707,44,16218170.6989607,44,0.353969967119423,44,3509.39004175848,20524
"46",45,-0.625866268782397,45,721.841520181115,-14.3372114882804,-11.7486106865108,0.310642707500086,0.443916871678084,45,35978043.3534368,45,73.0769130984685,45,48.9408250995059,45,16218215.628825,45,0.310159328304655,45,3555.18627173277,20524
"47",46,0.545922137089749,46,755.863960174579,-14.3372114882804,-11.7486106865108,0.310642707500086,0.443916871678084,46,35977996.176758,46,74.0758786492718,46,49.5289718805999,46,16218261.2183915,46,0.348373877900937,46,3601.36398502985,20524
"48",47,-1.44056848506541,47,653.341863860262,-14.3372114882804,-11.7486106865108,0.310642707500086,0.443916871678084,47,35977949.8820809,47,73.6885047372226,47,50.0614278501302,47,16218307.3679866,47,0.247534083946359,47,3648.04603601695,20524
"49",48,2.3443549155896,48,771.226883186055,-14.3372114882804,-11.7486106865108,0.310642707500086,0.443916871678084,48,35977901.8451607,48,75.2696728049337,48,50.1592746355419,48,16218353.7258919,48,0.41163892803763,48,3694.50178815425,20524
"50",49,-0.320790516088323,49,709.912538353647,-14.3372114882804,-11.7486106865108,0.310642707500086,0.443916871678084,49,35977849.5511744,49,78.953684468582,49,51.6983675782137,49,16218400.7967736,49,0.389183591911448,49,3743.1117627723,20524
"51",50,0.548035078816395,50,805.4776068452,-14.3372114882804,-11.7486106865108,0.310642707500086,0.443916871678084,50,35977794.9353387,50,82.7994680396952,50,53.7076736970224,50,16218449.5575196,50,0.427546047428595,50,3793.88181493763,20524
"52",51,-0.0439651870340452,51,716.648536732116,-14.3372114882804,-11.7486106865108,0.310642707500086,0.443916871678084,51,35977736.9196991,51,87.3058690190194,51,56.3166462551974,51,16218500.4577856,51,0.424468484336212,51,3847.3910535045,20524
"53",52,-1.13408905546844,52,797.516376596231,-14.3372114882804,-11.7486106865108,0.310642707500086,0.443916871678084,52,35977678.556106,52,89.7822770546398,52,58.841823628271,52,16218553.8197934,52,0.345082250453422,52,3903.27823864636,20524
"54",53,0.652230918208469,53,849.351658175687,-14.3372114882804,-11.7486106865108,0.310642707500086,0.443916871678084,53,35977619.0531576,53,92.2172619554345,53,60.5932004956617,53,16218609.13638,53,0.390738414728015,53,3960.34620215177,20524
"55",54,-1.69656623826833,54,827.934711982603,-14.3372114882804,-11.7486106865108,0.310642707500086,0.443916871678084,54,35977560.0321665,54,92.7524783947271,54,62.1751274172245,54,16218666.0402277,54,0.271978778049231,54,4018.83197677977,20524
"56",55,2.57788444500116,55,843.643761449623,-14.3372114882804,-11.7486106865108,0.310642707500086,0.443916871678084,55,35977497.996562,55,95.9908247141838,55,63.0497668249923,55,16218723.9628466,55,0.452430689199313,55,4077.62923500045,20524
"57",56,1.0234986737678,56,873.314084224702,-14.3372114882804,-11.7486106865108,0.310642707500086,0.443916871678084,56,35977425.4910352,56,105.344367223568,56,66.4595101214759,56,16218783.7050875,56,0.524075596363059,56,4140.7812192621,20524
"58",57,-0.0620625662650152,57,1013.36738419117,-14.3372114882804,-11.7486106865108,0.310642707500086,0.443916871678084,57,35977345.187991,57,116.002846480799,57,72.0905436757265,57,16218847.7186189,57,0.519731216724508,57,4210.4257841764,20524
"59",58,1.46564588215161,58,795.603225379174,-14.3372114882804,-11.7486106865108,0.310642707500086,0.443916871678084,58,35977252.9243455,58,131.059355384268,58,79.3653768068095,58,16218917.6509224,58,0.622326428475121,58,4287.63292081345,20524
"60",59,0.94319439195688,59,960.320096643066,-14.3372114882804,-11.7486106865108,0.310642707500086,0.443916871678084,59,35977140.6370126,59,154.079424896598,59,90.3760976134925,59,16218995.907465,59,0.688350035912102,59,4376.90018418946,20524
"61",60,0.36065258139834,60,1019.42617534176,-14.3372114882804,-11.7486106865108,0.310642707500086,0.443916871678084,60,35977004.7952357,60,183.941771160537,60,105.857453116364,60,16219086.40554,60,0.713595716609986,60,4482.87961477663,20524
"62",61,0.738441309534125,61,987.463443976995,-14.3372114882804,-11.7486106865108,0.310642707500086,0.443916871678084,61,35976837.7703042,61,223.536192048593,61,126.268976631256,61,16219193.4245272,61,0.765286608277375,61,4610.31012545053,20524
"63",62,0.251893062452813,62,1136.92688486082,-14.3372114882804,-11.7486106865108,0.310642707500086,0.443916871678084,62,35976629.4731735,62,275.514055513943,62,153.597386763453,62,16219322.4153843,62,0.782919122649072,62,4766.62939264488,20524
"64",63,0.614770189719789,63,1078.10987307108,-14.3372114882804,-11.7486106865108,0.310642707500086,0.443916871678084,63,35976366.2922374,63,344.840929671088,63,189.424753111416,63,16219480.4420799,63,0.825953035929457,63,4960.48345464059,20524
"65",64,0.497018338854789,64,1186.93500322205,-14.3372114882804,-11.7486106865108,0.310642707500086,0.443916871678084,64,35976025.6976717,64,440.153563674103,64,237.977630619821,64,16219677.1711341,64,0.860744319649293,64,5205.7653863514,20524
"66",65,-1.1256147460275,65,1093.99977785868,-14.3372114882804,-11.7486106865108,0.310642707500086,0.443916871678084,65,35975605.6735174,65,548.881723964927,65,300.771871785093,65,16219925.6728869,65,0.781951287427367,65,5517.06138032781,20524
"67",66,-1.75308723202618,66,1080.19792741464,-14.3372114882804,-11.7486106865108,0.310642707500086,0.443916871678084,66,35975132.5964335,66,645.150865421096,66,367.969189890669,66,16220235.2835113,66,0.659235181185535,66,5893.86932278372,20524
"68",67,-1.06052450863534,67,1314.11993770765,-14.3372114882804,-11.7486106865108,0.310642707500086,0.443916871678084,67,35974620.1455742,67,725.94593754536,67,429.79354763132,67,16220605.1149407,67,0.584998465581061,67,6325.52510995003,20524
"69",68,0.254900887223649,68,1291.54615876112,-14.3372114882804,-11.7486106865108,0.310642707500086,0.443916871678084,68,35974047.2183515,68,815.60425535232,68,488.149927018575,68,16221030.0274662,68,0.602841527686716,68,6808.79401478324,20524
"70",69,-0.224763292997966,69,1197.68487206026,-14.3372114882804,-11.7486106865108,0.310642707500086,0.443916871678084,69,35973397.9228443,69,919.491846297252,69,552.336103268774,69,16221511.2492062,69,0.587108097176859,69,7354.20193104853,20524
"71",70,0.516035795006557,70,1580.7120740883,-14.3372114882804,-11.7486106865108,0.310642707500086,0.443916871678084,70,35972656.1853806,70,1045.42324214294,70,624.285088165649,70,16222055.1062892,70,0.623230602827318,70,7970.00799892815,20524
"72",71,-0.966645569572179,71,1853.22260958493,-14.3372114882804,-11.7486106865108,0.310642707500086,0.443916871678084,71,35971829.8220866,71,1172.47145025488,71,707.47049895361,71,16222671.2359643,71,0.555565412957266,71,8669.32308484447,20524
"73",72,0.711587579092551,72,2001.9649415717,-14.3372114882804,-11.7486106865108,0.310642707500086,0.443916871678084,72,35970906.3801911,72,1316.5551057813,72,792.884809610752,72,16223365.1798936,72,0.605376543493744,72,9448.6813248046,20524
"74",73,0.0551811723203951,73,2030.10384471837,-14.3372114882804,-11.7486106865108,0.310642707500086,0.443916871678084,73,35969839.9126378,73,1498.74392448521,73,896.522429031782,73,16224145.8210088,73,0.609239225556172,73,10332.960059409,20524
"75",74,1.77960123614721,74,2262.04217581364,-14.3372114882804,-11.7486106865108,0.310642707500086,0.443916871678084,74,35968543.8745842,74,1774.56709570105,74,1028.83569129021,74,16225033.7226289,74,0.733811312086477,74,11353.1749417497,20524
"76",75,-3.15427116789445,75,2357.36439304526,-14.3372114882804,-11.7486106865108,0.310642707500086,0.443916871678084,75,35967113.3456687,75,2003.47300695957,75,1199.10579759194,75,16226065.0755268,75,0.513012330333865,75,12554.7979460125,20524
"77",76,-1.96943078737466,76,3111.20232731073,-14.3372114882804,-11.7486106865108,0.310642707500086,0.443916871678084,76,35965756.5552445,76,2072.92094206883,76,1316.70548478731,76,16227234.8183288,76,0.375152175217639,76,13842.1404351438,20524
"78",77,0.207922338147424,77,3189.54844215453,-14.3372114882804,-11.7486106865108,0.310642707500086,0.443916871678084,77,35964391.1112319,77,2122.2884201135,77,1381.10026922412,77,16228486.5000789,77,0.389706738887958,77,15158.2169696799,20524
"79",78,-0.485849226457427,78,3496.04373280015,-14.3372114882804,-11.7486106865108,0.310642707500086,0.443916871678084,78,35962983.6124873,78,2176.32731595199,78,1431.50959400188,78,16229789.5506028,78,0.355697293035938,78,16511.6768183816,20524
"80",79,-1.09644813006422,79,3555.11708919806,-14.3372114882804,-11.7486106865108,0.310642707500086,0.443916871678084,79,35961612.1959677,79,2175.25660296843,79,1462.21990271706,79,16231131.3275267,79,0.278945923931443,79,17884.1640509794,20524
"81",80,-1.45604896579922,80,4119.24594525408,-14.3372114882804,-11.7486106865108,0.310642707500086,0.443916871678084,80,35960346.116984,80,2094.26072421743,80,1455.26406257971,80,16232485.3582293,80,0.177022496325497,80,19231.2389135047,20524
"82",81,-0.821791591537861,81,4291.19039491593,-14.3372114882804,-11.7486106865108,0.310642707500086,0.443916871678084,81,35959200.4844453,81,1962.91399307814,81,1405.08262016153,81,16233812.5189415,81,0.119497084917847,81,20508.218183308,20524
"83",82,-1.55272048174705,82,3819.46549212386,-14.3372114882804,-11.7486106865108,0.310642707500086,0.443916871678084,82,35958194.7501035,82,1786.46575082422,82,1322.09607547602,82,16235077.6880703,82,0.010806651195553,82,21690.4007673344,20524
"84",83,-0.824183633366611,83,3768.63133766356,-14.3372114882804,-11.7486106865108,0.310642707500086,0.443916871678084,83,35957336.8196224,83,1584.47601861972,83,1208.57064348051,83,16236251.1337155,83,-0.0468862031401098,83,22750.3209806173,20524
"85",84,1.81093793715329,84,4397.2755989741,-14.3372114882804,-11.7486106865108,0.310642707500086,0.443916871678084,84,35956532.7540761,84,1442.57299727445,84,1091.02761450186,84,16237314.6453122,84,0.0798794524606202,84,23696.2895482889,20524
"86",85,0.774773374266741,85,4526.35726673806,-14.3372114882804,-11.7486106865108,0.310642707500086,0.443916871678084,85,35955731.7810773,85,1362.7471895772,85,1004.21017740212,85,16238282.2615558,85,0.134113588659292,85,24577.088354765,20524
"87",86,-0.150577593451589,86,5404.33065446019,-14.3372114882804,-11.7486106865108,0.310642707500086,0.443916871678084,86,35954971.0402848,86,1288.91373368112,86,939.894204711484,86,16239181.1517769,86,0.123573157117681,86,25411.6626031956,20524
"88",87,0.271459809692356,87,6261.37860423601,-14.3372114882804,-11.7486106865108,0.310642707500086,0.443916871678084,87,35954254.0570075,87,1218.22850067133,87,883.813378323208,87,16240024.9011135,87,0.142575343796146,87,26199.3311134665,20524
"89",88,-0.989410194823131,88,4741.40394309429,-14.3372114882804,-11.7486106865108,0.310642707500086,0.443916871678084,88,35953595.4842341,88,1134.9686924223,88,831.400887128638,88,16240819.1461864,88,0.0733166301585265,88,26941.163695144,20524
"90",89,-0.0673498890050505,89,6746.14575532189,-14.3372114882804,-11.7486106865108,0.310642707500086,0.443916871678084,89,35953002.0581139,89,1043.86131632838,89,772.890584596601,89,16241562.1899852,89,0.068602137928173,89,27625.6971914138,20524
"91",90,0.876054659175083,90,6457.28245575531,-14.3372114882804,-11.7486106865108,0.310642707500086,0.443916871678084,90,35952435.9750833,90,976.493388144643,90,717.127835200454,90,16242251.4036934,90,0.129925964070429,90,28259.1481502388,20524
"92",91,-0.626407674279468,91,6264.53267593,-14.3372114882804,-11.7486106865108,0.310642707500086,0.443916871678084,91,35951903.7348757,91,913.353809839834,91,670.480167401489,91,16242893.4311471,91,0.0860774268708661,91,28854.5279361322,20524
"93",92,-0.602369776980446,92,5621.94502486384,-14.3372114882804,-11.7486106865108,0.310642707500086,0.443916871678084,92,35951428.1378253,92,837.84688292913,92,622.669212161137,92,16243492.3460797,92,0.0439115424822348,92,29405.631913426,20524
"94",93,0.338733604916843,93,6411.55924441736,-14.3372114882804,-11.7486106865108,0.310642707500086,0.443916871678084,93,35950992.7674671,93,768.917486348586,93,573.359714517861,93,16244045.9553321,93,0.0676228948264139,93,29909.9316682027,20524
"95",94,-0.612833735134881,94,6449.63474018726,-14.3372114882804,-11.7486106865108,0.310642707500086,0.443916871678084,94,35950595.7945888,94,702.652380883895,94,527.204995139042,94,16244555.3480353,94,0.0247245333669722,94,30373.1696520026,20524
"96",95,-0.327491378212565,95,6961.44693798153,-14.3372114882804,-11.7486106865108,0.310642707500086,0.443916871678084,95,35950243.9484395,95,634.235881286257,95,480.787011003678,95,16245022.0286683,95,0.00180013689209264,95,30793.4323008928,20524
"97",96,0.741328507479794,96,5279.92841590789,-14.3372114882804,-11.7486106865108,0.310642707500086,0.443916871678084,96,35949919.5091668,96,578.44737449527,96,436.656714962605,96,16245446.3867438,96,0.0536931324156782,96,31173.6600803365,20524
"98",97,0.519204975876819,97,5416.28452097194,-14.3372114882804,-11.7486106865108,0.310642707500086,0.443916871678084,97,35949610.4139536,97,537.230662798964,97,400.162706353961,97,16245833.1926773,97,0.0900374807270555,97,31523.9720052206,20524
"99",98,1.35697256600239,98,5727.38421904715,-14.3372114882804,-11.7486106865108,0.310642707500086,0.443916871678084,98,35949305.896965,98,512.756383976581,98,372.298464915331,98,16246190.0481862,98,0.185025560347223,98,31852.963272676,20524
"100",99,-0.027353180437451,99,6140.16087084215,-14.3372114882804,-11.7486106865108,0.310642707500086,0.443916871678084,99,35949005.7288902,99,495.547430473926,99,353.97723291214,99,16246525.7464465,99,0.183110837716601,99,32170.3403010099,20524
"101",100,0.334712138184892,100,6576.69506897922,-14.3372114882804,-11.7486106865108,0.310642707500086,0.443916871678084,100,35948715.8108268,100,479.200122378309,100,339.452733144101,100,16246846.5363177,100,0.206540687389544,100,32476.6056724855,20524
"102",101,2.15687857257536,101,5624.26681498508,-14.3372114882804,-11.7486106865108,0.310642707500086,0.443916871678084,101,35948410.3465454,101,483.766925662385,101,330.792129189077,101,16247156.0943998,101,0.357522187469819,101,32777.5031505832,20524
"103",102,-1.39372018354108,102,6728.5106225344,-14.3372114882804,-11.7486106865108,0.310642707500086,0.443916871678084,102,35948099.9441671,102,487.09217812853,102,331.519627854363,102,16247462.444027,102,0.259961774621943,102,33084.5802764174,20524
"104",103,1.44110939424782,103,5545.50833724549,-14.3372114882804,-11.7486106865108,0.310642707500086,0.443916871678084,103,35947788.6942322,103,492.000012938362,103,331.194173800318,103,16247769.1115811,103,0.360839432219291,103,33390.9223765307,20524
"105",104,-0.137154290442752,104,6759.71908002614,-14.3372114882804,-11.7486106865108,0.310642707500086,0.443916871678084,104,35947460.7930755,104,505.755758700433,104,336.546474367455,104,16248077.9046915,104,0.351238631888298,104,33705.0677874763,20524
"106",105,0.828580868074063,105,7276.44904188101,-14.3372114882804,-11.7486106865108,0.310642707500086,0.443916871678084,105,35947117.8890139,105,525.296322717013,105,344.789856964577,105,16248393.0248065,105,0.409239292653482,105,34028.4312850699,20524
"107",106,-0.110675752707806,106,6456.86117561589,-14.3372114882804,-11.7486106865108,0.310642707500086,0.443916871678084,106,35946755.2460402,106,549.640466325002,106,358.004773974002,106,16248718.1087196,106,0.401491989963936,106,34366.7301151831,20524
"108",107,1.02828153308049,107,6324.77488182993,-14.3372114882804,-11.7486106865108,0.310642707500086,0.443916871678084,107,35946364.82693,107,584.663194049223,107,374.648353844974,107,16249056.8615222,107,0.47347169727957,107,34722.1264976279,20524
"109",108,1.71139885650138,108,7064.21490578837,-14.3372114882804,-11.7486106865108,0.310642707500086,0.443916871678084,108,35945909.4290961,108,653.206280027548,108,402.793893513844,108,16249415.5707304,108,0.593269617234667,108,35108.9812455298,20524
"110",109,0.726657650459763,109,7500.45982603548,-14.3372114882804,-11.7486106865108,0.310642707500086,0.443916871678084,109,35945365.5811448,109,755.375883328909,109,450.837007675978,109,16249809.2059643,109,0.644135652766851,109,35550.6595935707,20524
"111",110,-1.60761301067626,110,7491.97808836783,-14.3372114882804,-11.7486106865108,0.310642707500086,0.443916871678084,110,35944769.802392,110,845.120777029053,110,511.581372359153,110,16250254.4954588,110,0.531602742019513,110,36056.6934527106,20524
"112",111,1.94685168294939,111,8264.48410382943,-14.3372114882804,-11.7486106865108,0.310642707500086,0.443916871678084,111,35944089.1440104,111,962.656784837567,111,573.336742367423,111,16250755.8624625,111,0.66788235982597,111,36619.8158264163,20524
"113",112,-0.0622270485108313,112,8440.78741211347,-14.3372114882804,-11.7486106865108,0.310642707500086,0.443916871678084,112,35943264.8821437,112,1129.39320716024,112,661.262404153979,112,16251325.4622451,112,0.663526466430212,112,37277.3412708044,20524
"114",113,0.577620956696122,113,6869.89750450228,-14.3372114882804,-11.7486106865108,0.310642707500086,0.443916871678084,113,35942290.0421235,113,1333.13940411944,113,771.148112316649,113,16251986.6703601,113,0.703959933398941,113,38048.4350940233,20524
"115",114,-1.3467802015374,114,7138.3034108865,-14.3372114882804,-11.7486106865108,0.310642707500086,0.443916871678084,114,35941180.6735553,114,1536.70150221593,114,902.818043546995,114,16252760.8068991,114,0.609685319291323,114,38954.2415641987,20524
"116",115,-0.739014948291684,115,7666.68997051004,-14.3372114882804,-11.7486106865108,0.310642707500086,0.443916871678084,115,35939987.9024926,115,1708.300597612,115,1028.96576963039,115,16253655.8311402,115,0.557954272910905,115,39975.4135314721,20524
"117",116,1.98604141134933,116,8055.63961023543,-14.3372114882804,-11.7486106865108,0.310642707500086,0.443916871678084,116,35938574.7640674,116,1974.53963679665,116,1163.43850427272,116,16254668.2577916,116,0.696977171705359,116,41122.3129174629,20524
"118",117,-0.146476376879584,117,7852.79702385655,-14.3372114882804,-11.7486106865108,0.310642707500086,0.443916871678084,117,35936847.7704405,117,2344.05901350215,117,1358.00360661129,117,16255831.1669395,117,0.686723825323788,117,42479.7871676993,20524
"119",118,-1.44757933903886,118,9676.84348722698,-14.3372114882804,-11.7486106865108,0.310642707500086,0.443916871678084,118,35934939.0570094,118,2669.88751303122,118,1580.80772927486,118,16257191.2477484,118,0.585393271591067,118,44062.6720992834,20524
"120",119,0.275336590464599,119,11592.1252250808,-14.3372114882804,-11.7486106865108,0.310642707500086,0.443916871678084,119,35932831.8904806,119,2999.78644781996,119,1795.29490802809,119,16258754.0281636,119,0.604666832923589,119,45839.9396932631,20524
"121",120,0.187671317273502,120,9856.67371279433,-14.3372114882804,-11.7486106865108,0.310642707500086,0.443916871678084,120,35930404.8364899,120,3414.04576287891,120,2036.75707645113,120,16260525.3606708,120,0.617803825132734,120,47852.7343688935,20524
"122",121,-0.109149075385188,121,10559.5347881827,-14.3372114882804,-11.7486106865108,0.310642707500086,0.443916871678084,121,35927640.0917831,121,3885.34036884318,121,2317.35806923528,121,16262538.2097789,121,0.610163389855771,121,50146.1844697428,20524
"123",122,0.552301498000736,122,10151.5485877257,-14.3372114882804,-11.7486106865108,0.310642707500086,0.443916871678084,122,35924441.6505798,122,4466.92065931635,122,2642.56298355928,122,16264829.8657774,122,0.648824494715823,122,52763.0453825365,20524
"124",123,0.194696100054524,123,11356.2766747342,-14.3372114882804,-11.7486106865108,0.310642707500086,0.443916871678084,123,35920678.7000014,123,5197.42659613469,123,3047.37981894486,123,16267457.4935836,123,0.662453221719639,123,55795.4900241149,20524
"125",124,1.09912578008028,124,8896.66803888997,-14.3372114882804,-11.7486106865108,0.310642707500086,0.443916871678084,124,35916106.4349737,124,6206.80562517097,124,3561.78315760488,124,16270505.9762436,124,0.739392026325259,124,59358.376022835,20524
"126",125,-0.224314792010794,125,13640.450236386,-14.3372114882804,-11.7486106865108,0.310642707500086,0.443916871678084,125,35910539.5339115,125,7475.66921974118,125,4254.30804505471,125,16274111.4888238,125,0.723689990884504,125,63656.4134904083,20524
"127",126,0.922927145401615,126,13187.9974528207,-14.3372114882804,-11.7486106865108,0.310642707500086,0.443916871678084,126,35903692.309346,126,9135.40028006372,126,5119.45056109892,126,16278433.839813,126,0.788294891062617,126,68843.9069956575,20524
"128",127,-0.151167626268991,127,13442.4627246182,-14.3372114882804,-11.7486106865108,0.310642707500086,0.443916871678084,127,35895160.2790616,127,11266.4459355469,127,6269.90858821783,127,16283684.3664147,127,0.777713157223788,127,75244.8916245429,20524
"129",128,-0.75296713328483,128,18659.3854288436,-14.3372114882804,-11.7486106865108,0.310642707500086,0.443916871678084,128,35885045.945692,128,13570.4540195587,128,7650.4363208816,128,16290114.1639676,128,0.72500545789385,128,83055.2169101142,20524
"130",129,-1.24413774578286,129,17107.6105056826,-14.3372114882804,-11.7486106865108,0.310642707500086,0.443916871678084,129,35873665.6083165,129,15719.9568285191,129,9119.00662883579,129,16297876.4282263,129,0.63791581568905,129,92286.05147669,20524
"131",130,0.0104380022819374,130,21803.3473921047,-14.3372114882804,-11.7486106865108,0.310642707500086,0.443916871678084,130,35860862.2347356,130,17959.3859274656,130,10570.4644813855,130,16306988.9148556,130,0.638646475848786,130,102849.99595861,20524
"132",131,0.241777817065497,131,21073.5401386993,-14.3372114882804,-11.7486106865108,0.310642707500086,0.443916871678084,131,35845956.3554444,131,20731.7955980298,131,12186.3535477566,131,16317506.4954099,131,0.655570923043371,131,114983.465579219,20524
"133",132,1.73458079660204,132,30292.8960547983,-14.3372114882804,-11.7486106865108,0.310642707500086,0.443916871678084,132,35827420.7379181,132,25015.6575400143,132,14251.9675225525,132,16329692.6370194,132,0.776991578805514,132,129235.221163564,20524
"134",133,0.073525872107523,133,28137.0033973783,-14.3372114882804,-11.7486106865108,0.310642707500086,0.443916871678084,133,35803951.1074648,133,30935.0408339101,133,17279.3446004397,133,16344215.5071009,133,0.78213838985304,133,146785.468322939,20524
"135",134,-0.111598807979323,134,37316.3512786643,-14.3372114882804,-11.7486106865108,0.310642707500086,0.443916871678084,134,35775369.98589,134,37921.2656165332,134,21148.1780998013,134,16361941.5703937,134,0.774326473294488,134,168380.3651151,20524
"136",135,-0.21431048578499,135,37334.0884743348,-14.3372114882804,-11.7486106865108,0.310642707500086,0.443916871678084,135,35740840.9498583,135,46092.7407942637,135,25823.5684653219,135,16383623.7408822,135,0.759324739289538,135,194737.925969134,20524
"137",136,0.737780952264263,136,40973.2986081802,-14.3372114882804,-11.7486106865108,0.310642707500086,0.443916871678084,136,35697940.2247641,136,56839.95077215,136,31530.3761797034,136,16410070.4482841,136,0.810969405948037,136,226891.441085372,20524
"138",137,-1.5531681036197,137,53349.7007597199,-14.3372114882804,-11.7486106865108,0.310642707500086,0.443916871678084,137,35647038.9480898,137,68255.5782735642,137,38611.4476882957,137,16442475.0259483,137,0.702247638694658,137,266377.090258225,20524
"139",138,1.88765576315487,138,64842.9988265367,-14.3372114882804,-11.7486106865108,0.310642707500086,0.443916871678084,138,35584460.5655222,138,83633.8209574909,138,46536.2102657853,138,16481750.4032545,138,0.834383542115499,138,313577.230141925,20524
"140",139,-0.582763861194275,139,66627.4134431167,-14.3372114882804,-11.7486106865108,0.310642707500086,0.443916871678084,139,35504870.8278946,139,104176.731683535,139,57601.3687532627,139,16529732.0716686,139,0.7935900718319,139,372624.057043456,20524
"141",140,-0.69353325709606,140,93280.4661876402,-14.3372114882804,-11.7486106865108,0.310642707500086,0.443916871678084,140,35411144.1459431,140,125658.763467385,140,70612.0434597977,140,16588966.0471298,140,0.745042743835175,140,444868.707211172,20524
"142",141,-0.886034770354085,141,119077.250529392,-14.3372114882804,-11.7486106865108,0.310642707500086,0.443916871678084,141,35303929.5145739,141,147050.947078706,141,84617.8246972451,141,16660782.7136502,141,0.683020309910389,141,530691.154969054,20524
"143",142,-0.65891437849126,142,125635.742377894,-14.3372114882804,-11.7486106865108,0.310642707500086,0.443916871678084,142,35184218.2576067,142,167742.817161768,142,98744.8811838208,142,16745675.0440477,142,0.636896303416001,142,629710.541853129,20524
"144",143,-0.116652084041687,143,154400.597533488,-14.3372114882804,-11.7486106865108,0.310642707500086,0.443916871678084,143,35050173.3283549,143,189572.883299954,143,112974.950544957,143,16843659.8378002,143,0.628730657533083,143,741925.404966804,20524
"145",144,0.382091279633148,144,195682.619936948,-14.3372114882804,-11.7486106865108,0.310642707500086,0.443916871678084,144,34896589.499942,144,215982.757968897,144,128507.472796589,144,16955301.2692925,144,0.655477047107404,144,869099.358710726,20524
"146",145,0.897491965555186,145,214533.212343302,-14.3372114882804,-11.7486106865108,0.310642707500086,0.443916871678084,145,34714020.0350683,145,252071.960667542,145,147548.675884753,145,17082740.3283795,145,0.718301484696267,145,1015579.62088583,20524
"147",146,-0.696377301643919,146,205909.600778338,-14.3372114882804,-11.7486106865108,0.310642707500086,0.443916871678084,146,34502826.9147198,146,291903.645553377,146,171485.406624753,146,17230165.0331021,146,0.669555073581192,146,1186941.05634846,20524
"148",147,0.266731339426757,147,307699.567328741,-14.3372114882804,-11.7486106865108,0.310642707500086,0.443916871678084,147,34263481.4862588,147,334720.173900795,147,197422.688875334,147,17400756.6509652,147,0.688226267341065,147,1383469.9564621,20524
"149",148,1.54564384057949,148,308200.864705896,-14.3372114882804,-11.7486106865108,0.310642707500086,0.443916871678084,148,33971023.0135611,148,398429.464274034,148,229326.964160895,148,17597601.558004,148,0.796421336181629,148,1612219.13878648,20524
"150",149,-0.156669168120794,149,358681.859183163,-14.3372114882804,-11.7486106865108,0.310642707500086,0.443916871678084,149,33613470.2103398,149,479919.753384725,149,273483.172982873,149,17829507.8632927,149,0.785454494413174,149,1888281.65289715,20524
"151",150,-0.104774171303484,150,399296.204199664,-14.3372114882804,-11.7486106865108,0.310642707500086,0.443916871678084,150,33195261.4926223,150,568802.548765977,150,325903.427636961,150,18106413.5309748,150,0.77812030242193,150,2217607.57523335,20524
"152",151,0.186699403312514,151,580339.565082837,-14.3372114882804,-11.7486106865108,0.310642707500086,0.443916871678084,151,32703702.8830714,151,671328.653538874,151,386011.082011957,151,18435338.3813778,151,0.791189260653806,151,2606640.08001139,20524
"153",152,-0.937488871944409,152,569644.483159897,-14.3372114882804,-11.7486106865108,0.310642707500086,0.443916871678084,152,32148161.0976141,152,771858.544193556,152,452876.237472656,152,18823485.1207198,152,0.725565039617697,152,3061651.97481405,20524
"154",153,1.26910145901175,153,731831.678219279,-14.3372114882804,-11.7486106865108,0.310642707500086,0.443916871678084,153,31506088.2486905,153,893519.17038498,153,522456.075693905,153,19274317.5052307,153,0.81440214174852,153,3582064.19754617,20524
"155",154,0.128004346691308,154,988932.700256733,-14.3372114882804,-11.7486106865108,0.310642707500086,0.443916871678084,154,30742511.0996965,154,1047211.23188575,154,609577.72988122,154,19797080.9385366,154,0.823362446016911,154,4191949.28503942,20524
"156",155,-0.770372855017505,155,1168947.02306442,-14.3372114882804,-11.7486106865108,0.310642707500086,0.443916871678084,155,29896089.1952043,155,1188602.26883113,155,705805.368071229,155,20405884.1678934,155,0.769436346165686,155,4896980.15258625,20524
"157",156,-1.90512775587324,156,1236997.71555985,-14.3372114882804,-11.7486106865108,0.310642707500086,0.443916871678084,156,29042246.440647,156,1265645.28158675,156,788745.770174106,156,21099743.5075922,156,0.63607740325456,156,5673779.89438788,20524
"158",157,-0.0121297913240164,157,1362116.00563678,-14.3372114882804,-11.7486106865108,0.310642707500086,0.443916871678084,157,28196793.730265,157,1303528.76575975,157,840154.53591186,157,21855903.9680634,157,0.635228317861878,157,6481349.1205969,20524
"159",158,-0.095889949634034,158,1671397.96788094,-14.3372114882804,-11.7486106865108,0.310642707500086,0.443916871678084,158,27337553.0038945,158,1332887.05323344,158,874931.841948012,158,22651009.1009241,158,0.628516021387496,158,7311231.55949374,20524
"160",159,0.473945648263052,159,1527660.43969558,-14.3372114882804,-11.7486106865108,0.310642707500086,0.443916871678084,159,26465517.3174125,159,1358923.5623744,159,899079.87024339,159,23472860.2499698,159,0.66169221676591,159,8157230.73683481,20524
"161",160,-1.77225896618483,160,1804811.8978493,-14.3372114882804,-11.7486106865108,0.310642707500086,0.443916871678084,160,25640534.9264171,160,1332173.87529485,160,910974.458567319,160,24312697.7397208,160,0.537634089132972,160,9008962.81490975,20524
"162",161,0.731165287092228,161,1850478.13257494,-14.3372114882804,-11.7486106865108,0.310642707500086,0.443916871678084,161,24872328.0153177,161,1280674.67525575,161,893659.474849932,161,25149718.8345767,161,0.588815659229427,161,9828668.92604821,20524
"163",162,0.30468527747897,162,1965527.56482937,-14.3372114882804,-11.7486106865108,0.310642707500086,0.443916871678084,162,24118491.8360327,162,1241306.92654234,162,870083.978188098,162,25966498.2592369,162,0.610143628652955,162,10621872.8540467,20524
"164",163,0.415227953072856,163,2676390.55390652,-14.3372114882804,-11.7486106865108,0.310642707500086,0.443916871678084,163,23389873.5193724,163,1201769.21261717,163,844399.732914524,163,26760338.5350959,163,0.639209585368055,163,11390028.8846321,20524
"165",164,1.54857271420565,164,2756243.06091429,-14.3372114882804,-11.7486106865108,0.310642707500086,0.443916871678084,164,22655088.0526555,164,1187654.97686494,164,822381.87740809,164,27531256.0930716,164,0.747609675362451,164,12138928.5871013,20524
"166",165,0.114841333451051,165,2969006.09009614,-14.3372114882804,-11.7486106865108,0.310642707500086,0.443916871678084,165,21915738.4728695,165,1180855.00768778,165,812287.567465438,165,28287499.9519774,165,0.755648568704025,165,12885078.1360644,20524
"167",166,-0.308135728850379,166,2581560.89440354,-14.3372114882804,-11.7486106865108,0.310642707500086,0.443916871678084,166,21213948.9738125,166,1148562.68153701,166,799566.808197357,166,29034302.5364532,166,0.734079067684498,166,13619159.9612721,20524
"168",167,0.253339991414655,167,2719889.64567744,-14.3372114882804,-11.7486106865108,0.310642707500086,0.443916871678084,167,20550424.1712297,167,1103823.52682462,167,777215.39043188,167,29764917.9115139,167,0.751812867083524,167,14327423.9185674,20524
"169",168,-1.51163965258619,168,2918016.88804517,-14.3372114882804,-11.7486106865108,0.310642707500086,0.443916871678084,168,19955081.6572321,168,1026242.07361374,168,744413.588125561,168,30470643.6810287,168,0.645998091402491,168,15000347.8857759,20524
"170",169,0.788875354267572,169,3399115.18111429,-14.3372114882804,-11.7486106865108,0.310642707500086,0.443916871678084,169,19422325.4631107,169,941853.096993089,169,694612.087313307,169,31137590.3525829,169,0.701219366201221,169,15617493.0565179,20524
"171",170,-0.620436697351623,170,2855584.49816661,-14.3372114882804,-11.7486106865108,0.310642707500086,0.443916871678084,170,18937248.602686,170,859443.214717821,170,642733.393196894,170,31756955.7893993,170,0.657788797386607,170,16184979.7992179,20524
"172",171,0.711229217646033,171,3287376.37379017,-14.3372114882804,-11.7486106865108,0.310642707500086,0.443916871678084,171,18500699.8023012,171,781245.422326867,171,587817.978240028,171,32326617.797132,171,0.70757484262183,171,16699726.3919936,20524
"173",172,-0.86285570934443,172,3510661.05895818,-14.3372114882804,-11.7486106865108,0.310642707500086,0.443916871678084,172,18112738.2594069,172,701839.734617333,172,535234.650096948,172,32846568.3558789,172,0.64717494296772,172,17167093.6225975,20524
"174",173,-1.53969999212323,173,3505316.41832839,-14.3372114882804,-11.7486106865108,0.310642707500086,0.443916871678084,173,17796578.039516,173,605945.170388535,173,477777.597595888,173,33316080.1924996,173,0.539395943519094,173,17579148.4067172,20524
"175",174,-0.131465495272469,174,3817405.4994815,-14.3372114882804,-11.7486106865108,0.310642707500086,0.443916871678084,174,17538480.7767767,174,513045.621239946,174,415227.8630363,174,33729626.7389471,174,0.530193358850021,174,17930145.2186051,20524
"176",175,0.885697380456141,175,3477842.69459073,-14.3372114882804,-11.7486106865108,0.310642707500086,0.443916871678084,175,17313095.8296381,175,439968.458116211,175,356826.138218576,175,34086490.5740271,175,0.592192175481951,175,18228607.3288673,20524
"177",176,-0.219130966123213,176,3794363.76883693,-14.3372114882804,-11.7486106865108,0.310642707500086,0.443916871678084,176,17116961.1088118,176,378814.995911756,176,307264.053989019,176,34393340.8412875,176,0.576853007853326,176,18485895.5118981,20524
"178",177,-1.43909549408332,177,3064073.37756286,-14.3372114882804,-11.7486106865108,0.310642707500086,0.443916871678084,177,16959332.3990065,177,317341.37215981,177,262714.094845128,177,34656993.1339886,177,0.476116323267493,177,18704997.8454554,20524
"179",178,-2.20696238482214,178,3853942.58198291,-14.3372114882804,-11.7486106865108,0.310642707500086,0.443916871678084,178,16842672.7054142,178,254253.006307968,178,219329.459832302,178,34880125.8284456,178,0.321628956329943,178,18884745.9048995,20524
"180",179,0.540797217550531,179,3690358.10006258,-14.3372114882804,-11.7486106865108,0.310642707500086,0.443916871678084,179,16752999.4547044,179,201534.131145408,179,178074.368389229,179,35063773.045761,179,0.35948476155848,179,19027138.0307718,20524
"181",180,1.71419345257415,180,3318400.32924111,-14.3372114882804,-11.7486106865108,0.310642707500086,0.443916871678084,180,16675001.3049547,180,165066.088370371,180,144048.113356566,180,35212265.4933184,180,0.479478303238671,180,19141604.2232966,20524
"182",181,-0.117456988429436,181,4273082.93205121,-14.3372114882804,-11.7486106865108,0.310642707500086,0.443916871678084,181,16608062.9904582,181,137141.070909914,181,118077.383776445,181,35333099.5548555,181,0.47125631404861,181,19236467.5552536,20524
"183",182,-0.632750401380959,182,3286501.71768521,-14.3372114882804,-11.7486106865108,0.310642707500086,0.443916871678084,182,16554635.862437,182,112271.782014717,182,97070.3424426604,182,35432403.0131057,182,0.426963785951943,182,19314763.97217,20524
"184",183,-1.09058105206535,183,3987312.09000446,-14.3372114882804,-11.7486106865108,0.310642707500086,0.443916871678084,183,16513499.7204875,183,89944.6933278967,183,79148.9435785734,183,35513787.6426061,183,0.350623112307368,183,19378227.2028062,20524
"185",184,1.98869202368315,184,3816883.30562221,-14.3372114882804,-11.7486106865108,0.310642707500086,0.443916871678084,184,16479246.8269121,184,73288.6152667898,184,64027.7150170868,184,35579817.8428041,184,0.489831553965189,184,19429136.1744428,20524
"186",185,-1.12502656059146,185,3710117.48278684,-14.3372114882804,-11.7486106865108,0.310642707500086,0.443916871678084,185,16450522.9669675,185,60077.9989780735,185,52310.3699876892,185,35633469.6640669,185,0.411079694723787,185,19471070.6506761,20524
"187",186,0.152973157870948,186,4256547.81991825,-14.3372114882804,-11.7486106865108,0.310642707500086,0.443916871678084,186,16427940.8028699,186,48623.4936270819,186,42562.2114323307,186,35677254.4920708,186,0.421787815774753,186,19505107.3201247,20524
"188",187,-0.654943344965119,187,3899181.55562865,-14.3372114882804,-11.7486106865108,0.310642707500086,0.443916871678084,187,16409918.5172992,187,39123.1925358544,187,34515.762967114,187,35712823.5271979,187,0.375941781627195,187,19532629.9067866,20524
"189",188,-1.37196940766855,188,4334323.2114737,-14.3372114882804,-11.7486106865108,0.310642707500086,0.443916871678084,188,16396355.2066547,188,30761.4312650547,188,27712.3081653154,188,35741552.0539151,188,0.279903923090396,188,19554554.978702,20524
"190",189,1.89151783970309,189,4325378.51965965,-14.3372114882804,-11.7486106865108,0.310642707500086,0.443916871678084,189,16385385.2046008,189,24504.4854536828,189,22014.9481659234,189,35764476.3617797,189,0.412310171869613,189,19571781.9265672,20524
"191",190,0.809486730743355,190,4000942.85792321,-14.3372114882804,-11.7486106865108,0.310642707500086,0.443916871678084,190,16375761.9546371,190,20147.4715063861,190,17704.5401253862,190,35782767.0337312,190,0.468974243021648,190,19585762.1904781,20524
"192",191,0.148088069093222,191,4456084.15394843,-14.3372114882804,-11.7486106865108,0.310642707500086,0.443916871678084,191,16367701.1337661,191,16664.2013557514,191,14435.3251036423,191,35797580.3397746,191,0.479340407858173,191,19597306.2814998,20524
"193",192,0.0115265095243546,192,5131115.73153261,-14.3372114882804,-11.7486106865108,0.310642707500086,0.443916871678084,192,16361068.2491877,192,13757.5441593965,192,11850.0533967105,192,35809705.1532563,192,0.480147263524878,192,19606845.8232746,20524
"194",193,-1.35301430689024,193,3785508.10063083,-14.3372114882804,-11.7486106865108,0.310642707500086,0.443916871678084,193,16355862.4878828,193,11139.8145343837,193,9715.84829311254,193,35819662.8492898,193,0.385436262042561,193,19614669.3142045,20524
"195",194,-1.10766371121144,194,3924334.55586785,-14.3372114882804,-11.7486106865108,0.310642707500086,0.443916871678084,194,16351973.2802191,194,8782.78247378793,194,7848.85033444718,194,35827776.0869728,194,0.307899802257761,194,19620915.5539288,20524
"196",195,0.828231825976641,195,3669452.96310828,-14.3372114882804,-11.7486106865108,0.310642707500086,0.443916871678084,195,16348893.3233204,195,6949.27288841437,195,6255.94919504985,195,35834282.4545962,195,0.365876030076125,195,19625829.0204128,20524
"197",196,0.121600846248717,196,3868496.20436941,-14.3372114882804,-11.7486106865108,0.310642707500086,0.443916871678084,196,16346354.8711009,196,5568.03926310234,196,4991.78012546762,196,35839466.3095106,196,0.374388089313536,196,19629748.7062576,20524
"198",197,-0.0691710791718445,197,3625634.02685763,-14.3372114882804,-11.7486106865108,0.310642707500086,0.443916871678084,197,16344323.0566971,197,4458.91499388221,197,3991.54046033774,197,35843607.4878488,197,0.369546113771507,197,19632889.6449307,20524
"199",198,-0.0304543868160897,198,3549257.0818759,-14.3372114882804,-11.7486106865108,0.310642707500086,0.443916871678084,198,16342703.9247436,198,3565.09961594709,198,3192.35880941366,198,35846919.6168312,198,0.36741430669438,198,19635402.5922621,20524
"200",199,0.124290687019959,199,3787716.80719086,-14.3372114882804,-11.7486106865108,0.310642707500086,0.443916871678084,199,16341405.1418334,199,2854.10436238167,199,2553.26979868869,199,35849568.4840056,199,0.376114654785778,199,19637412.3704259,20524
"201",200,-0.409077780788146,200,3249822.80977769,-14.3372114882804,-11.7486106865108,0.310642707500086,0.443916871678084,200,16340375.831919,200,2275.71363922344,200,2042.04949304368,200,35851687.4049489,200,0.347479210130607,200,19639020.0710634,20524
"202",201,-0.473125600556455,201,3397913.9082345,-14.3372114882804,-11.7486106865108,0.310642707500086,0.443916871678084,201,16339578.9857521,201,1796.80635524811,201,1626.07416180982,201,35853379.133731,201,0.314360418091655,201,19640295.8245143,20524
"203",202,0.117952912174655,202,4765627.47111674,-14.3372114882804,-11.7486106865108,0.310642707500086,0.443916871678084,202,16338954.5772924,202,1416.0980589346,202,1287.79718742088,202,35854722.5274613,202,0.322617121943881,202,19641300.9412703,20524
"204",203,1.90089499463582,203,3665142.79913088,-14.3372114882804,-11.7486106865108,0.310642707500086,0.443916871678084,203,16338424.6183885,203,1146.46699089474,203,1023.18123861606,203,35855786.7333822,203,0.455679771568389,203,19642100.5312423,20524
"205",204,-0.47409834002675,204,3757276.62733044,-14.3372114882804,-11.7486106865108,0.310642707500086,0.443916871678084,204,16337977.5682724,204,938.75614349516,204,826.021047869883,204,35856638.6545364,204,0.422492887766516,204,19642755.2922058,20524
"206",205,-0.275839272538842,205,3660901.69580346,-14.3372114882804,-11.7486106865108,0.310642707500086,0.443916871678084,205,16337625.2411491,205,758.895763834895,205,668.7288295191,205,35857328.1342576,205,0.403184138688797,205,19643287.4797087,20524
"207",206,0.127457463113321,206,3771422.3981241,-14.3372114882804,-11.7486106865108,0.310642707500086,0.443916871678084,206,16337341.8441251,206,612.753667870142,206,540.496913583631,206,35857885.9052935,206,0.41210616110673,206,19643717.0188287,20524
"208",207,1.70221292555527,207,3908887.53619903,-14.3372114882804,-11.7486106865108,0.310642707500086,0.443916871678084,207,16337097.6738134,207,507.125269938906,207,438.934750404692,207,35858337.2661663,207,0.531261065895599,207,19644066.8175383,20524
"209",208,-0.318916697214027,208,4074343.59092059,-14.3372114882804,-11.7486106865108,0.310642707500086,0.443916871678084,208,16336887.5623512,208,424.57356771618,208,362.234178213383,208,35858706.6299029,208,0.508936897090617,208,19644359.4807027,20524
"210",209,1.44757662107904,209,3670802.35811455,-14.3372114882804,-11.7486106865108,0.310642707500086,0.443916871678084,209,16336706.6914688,209,360.063085154079,209,301.507654118153,209,35859012.737792,209,0.61026726056615,209,19644604.8620677,20524
"211",210,0.442214896013162,210,3695019.1870711,-14.3372114882804,-11.7486106865108,0.310642707500086,0.443916871678084,210,16336544.4221639,210,311.562130545614,210,255.414868034474,210,35859269.6008376,210,0.641222303287071,210,19644815.6323272,20524
"212",211,-0.429416633844907,211,4144515.64317565,-14.3372114882804,-11.7486106865108,0.310642707500086,0.443916871678084,211,16336405.9450634,211,267.896914014467,211,218.630349032935,211,35859488.5276736,211,0.611163138917928,211,19644997.7746442,20524
"213",212,0.558751258542012,212,4225950.8384134,-14.3372114882804,-11.7486106865108,0.310642707500086,0.443916871678084,212,16336286.8851236,212,230.684104545535,212,187.360331924013,212,35859676.0704401,212,0.650275727015868,212,19645154.0473935,20524
"214",213,-0.27046215468349,213,3736451.01916283,-14.3372114882804,-11.7486106865108,0.310642707500086,0.443916871678084,213,16336183.52017,213,199.03862239428,213,161.295470348823,213,35859837.1457374,213,0.631343376188024,213,19645289.0578293,20524
"215",214,0.472825325963235,214,4240363.87840048,-14.3372114882804,-11.7486106865108,0.310642707500086,0.443916871678084,214,16336093.9187505,214,172.231811188252,214,138.975503343542,214,35859975.8739351,214,0.66444114900545,214,19645405.46606,20524
"216",215,0.190389036661097,215,3723232.11978612,-14.3372114882804,-11.7486106865108,0.310642707500086,0.443916871678084,215,16336014.7021703,215,150.228150367147,215,120.385352929428,215,35860095.6843265,215,0.677768381571727,215,19645506.6863009,20524
"217",216,-1.0438123419639,216,3913259.70031889,-14.3372114882804,-11.7486106865108,0.310642707500086,0.443916871678084,216,16335947.9313599,216,129.096298656371,216,104.367742848319,216,35860199.6045987,216,0.604701517634254,216,19645594.5889631,20524
"218",217,1.92215044469543,217,3587204.96299538,-14.3372114882804,-11.7486106865108,0.310642707500086,0.443916871678084,217,16335888.525927,217,112.908769143137,217,90.1241936438445,217,35860289.4411104,217,0.739252048762934,217,19645670.1819256,20524
"219",218,0.0368232887111335,218,3602698.83701839,-14.3372114882804,-11.7486106865108,0.310642707500086,0.443916871678084,218,16335833.1124307,218,101.053627203978,218,79.2139858798654,218,35860367.6199564,218,0.741829678972713,218,19645737.4505638,20524
"220",219,-1.88148382262738,219,3329112.98131434,-14.3372114882804,-11.7486106865108,0.310642707500086,0.443916871678084,219,16335787.2094656,219,87.4849111030335,219,69.7527553613141,219,35860436.5528681,219,0.610125811388797,219,19645796.922245,20524
"221",220,-1.49329908892875,220,3995065.77836034,-14.3372114882804,-11.7486106865108,0.310642707500086,0.443916871678084,220,16335751.6602319,220,72.6829486173651,220,60.0050983690651,220,35860496.6517213,220,0.505594875163785,220,19645847.2734412,20524
"222",221,-0.509711277153972,221,3761052.31267261,-14.3372114882804,-11.7486106865108,0.310642707500086,0.443916871678084,221,16335723.5384334,221,59.4006248969265,221,50.3537262353725,221,35860547.7072156,221,0.469915085763007,221,19645888.6775633,20524
"223",222,0.142708143760586,222,4209814.12541934,-14.3372114882804,-11.7486106865108,0.310642707500086,0.443916871678084,222,16335700.4365079,222,48.6609115781589,222,41.6803319776406,222,35860590.2222487,222,0.479904655826247,222,19645922.5192022,20524
"224",223,1.49283980747877,223,3893095.51869078,-14.3372114882804,-11.7486106865108,0.310642707500086,0.443916871678084,223,16335680.2333117,223,40.8772625093997,223,34.5188837075536,223,35860625.3705422,223,0.584403442349761,223,19645950.5060475,20524
"225",224,-0.571616272349003,224,3669675.37328606,-14.3372114882804,-11.7486106865108,0.310642707500086,0.443916871678084,224,16335662.8156472,224,34.5754872378224,224,28.9515150217698,224,35860654.6573507,224,0.544390303285331,224,19645974.2254872,20524
"226",225,-1.61014767494501,225,4842122.70439993,-14.3372114882804,-11.7486106865108,0.310642707500086,0.443916871678084,225,16335649.2630049,225,28.3402428629272,225,24.1814653478305,225,35860679.215287,225,0.43167996603918,225,19645994.0133739,20524
"227",226,2.76655317468998,226,4047062.93003336,-14.3372114882804,-11.7486106865108,0.310642707500086,0.443916871678084,226,16335637.586024,226,23.7831625577669,226,20.0201332989922,226,35860699.6106802,226,0.625338688267479,226,19646010.2474351,20524
"228",227,-0.825249376459893,227,4365412.43627705,-14.3372114882804,-11.7486106865108,0.310642707500086,0.443916871678084,227,16335627.1279802,227,20.3488419808394,227,16.8878126800605,227,35860716.6353652,227,0.567571231915286,227,19646024.1397994,20524
"229",228,-0.914890075392999,228,3463217.98927266,-14.3372114882804,-11.7486106865108,0.310642707500086,0.443916871678084,228,16335618.8159643,228,16.9432198893705,228,14.2264005307895,228,35860731.0144154,228,0.503528926637776,228,19646035.8574375,20524
"230",229,0.650679143723153,229,4511984.73300092,-14.3372114882804,-11.7486106865108,0.310642707500086,0.443916871678084,229,16335611.91952,229,14.1176467756057,229,11.8871000193953,229,35860743.0757333,229,0.549076466698397,229,19646045.5794549,20524
"231",230,-0.902031006558087,230,3844844.82496124,-14.3372114882804,-11.7486106865108,0.310642707500086,0.443916871678084,230,16335606.1989238,230,11.7192281428582,230,9.93005402227726,230,35860753.1517942,230,0.485934296239331,230,19646053.6984698,20524
"232",231,-1.34589911117379,231,4198625.48075121,-14.3372114882804,-11.7486106865108,0.310642707500086,0.443916871678084,231,16335601.797509,231,9.46690664775304,231,8.20303041091478,231,35860761.5325541,231,0.391721358457165,231,19646060.352206,20524
"233",232,-1.9659850541946,232,4443527.24373034,-14.3372114882804,-11.7486106865108,0.310642707500086,0.443916871678084,232,16335598.5854537,232,7.38851055800048,232,6.63494659384871,232,35860768.3910892,232,0.254102404663543,232,19646065.6426574,20524
"234",233,0.432539848788738,233,3555941.94891235,-14.3372114882804,-11.7486106865108,0.310642707500086,0.443916871678084,233,16335596.1610108,233,5.72028608606223,233,5.24478820834141,233,35860773.873915,233,0.284380194078755,233,19646069.7353247,20524
"235",234,-0.651516415607651,234,4486838.02450814,-14.3372114882804,-11.7486106865108,0.310642707500086,0.443916871678084,234,16335594.2654058,234,4.43584807509738,234,4.11172938893222,234,35860778.1870168,234,0.238774044986219,234,19646072.9153677,20524
"236",235,0.597714238412313,235,4286503.67768437,-14.3372114882804,-11.7486106865108,0.310642707500086,0.443916871678084,235,16335592.7895862,235,3.44884666586767,235,3.20418475069817,235,35860781.5573825,235,0.280614041675081,235,19646075.3781888,20524
"237",236,-1.65099871140389,236,4155916.69966964,-14.3372114882804,-11.7486106865108,0.310642707500086,0.443916871678084,236,16335591.6776929,236,2.64834349690426,236,2.4918608285041,236,35860784.1821029,236,0.165044131876809,236,19646077.2905853,20524
"238",237,-1.62572955134873,237,4302631.4190826,-14.3372114882804,-11.7486106865108,0.310642707500086,0.443916871678084,237,16335590.9114163,237,1.96963533901879,237,1.90835391115227,237,35860786.2105946,237,0.0512430632823979,237,19646078.73557,20524
"239",238,0.496993845727091,238,3708292.07438282,-14.3372114882804,-11.7486106865108,0.310642707500086,0.443916871678084,238,16335590.3543443,238,1.45841771496389,238,1.43664917196604,238,35860787.7505889,238,0.0860326324832942,238,19646079.8038596,20524
"240",239,-1.07458213325104,239,4168530.79006712,-14.3372114882804,-11.7486106865108,0.310642707500086,0.443916871678084,239,16335589.9437497,239,1.07658000297027,239,1.07410117407133,239,35860788.9055692,239,0.0108118831557217,239,19646080.5962919,20524
"241",240,-1.223262620901,240,4106204.25994433,-14.3372114882804,-11.7486106865108,0.310642707500086,0.443916871678084,240,16335589.6617324,240,0.779154425133559,240,0.794151219117889,240,35860789.7649621,240,-0.0748165003073482,240,19646081.1757348,20524
"242",241,0.0371744792541896,241,3883651.01354509,-14.3372114882804,-11.7486106865108,0.310642707500086,0.443916871678084,241,16335589.463431,241,0.56026978557377,241,0.579850332858723,241,35860790.396449,241,-0.0722142867595549,241,19646081.5929209,20524
"243",242,-0.304717534450967,242,4847721.7009445,-14.3372114882804,-11.7486106865108,0.310642707500086,0.443916871678084,242,16335589.3203989,242,0.403017087445063,242,0.420668424059651,242,35860790.8559156,242,-0.0935445141711226,242,19646081.8932056,20524
"244",243,0.0641890426532365,243,3853102.05631948,-14.3372114882804,-11.7486106865108,0.310642707500086,0.443916871678084,243,16335589.2177993,243,0.289777515609915,243,0.303901453712073,243,35860791.1885218,243,-0.0890512811853961,243,19646082.1090449,20524
"245",244,0.468701764205962,244,4076312.67887405,-14.3372114882804,-11.7486106865108,0.310642707500086,0.443916871678084,244,16335589.142396,244,0.20962537539039,244,0.219358565275749,244,35860791.4286202,244,-0.0562421576909787,244,19646082.2646003,20524
"246",245,1.17897658306538,245,4547625.56062796,-14.3372114882804,-11.7486106865108,0.310642707500086,0.443916871678084,245,16335589.0847126,245,0.154054811801941,245,0.159042803823433,245,35860791.6021899,245,0.0262862031235979,245,19646082.3778543,20524
"247",246,0.453109207797837,246,3687922.42773802,-14.3372114882804,-11.7486106865108,0.310642707500086,0.443916871678084,246,16335589.0401775,246,0.114712794172941,246,0.116498927495564,246,35860791.7286108,246,0.0580038476694465,246,19646082.4617313,20524
"248",247,-0.359251362282129,247,4031224.9860333,-14.3372114882804,-11.7486106865108,0.310642707500086,0.443916871678084,247,16335589.0072682,247,0.0851704279942972,247,0.0859719186854448,247,35860791.8215895,247,0.0328562523096974,247,19646082.524183,20524
"249",248,-1.68326648590426,248,3956147.35692134,-14.3372114882804,-11.7486106865108,0.310642707500086,0.443916871678084,248,16335588.9845889,248,0.061874706221886,248,0.0633222448590205,248,35860791.8902142,248,-0.084972401703601,248,19646082.5701581,20524
"250",249,-0.904341555256987,249,4534232.50007942,-14.3372114882804,-11.7486106865108,0.310642707500086,0.443916871678084,249,16335588.9694386,249,0.0440153065694342,249,0.0460568190156735,249,35860791.9404894,249,-0.14827631057159,249,19646082.6031677,20524
"251",250,-0.399339114068357,250,3845664.69887111,-14.3372114882804,-11.7486106865108,0.310642707500086,0.443916871678084,250,16335588.9589848,250,0.0310849007418196,250,0.0330935067124019,250,35860791.9768369,250,-0.176230048556375,250,19646082.626552,20524
"252",251,-1.18049539888918,251,4155173.20185261,-14.3372114882804,-11.7486106865108,0.310642707500086,0.443916871678084,251,16335588.9518974,251,0.0217200624289385,251,0.0235493597001594,251,35860792.0028333,251,-0.258864726478617,251,19646082.6430042,20524
"253",252,0.166369418143233,252,3513864.05245081,-14.3372114882804,-11.7486106865108,0.310642707500086,0.443916871678084,252,16335588.9470683,252,0.0151031471622481,252,0.0165881483142685,252,35860792.0212405,252,-0.247218867208591,252,19646082.6544503,20524
"254",253,0.381589837340709,253,3841604.11503668,-14.3372114882804,-11.7486106865108,0.310642707500086,0.443916871678084,253,16335588.9436108,253,0.0105758628286558,253,0.0116387917807279,253,35860792.0341747,253,-0.220507578594742,253,19646082.662435,20524
"255",254,0.0589075902466947,254,3562066.08703872,-14.3372114882804,-11.7486106865108,0.310642707500086,0.443916871678084,254,16335588.9411457,254,0.0074354930568093,254,0.00816959110445472,254,35860792.0432493,254,-0.216384047277473,254,19646082.6680404,20524
"256",255,-0.524472090465179,255,3803606.49555507,-14.3372114882804,-11.7486106865108,0.310642707500086,0.443916871678084,255,16335588.9394409,255,0.00520431774455917,255,0.00573455873217098,255,35860792.0496203,255,-0.253097093610036,255,19646082.6719764,20524
"257",256,-0.660935415774321,256,4052791.80250091,-14.3372114882804,-11.7486106865108,0.310642707500086,0.443916871678084,256,16335588.938294,256,0.003608426583069,256,0.00401120921065271,256,35860792.0540864,256,-0.299362572714238,256,19646082.6747192,20524
"258",257,-0.163024335329379,257,3989109.06557054,-14.3372114882804,-11.7486106865108,0.310642707500086,0.443916871678084,257,16335588.9375174,257,0.00248932170218802,257,0.00279074708795507,257,35860792.0572026,257,-0.310774276187295,257,19646082.6766149,20524
"259",258,-0.386983272655456,258,4196128.77654979,-14.3372114882804,-11.7486106865108,0.310642707500086,0.443916871678084,258,16335588.9369882,258,0.00171210486504755,258,0.00193355927659796,258,35860792.0593662,258,-0.337863105273177,258,19646082.6779213,20524
"260",259,-0.561209216353563,259,3868167.66313095,-14.3372114882804,-11.7486106865108,0.310642707500086,0.443916871678084,259,16335588.9366341,259,0.00117015776782185,259,0.0013336284970049,259,35860792.0608622,259,-0.377147750417926,259,19646082.6788174,20524
"261",260,-0.316196836845704,260,3567559.85414688,-14.3372114882804,-11.7486106865108,0.310642707500086,0.443916871678084,260,16335588.936398,260,0.000795601318757498,260,0.000915024766746768,260,35860792.0618915,260,-0.399281528997125,260,19646082.6794281,20524
"262",261,-2.20907233123716,261,3730947.39537424,-14.3372114882804,-11.7486106865108,0.310642707500086,0.443916871678084,261,16335588.9362493,261,0.000531503294892745,261,0.000623539790692121,261,35860792.0625957,261,-0.553916592183726,261,19646082.6798408,20524
"263",262,0.394806603074581,262,3243549.11733881,-14.3372114882804,-11.7486106865108,0.310642707500086,0.443916871678084,262,16335588.9361554,262,0.00035180443441556,262,0.000419882831247124,262,35860792.063073,262,-0.526280129968506,262,19646082.6801145,20524
"264",263,-0.621019569248013,263,3443694.5710904,-14.3372114882804,-11.7486106865108,0.310642707500086,0.443916871678084,263,16335588.9360927,263,0.000233046189595688,263,0.000281009313480555,263,35860792.0633933,263,-0.569751499815867,263,19646082.6802959,20524
"265",264,0.135038821019603,264,3822411.99565975,-14.3372114882804,-11.7486106865108,0.310642707500086,0.443916871678084,264,16335588.9360516,264,0.000154124066373702,264,0.000187144185632546,264,35860792.0636072,264,-0.560298782344494,264,19646082.6804159,20524
"266",265,-0.255839083916852,265,4023848.65858072,-14.3372114882804,-11.7486106865108,0.310642707500086,0.443916871678084,265,16335588.9360244,265,0.000101942808635372,265,0.000124319380206518,265,35860792.0637494,265,-0.578207518218674,265,19646082.6804953,20524
"267",266,-1.30015539897186,266,3779131.75039877,-14.3372114882804,-11.7486106865108,0.310642707500086,0.443916871678084,266,16335588.9360073,266,6.67575494103276e-05,266,8.2300800789996e-05,266,35860792.0638438,266,-0.669218396146704,266,19646082.6805476,20524
"268",267,1.09299529156725,267,4023336.040736,-14.3372114882804,-11.7486106865108,0.310642707500086,0.443916871678084,267,16335588.9359961,267,4.37473195147825e-05,267,5.41896854220769e-05,267,35860792.0639061,267,-0.592708725736997,267,19646082.6805818,20524
"269",268,0.950782814661597,268,3925211.54182722,-14.3372114882804,-11.7486106865108,0.310642707500086,0.443916871678084,268,16335588.9359882,268,2.90897856260724e-05,268,3.57343769048293e-05,268,35860792.0639471,268,-0.526153928710685,268,19646082.6806044,20524
"270",269,1.27900398040287,269,3387691.08753532,-14.3372114882804,-11.7486106865108,0.310642707500086,0.443916871678084,269,16335588.9359825,269,1.96342238418733e-05,269,2.37179320290944e-05,269,35860792.0639742,269,-0.436623650082484,269,19646082.6806195,20524
"271",270,0.0909294783704712,270,4127324.60511338,-14.3372114882804,-11.7486106865108,0.310642707500086,0.443916871678084,270,16335588.9359786,270,1.33481642639229e-05,270,1.58865812766453e-05,270,35860792.0639923,270,-0.430258586596551,270,19646082.6806297,20524
"272",271,3.1456901131996,271,3870475.27315526,-14.3372114882804,-11.7486106865108,0.310642707500086,0.443916871678084,271,16335588.9359756,271,9.3008845368019e-06,271,1.07444539595839e-05,271,35860792.0640045,271,-0.210060278672579,271,19646082.6806367,20524
"273",272,-1.23884101920796,272,3659961.70732736,-14.3372114882804,-11.7486106865108,0.310642707500086,0.443916871678084,272,16335588.9359734,272,6.53928083729816e-06,272,7.39668103630883e-06,272,35860792.0640127,272,-0.296779150017137,272,19646082.6806417,20524
"274",273,0.608845787880342,273,3940478.83151225,-14.3372114882804,-11.7486106865108,0.310642707500086,0.443916871678084,273,16335588.935972,273,4.55789074112013e-06,273,5.11873448785261e-06,273,35860792.0640185,273,-0.254159944865513,273,19646082.6806451,20524
"275",274,-1.07316207049613,274,3983131.44885485,-14.3372114882804,-11.7486106865108,0.310642707500086,0.443916871678084,274,16335588.935971,274,3.15902889056511e-06,274,3.55248784456773e-06,274,35860792.0640224,274,-0.329281289800242,274,19646082.6806475,20524
"276",275,1.51480462536916,275,4099480.82439242,-14.3372114882804,-11.7486106865108,0.310642707500086,0.443916871678084,275,16335588.9359703,275,2.19996900711081e-06,275,2.46225453413099e-06,275,35860792.0640252,275,-0.223244966024401,275,19646082.6806492,20524
"277",276,-0.446260224903205,276,3125293.84318906,-14.3372114882804,-11.7486106865108,0.310642707500086,0.443916871678084,276,16335588.9359697,276,1.54351452465864e-06,276,1.71576139556116e-06,276,35860792.0640271,276,-0.254483181767625,276,19646082.6806504,20524
"278",277,-1.2345609111987,277,3170185.77072415,-14.3372114882804,-11.7486106865108,0.310642707500086,0.443916871678084,277,16335588.9359694,277,1.06634128646445e-06,277,1.19510109793371e-06,277,35860792.0640284,277,-0.340902445551534,277,19646082.6806512,20524
"279",278,1.04573152934819,278,3990723.0429049,-14.3372114882804,-11.7486106865108,0.310642707500086,0.443916871678084,278,16335588.9359692,278,7.37123643730784e-07,278,8.2829868771422e-07,278,35860792.0640294,278,-0.267701238497161,278,19646082.6806517,20524
"280",279,-1.14658985484571,279,4069173.45672237,-14.3372114882804,-11.7486106865108,0.310642707500086,0.443916871678084,279,16335588.935969,279,5.09018928085634e-07,279,5.74215813820708e-07,279,35860792.06403,279,-0.347962528336361,279,19646082.6806521,20524
"281",280,1.16356153855229,280,3856122.32961278,-14.3372114882804,-11.7486106865108,0.310642707500086,0.443916871678084,280,16335588.9359689,280,3.52043913270714e-07,280,3.96903277264491e-07,280,35860792.0640304,280,-0.266513220637701,280,19646082.6806524,20524
"282",281,-0.468528667372644,281,3564101.66648952,-14.3372114882804,-11.7486106865108,0.310642707500086,0.443916871678084,281,16335588.9359688,281,2.44711560949444e-07,281,2.75084302967366e-07,281,35860792.0640308,281,-0.299310227353786,281,19646082.6806526,20524
"283",282,-1.93713328407659,282,3653512.13646038,-14.3372114882804,-11.7486106865108,0.310642707500086,0.443916871678084,282,16335588.9359688,282,1.66721047351139e-07,282,1.90133730881578e-07,282,35860792.064031,282,-0.434909557239147,282,19646082.6806527,20524
"284",283,1.8920198054195,283,3392855.68026118,-14.3372114882804,-11.7486106865108,0.310642707500086,0.443916871678084,283,16335588.9359688,283,1.13948387850797e-07,283,1.30386925738144e-07,283,35860792.0640311,283,-0.302468170859783,283,19646082.6806528,20524
"285",284,-1.26941852954318,284,3856014.46044136,-14.3372114882804,-11.7486106865108,0.310642707500086,0.443916871678084,284,16335588.9359687,284,7.82285878613991e-08,284,8.95845296759895e-08,284,35860792.0640312,284,-0.391327467927805,284,19646082.6806529,20524
"286",285,1.92407069995311,285,4178973.65809587,-14.3372114882804,-11.7486106865108,0.310642707500086,0.443916871678084,285,16335588.9359687,285,5.4053439288618e-08,285,6.14871640410381e-08,285,35860792.0640313,285,-0.256642518931088,285,19646082.6806529,20524
"287",286,-0.883510200074369,286,4460768.02146901,-14.3372114882804,-11.7486106865108,0.310642707500086,0.443916871678084,286,16335588.9359687,286,3.75880202049179e-08,286,4.24735065996863e-08,286,35860792.0640313,286,-0.318488232936294,286,19646082.6806529,20524
"288",287,0.0451449652616821,287,4232105.42802673,-14.3372114882804,-11.7486106865108,0.310642707500086,0.443916871678084,287,16335588.9359687,287,2.5935067897989e-08,287,2.93443586669981e-08,287,35860792.0640314,287,-0.315328085367976,287,19646082.680653,20524
"289",288,-1.48651082406511,288,4283884.85212337,-14.3372114882804,-11.7486106865108,0.310642707500086,0.443916871678084,288,16335588.9359687,288,1.76889553236036e-08,288,2.02264556294339e-08,288,35860792.0640314,288,-0.419383843052534,288,19646082.680653,20524
"290",289,0.488262318586936,289,3752845.98008767,-14.3372114882804,-11.7486106865108,0.310642707500086,0.443916871678084,289,16335588.9359687,289,1.19992874721559e-08,289,1.38436138090139e-08,289,35860792.0640314,289,-0.385205480751448,289,19646082.680653,20524
"291",290,0.177983825367445,290,3614063.06784919,-14.3372114882804,-11.7486106865108,0.310642707500086,0.443916871678084,290,16335588.9359687,290,8.1929448663993e-09,290,9.45697364901402e-09,290,35860792.0640314,290,-0.372746612975727,290,19646082.680653,20524
"292",291,0.0665887658425744,291,4677259.21859523,-14.3372114882804,-11.7486106865108,0.310642707500086,0.443916871678084,291,16335588.9359687,291,5.60503092699399e-09,291,6.46256341285096e-09,291,35860792.0640314,291,-0.368085399366747,291,19646082.680653,20524
"293",292,-1.73689997985011,292,4176287.86009296,-14.3372114882804,-11.7486106865108,0.310642707500086,0.443916871678084,292,16335588.9359687,292,3.78370044081224e-09,292,4.4092897519134e-09,292,35860792.0640314,292,-0.489668397956255,292,19646082.680653,20524
"294",293,0.347754004925371,293,4308960.40872367,-14.3372114882804,-11.7486106865108,0.310642707500086,0.443916871678084,293,16335588.9359687,293,2.5336624651201e-09,293,2.98546539338351e-09,293,35860792.0640314,293,-0.465325617611479,293,19646082.680653,20524
"295",294,0.254607990202716,294,3484535.90414384,-14.3372114882804,-11.7486106865108,0.310642707500086,0.443916871678084,294,16335588.9359687,294,1.70706750522138e-09,294,2.0153738073633e-09,294,35860792.0640314,294,-0.447503058297289,294,19646082.680653,20524
"296",295,0.262046576481952,295,3988064.3796073,-14.3372114882804,-11.7486106865108,0.310642707500086,0.443916871678084,295,16335588.9359687,295,1.15495964588345e-09,295,1.3607728478679e-09,295,35860792.0640314,295,-0.429159797943552,295,19646082.680653,20524
"297",296,-1.861144644116,296,4330418.06926529,-14.3372114882804,-11.7486106865108,0.310642707500086,0.443916871678084,296,16335588.9359687,296,7.7171803130796e-10,296,9.18035305684504e-10,296,35860792.0640314,296,-0.559439923031672,296,19646082.680653,20524
"298",297,0.877453503438471,297,3688935.92797668,-14.3372114882804,-11.7486106865108,0.310642707500086,0.443916871678084,297,16335588.9359687,297,5.13113682909715e-10,297,6.15202580379281e-10,297,35860792.0640314,297,-0.498018177790979,297,19646082.680653,20524
"299",298,-1.61555753071414,298,4419123.14357274,-14.3372114882804,-11.7486106865108,0.310642707500086,0.443916871678084,298,16335588.9359687,298,3.39647340395158e-10,298,4.11143245524925e-10,298,35860792.0640314,298,-0.611107204940969,298,19646082.680653,20524
"300",299,-1.28747585526584,299,3446508.19849888,-14.3372114882804,-11.7486106865108,0.310642707500086,0.443916871678084,299,16335588.9359687,299,2.20853704117417e-10,299,2.72530653439359e-10,299,35860792.0640314,299,-0.701230514809578,299,19646082.680653,20524
"301",300,-0.379677879637937,300,3559547.31442441,-14.3372114882804,-11.7486106865108,0.310642707500086,0.443916871678084,300,16335588.9359687,300,1.42514673752274e-10,300,1.78892391947918e-10,300,35860792.0640314,300,-0.727807966384233,300,19646082.680653,20524
"302",301,-1.7868398880971,301,3558386.94281063,-14.3372114882804,-11.7486106865108,0.310642707500086,0.443916871678084,301,16335588.9359687,301,9.09704094625813e-11,301,1.16444233769449e-10,301,35860792.0640314,301,-0.85288675855103,301,19646082.680653,20524
"303",302,-0.177406092309144,302,3557288.1059788,-14.3372114882804,-11.7486106865108,0.310642707500086,0.443916871678084,302,16335588.9359687,302,5.75756821580581e-11,302,7.50342118814246e-11,302,35860792.0640314,302,-0.86530518501267,302,19646082.680653,20524
"304",303,-0.48145830913788,303,3594886.15802465,-14.3372114882804,-11.7486106865108,0.310642707500086,0.443916871678084,303,16335588.9359687,303,3.63864651216265e-11,303,4.80146186966083e-11,303,35860792.0640314,303,-0.899007266652322,303,19646082.680653,20524
"305",304,0.196365725303281,304,4620327.92913251,-14.3372114882804,-11.7486106865108,0.310642707500086,0.443916871678084,304,16335588.9359687,304,2.29969386969852e-11,304,3.05734576882154e-11,304,35860792.0640314,304,-0.885261665881092,304,19646082.680653,20524
"306",305,0.638943835114945,305,3397224.80797749,-14.3372114882804,-11.7486106865108,0.310642707500086,0.443916871678084,305,16335588.9359687,305,1.46175830270261e-11,305,1.94336811773932e-11,305,35860792.0640314,305,-0.840535597423046,305,19646082.680653,20524
"307",306,0.359096720985821,306,3724014.26930825,-14.3372114882804,-11.7486106865108,0.310642707500086,0.443916871678084,306,16335588.9359687,306,9.34463450863998e-12,306,1.23693440565212e-11,306,35860792.0640314,306,-0.815398826954039,306,19646082.680653,20524
"308",307,1.48950258154183,307,5011498.5070702,-14.3372114882804,-11.7486106865108,0.310642707500086,0.443916871678084,307,16335588.9359687,307,6.03867186513687e-12,307,7.89984516541949e-12,307,35860792.0640314,307,-0.71113364624611,307,19646082.680653,20524
"309",308,0.59352559434717,308,5080959.48956463,-14.3372114882804,-11.7486106865108,0.310642707500086,0.443916871678084,308,16335588.9359687,308,3.94679128347357e-12,308,5.08238659068053e-12,308,35860792.0640314,308,-0.669586854641809,308,19646082.680653,20524
"310",309,0.608653107337879,309,3473554.6300988,-14.3372114882804,-11.7486106865108,0.310642707500086,0.443916871678084,309,16335588.9359687,309,2.59411139752288e-12,309,3.29349406394942e-12,309,35860792.0640314,309,-0.626981137128157,309,19646082.680653,20524
"311",310,-0.15492505906353,310,3710212.32918957,-14.3372114882804,-11.7486106865108,0.310642707500086,0.443916871678084,310,16335588.9359687,310,1.70633822724873e-12,310,2.14715789686622e-12,310,35860792.0640314,310,-0.637825891262604,310,19646082.680653,20524
"312",311,1.47642942545295,311,4003630.84408619,-14.3372114882804,-11.7486106865108,0.310642707500086,0.443916871678084,311,16335588.9359687,311,1.13151557808592e-12,311,1.4059357668894e-12,311,35860792.0640314,311,-0.534475831480898,311,19646082.680653,20524
"313",312,-0.174851818599301,312,4110987.77036119,-14.3372114882804,-11.7486106865108,0.310642707500086,0.443916871678084,312,16335588.9359687,312,7.55421049817267e-13,312,9.27456075957809e-13,312,35860792.0640314,312,-0.546715458782849,312,19646082.680653,20524
"314",313,0.554551578610382,313,3702698.92812129,-14.3372114882804,-11.7486106865108,0.310642707500086,0.443916871678084,313,16335588.9359687,313,5.0484323226198e-13,313,6.1458642510217e-13,313,35860792.0640314,313,-0.507896848280122,313,19646082.680653,20524
"315",314,0.767990690676047,314,4217329.3272629,-14.3372114882804,-11.7486106865108,0.310642707500086,0.443916871678084,314,16335588.9359687,314,3.4021432731776e-13,314,4.09366906954682e-13,314,35860792.0640314,314,-0.454137499932798,314,19646082.680653,20524
"316",315,1.21238620542722,315,4084276.89900965,-14.3372114882804,-11.7486106865108,0.310642707500086,0.443916871678084,315,16335588.9359687,315,2.32334199380313e-13,315,2.74718571842166e-13,315,35860792.0640314,315,-0.369270465552893,315,19646082.680653,20524
"317",316,0.550934828836239,316,4179718.92279103,-14.3372114882804,-11.7486106865108,0.310642707500086,0.443916871678084,316,16335588.9359687,316,1.60379056551459e-13,316,1.86226046210615e-13,316,35860792.0640314,316,-0.330705027534356,316,19646082.680653,20524
"318",317,0.113471828307398,317,3530112.23813367,-14.3372114882804,-11.7486106865108,0.310642707500086,0.443916871678084,317,16335588.9359687,317,1.10937370182786e-13,317,1.2728537518683e-13,317,35860792.0640314,317,-0.322761999552838,317,19646082.680653,20524
"319",318,-0.0771359772143812,318,3741960.3620475,-14.3372114882804,-11.7486106865108,0.310642707500086,0.443916871678084,318,16335588.9359687,318,7.659460151159e-14,318,8.74032159148432e-14,318,35860792.0640314,318,-0.328161517957845,318,19646082.680653,20524
"320",319,0.441848054140508,319,4735620.00338854,-14.3372114882804,-11.7486106865108,0.310642707500086,0.443916871678084,319,16335588.9359687,319,5.29984981202735e-14,319,6.01632018315412e-14,319,35860792.0640314,319,-0.297232154168009,319,19646082.680653,20524
"321",320,1.07577214576412,320,3429435.79475393,-14.3372114882804,-11.7486106865108,0.310642707500086,0.443916871678084,320,16335588.9359687,320,3.71129868065551e-14,320,4.16051941697779e-14,320,35860792.0640314,320,-0.221928103964521,320,19646082.680653,20524
"322",321,-1.6891572646464,321,3872987.43765055,-14.3372114882804,-11.7486106865108,0.310642707500086,0.443916871678084,321,16335588.9359687,321,2.57761896413558e-14,321,2.89250008308901e-14,321,35860792.0640314,321,-0.340169112489769,321,19646082.680653,20524
"323",322,-1.46205501291305,322,3611694.2180058,-14.3372114882804,-11.7486106865108,0.310642707500086,0.443916871678084,322,16335588.9359687,322,1.7464595009693e-14,322,1.99730259648033e-14,322,35860792.0640314,322,-0.442512963393682,322,19646082.680653,20524
"324",323,-2.9280725241553,323,3940970.26773265,-14.3372114882804,-11.7486106865108,0.310642707500086,0.443916871678084,323,16335588.9359687,323,1.14994461610348e-14,323,1.35996274968125e-14,323,35860792.0640314,323,-0.647478040084554,323,19646082.680653,20524
"325",324,0.103578739169624,324,3768133.26074789,-14.3372114882804,-11.7486106865108,0.310642707500086,0.443916871678084,324,16335588.9359687,324,7.47169016857065e-15,324,9.09039017362834e-15,324,35860792.0640314,324,-0.64022752834268,324,19646082.680653,20524
"326",325,-0.745153909274897,325,4019611.5963528,-14.3372114882804,-11.7486106865108,0.310642707500086,0.443916871678084,325,16335588.9359687,325,4.85328825158816e-15,325,6.01043007706449e-15,325,35860792.0640314,325,-0.692388301991923,325,19646082.680653,20524
"327",326,-1.6864099150258,326,4290096.02830778,-14.3372114882804,-11.7486106865108,0.310642707500086,0.443916871678084,326,16335588.9359687,326,3.11284980755773e-15,326,3.93690841866684e-15,326,35860792.0640314,326,-0.810436996043729,326,19646082.680653,20524
"328",327,0.412929080992496,327,3610923.53031803,-14.3372114882804,-11.7486106865108,0.310642707500086,0.443916871678084,327,16335588.9359687,327,1.98766055175227e-15,327,2.55278469782306e-15,327,35860792.0640314,327,-0.781531960374254,327,19646082.680653,20524
"329",328,-1.06910376944207,328,3651452.53108869,-14.3372114882804,-11.7486106865108,0.310642707500086,0.443916871678084,328,16335588.9359687,328,1.26659331296242e-15,328,1.64598373586163e-15,328,35860792.0640314,328,-0.856369224235199,328,19646082.680653,20524
"330",329,0.371650488106488,329,4187838.76204385,-14.3372114882804,-11.7486106865108,0.310642707500086,0.443916871678084,329,16335588.9359687,329,8.05269934124389e-16,329,1.05536884202066e-15,329,35860792.0640314,329,-0.830353690067745,329,19646082.680653,20524
"331",330,-0.382999580604247,330,4807215.84066974,-14.3372114882804,-11.7486106865108,0.310642707500086,0.443916871678084,330,16335588.9359687,330,5.12428924100478e-16,330,6.74888448795541e-16,330,35860792.0640314,330,-0.857163660710042,330,19646082.680653,20524
"332",331,0.0586438562694111,331,4019330.87844827,-14.3372114882804,-11.7486106865108,0.310642707500086,0.443916871678084,331,16335588.9359687,331,3.25704507893851e-16,331,4.30593410011968e-16,331,35860792.0640314,331,-0.853058590771183,331,19646082.680653,20524
"333",332,0.557165641831697,332,3830000.59902074,-14.3372114882804,-11.7486106865108,0.310642707500086,0.443916871678084,332,16335588.9359687,332,2.07875505808806e-16,332,2.74521388064666e-16,332,35860792.0640314,332,-0.814056995842964,332,19646082.680653,20524
"334",333,1.03593392245215,333,3475755.91066678,-14.3372114882804,-11.7486106865108,0.310642707500086,0.443916871678084,333,16335588.9359687,333,1.33932341114723e-16,333,1.75405455251378e-16,333,35860792.0640314,333,-0.741541621271314,333,19646082.680653,20524
"335",334,0.0385192030826121,334,3647060.24788699,-14.3372114882804,-11.7486106865108,0.310642707500086,0.443916871678084,334,16335588.9359687,334,8.6747774693936e-17,334,1.12608871160993e-16,334,35860792.0640314,334,-0.738845277055531,334,19646082.680653,20524
"336",335,-0.43308149831167,335,3961587.45058639,-14.3372114882804,-11.7486106865108,0.310642707500086,0.443916871678084,335,16335588.9359687,335,5.59761624978341e-17,335,7.24931372795368e-17,335,35860792.0640314,335,-0.769160981937348,335,19646082.680653,20524
"337",336,0.919383547189533,336,3802526.94047316,-14.3372114882804,-11.7486106865108,0.310642707500086,0.443916871678084,336,16335588.9359687,336,3.6226742464338e-17,336,4.67091227925987e-17,336,35860792.0640314,336,-0.70480413363408,336,19646082.680653,20524
"338",337,0.658559470711759,337,3704824.65700817,-14.3372114882804,-11.7486106865108,0.310642707500086,0.443916871678084,337,16335588.9359687,337,2.36657235138046e-17,337,3.02122996549657e-17,337,35860792.0640314,337,-0.658704970684257,337,19646082.680653,20524
"339",338,-1.61116325600395,338,3977524.00360316,-14.3372114882804,-11.7486106865108,0.310642707500086,0.443916871678084,338,16335588.9359687,338,1.53390640865573e-17,338,1.96045081702145e-17,338,35860792.0640314,338,-0.771486398604534,338,19646082.680653,20524
"340",339,-0.676042872959983,339,4451127.55751211,-14.3372114882804,-11.7486106865108,0.310642707500086,0.443916871678084,339,16335588.9359687,339,9.80748111204943e-18,339,1.26711962247537e-17,339,35860792.0640314,339,-0.818809399711732,339,19646082.680653,20524
"341",340,-1.24156677116244,340,4124504.08685361,-14.3372114882804,-11.7486106865108,0.310642707500086,0.443916871678084,340,16335588.9359687,340,6.21047983064893e-18,340,8.14104143839088e-18,340,35860792.0640314,340,-0.905719073693103,340,19646082.680653,20524
"342",341,-0.517388752123468,341,4006550.2130758,-14.3372114882804,-11.7486106865108,0.310642707500086,0.443916871678084,341,16335588.9359687,341,3.90233700366337e-18,341,5.19172406277456e-18,341,35860792.0640314,341,-0.941936286341746,341,19646082.680653,20524
"343",342,-1.25583042825022,342,3531557.27160334,-14.3372114882804,-11.7486106865108,0.310642707500086,0.443916871678084,342,16335588.9359687,342,2.43346983064283e-18,342,3.28832553575992e-18,342,35860792.0640314,342,-1.02984441631926,342,19646082.680653,20524
"344",343,1.39863169013577,343,3621440.5325651,-14.3372114882804,-11.7486106865108,0.310642707500086,0.443916871678084,343,16335588.9359687,343,1.52193571034009e-18,343,2.07000783921142e-18,343,35860792.0640314,343,-0.931940198009758,343,19646082.680653,20524
"345",344,0.550327334903542,344,4444559.76200934,-14.3372114882804,-11.7486106865108,0.310642707500086,0.443916871678084,344,16335588.9359687,344,9.62446749949703e-19,344,1.30341633111572e-18,344,35860792.0640314,344,-0.89341728456651,344,19646082.680653,20524
"346",345,-0.506882337289265,345,3479345.95323567,-14.3372114882804,-11.7486106865108,0.310642707500086,0.443916871678084,345,16335588.9359687,345,6.08360401485879e-19,345,8.22297794410788e-19,345,35860792.0640314,345,-0.928899048176758,345,19646082.680653,20524
"347",346,0.21253285586412,346,3919060.36035358,-14.3372114882804,-11.7486106865108,0.310642707500086,0.443916871678084,346,16335588.9359687,346,3.83867522904832e-19,346,5.18789228305613e-19,346,35860792.0640314,346,-0.91402174826627,346,19646082.680653,20524
"348",347,-0.321725428382347,347,3491564.44727289,-14.3372114882804,-11.7486106865108,0.310642707500086,0.443916871678084,347,16335588.9359687,347,2.42048801386738e-19,347,3.27346005944058e-19,347,35860792.0640314,347,-0.936542528253034,347,19646082.680653,20524
"349",348,0.422925079008571,348,3824315.16120434,-14.3372114882804,-11.7486106865108,0.310642707500086,0.443916871678084,348,16335588.9359687,348,1.52738479007482e-19,348,2.06466633115217e-19,348,35860792.0640314,348,-0.906937772722434,348,19646082.680653,20524
"350",349,0.28483684051887,349,4066229.49387417,-14.3372114882804,-11.7486106865108,0.310642707500086,0.443916871678084,349,16335588.9359687,349,9.67515624494804e-20,349,1.30359338525242e-19,349,35860792.0640314,349,-0.886999193886113,349,19646082.680653,20524
"351",350,0.947141179715833,350,3513775.96965973,-14.3372114882804,-11.7486106865108,0.310642707500086,0.443916871678084,350,16335588.9359687,350,6.16998303123748e-20,350,8.24984514759416e-20,350,35860792.0640314,350,-0.820699311306005,350,19646082.680653,20524
"352",351,0.394211910318436,351,3623668.19159706,-14.3372114882804,-11.7486106865108,0.310642707500086,0.443916871678084,351,16335588.9359687,351,3.96143856283211e-20,351,5.24458264822833e-20,351,35860792.0640314,351,-0.793104477583715,351,19646082.680653,20524
"353",352,-1.10412326186364,352,3300386.77501814,-14.3372114882804,-11.7486106865108,0.310642707500086,0.443916871678084,352,16335588.9359687,352,2.52894405727052e-20,352,3.34455648502177e-20,352,35860792.0640314,352,-0.87039310591417,352,19646082.680653,20524
"354",353,0.223923799197499,353,4818151.32108962,-14.3372114882804,-11.7486106865108,0.310642707500086,0.443916871678084,353,16335588.9359687,353,1.60637126578945e-20,353,2.13014904049869e-20,353,35860792.0640314,353,-0.854718439970345,353,19646082.680653,20524
"355",354,-0.111402452363167,354,4201498.54432706,-14.3372114882804,-11.7486106865108,0.310642707500086,0.443916871678084,354,16335588.9359687,354,1.02130501603482e-20,354,1.35580736801132e-20,354,35860792.0640314,354,-0.862516611635767,354,19646082.680653,20524
"356",355,1.10739120651079,355,3813863.29677906,-14.3372114882804,-11.7486106865108,0.310642707500086,0.443916871678084,355,16335588.9359687,355,6.53331282547972e-21,355,8.63260016434401e-21,355,35860792.0640314,355,-0.784999227180012,355,19646082.680653,20524
"357",356,-0.313048993240067,356,3996536.88728529,-14.3372114882804,-11.7486106865108,0.310642707500086,0.443916871678084,356,16335588.9359687,356,4.19538443225891e-21,356,5.51422442437065e-21,356,35860792.0640314,356,-0.806912656706816,356,19646082.680653,20524
"358",357,0.0875339892855552,357,4025735.27272853,-14.3372114882804,-11.7486106865108,0.310642707500086,0.443916871678084,357,16335588.9359687,357,2.6887260280887e-21,357,3.52710844755554e-21,357,35860792.0640314,357,-0.800785277456827,357,19646082.680653,20524
"359",358,-0.60108606019488,358,4057279.14366164,-14.3372114882804,-11.7486106865108,0.310642707500086,0.443916871678084,358,16335588.9359687,358,1.71732578750589e-21,358,2.25676593602356e-21,358,35860792.0640314,358,-0.842861301670469,358,19646082.680653,20524
"360",359,-0.203934993928264,359,3815746.25194274,-14.3372114882804,-11.7486106865108,0.310642707500086,0.443916871678084,359,16335588.9359687,359,1.09210241807216e-21,359,1.44138589308606e-21,359,35860792.0640314,359,-0.857136751245447,359,19646082.680653,20524
"361",360,2.0245601837185,360,3444186.41187619,-14.3372114882804,-11.7486106865108,0.310642707500086,0.443916871678084,360,16335588.9359687,360,7.0273108579812e-22,360,9.20496908833023e-22,360,35860792.0640314,360,-0.715417538385152,360,19646082.680653,20524
"362",361,-0.462007715492412,361,3831269.50813169,-14.3372114882804,-11.7486106865108,0.310642707500086,0.443916871678084,361,16335588.9359687,361,4.55834312969813e-22,361,5.91251601632002e-22,361,35860792.0640314,361,-0.747758078469621,361,19646082.680653,20524
"363",362,0.218824084262583,362,3902632.00601895,-14.3372114882804,-11.7486106865108,0.310642707500086,0.443916871678084,362,16335588.9359687,362,2.94861737838983e-22,362,3.80824669619576e-22,362,35860792.0640314,362,-0.73244039257124,362,19646082.680653,20524
"364",363,-0.350133706673127,363,4254439.61032531,-14.3372114882804,-11.7486106865108,0.310642707500086,0.443916871678084,363,16335588.9359687,363,1.90447953255479e-22,363,2.45674676930465e-22,363,35860792.0640314,363,-0.756949752038359,363,19646082.680653,20524
"365",364,-0.403155366909387,364,3790113.80965233,-14.3372114882804,-11.7486106865108,0.310642707500086,0.443916871678084,364,16335588.9359687,364,1.22423274128465e-22,364,1.58397563557205e-22,364,35860792.0640314,364,-0.785170627722017,364,19646082.680653,20524
"366",365,-0.247135213892152,365,4214333.88738793,-14.3372114882804,-11.7486106865108,0.310642707500086,0.443916871678084,365,16335588.9359687,365,7.84237288340435e-23,365,1.0192508651392e-22,365,35860792.0640314,365,-0.802470092694467,365,19646082.680653,20524
