"","np","time","value","q025","q25","q50","q75","q975"
"1",0,7,1.24800412727014,1.23563110532421,1.23563110532421,1.24181761629718,1.2914292764448,1.30590432616968
"2",0,14,1.33993128700474,1.33993128700474,1.40502279737997,1.40893623641562,1.41284967545126,1.41284967545126
"3",0,21,1.64876480552532,1.58439694126196,1.6004889073278,1.67890119427271,1.70903758302009,1.70903758302009
"4",0,28,1.52158869331488,1.52158869331488,1.60529425000721,1.60724474577305,1.60919524153888,1.60919524153888
"5",0,35,1.49774946597608,1.44173131972208,1.44173131972208,1.46974039284908,1.64405110588589,1.69281831918916
"6",0,42,1.58395210904791,1.49442351113199,1.51680566061097,1.60560028252065,1.62724845599339,1.62724845599339
"7",0,49,1.68295223805105,1.66154083411971,1.66689368510255,1.72128144459133,1.75961065113161,1.75961065113161
"8",0,56,1.77468372990309,1.63803493340565,1.63803493340565,1.70635933165437,1.84515692972918,1.86864799633787
"9",0,63,2.1122778437208,2.1122778437208,2.19473887317559,2.19473887317559,2.27710214395601,2.30455656754949
"10",0,70,2.52641053822276,2.52641053822276,2.617326651309,2.70172336848917,2.78612008566934,2.78612008566934
"11",0,77,2.20746207639255,2.11947338598837,2.11947338598837,2.16346773119046,2.2406059199112,2.25165386775075
"12",0,84,2.21524619303525,2.21524619303525,2.30610598519386,2.38893626456243,2.47176654393101,2.47176654393101
"13",0,91,2.69588977027224,2.69588977027224,2.93619026595083,2.93619026595083,2.94554488058018,2.94866308545663
"14",0,98,2.84472166838483,2.84472166838483,3.80272636562778,3.80272636562778,3.83974882394483,3.85208964338384
"15",0,105,2.85766528949438,2.85766528949438,3.14472049008345,3.14472049008345,3.29552929400052,3.34579889530621
"16",0,112,3.53643564494653,3.53643564494653,4.08985002542129,4.08985002542129,4.49077713650773,4.62441950686988
"17",0,119,3.39758180846025,3.39758180846025,4.17037290271669,4.17037290271669,4.70958564766896,4.88932322931971
"18",0,126,3.33103859049145,3.33103859049145,4.39609787727059,4.39609787727059,4.76340285460965,4.885837847056
"19",0,133,2.84627660666802,2.84627660666802,3.67501882885374,3.67501882885374,4.07166604971056,4.20388178999617
"20",0,140,2.77799904291982,2.77799904291982,3.08531031538214,3.24084612584221,3.39638193630229,3.39638193630229
"21",0,147,2.37137486485568,2.37137486485568,2.39777356850404,2.39777356850404,2.75099897812622,2.86874078133362
"22",0,154,1.57618082555307,1.57618082555307,1.74948021058809,1.74948021058809,2.08985535428009,2.20331373551076
"23",0,161,1.36769902314979,1.36769902314979,2.00127189434908,2.03952252100212,2.07777314765515,2.07777314765515
"24",0,168,1.7255998422481,1.7255998422481,2.15634606572754,2.15634606572754,2.27748350842014,2.31786265598434
"25",0,175,2.15678387735659,2.14412910755738,2.14412910755738,2.15045649245698,2.49726497830224,2.61075867861745
"26",0,182,2.3082803047064,2.3082803047064,2.99399828039539,3.16077651571674,3.32755475103809,3.32755475103809
"27",0,189,2.34638985471497,2.34638985471497,2.90219537613138,2.90219537613138,3.19863900960863,3.29745355410105
"28",0,196,2.35494570626661,2.35494570626661,3.02040565360623,3.02040565360623,3.0409024505557,3.04773471620552
"29",0,203,2.57345629052283,2.57345629052283,3.08015075534394,3.08015075534394,3.32170668698025,3.40222533085902
"30",0,210,3.1110496415188,3.1110496415188,3.59195983120952,3.59195983120952,3.85037922447152,3.93651902222552
"31",0,217,3.13798213089359,3.13798213089359,4.12874759168087,4.12874759168087,4.53400416927832,4.66908969514414
"32",0,224,2.63391519860047,2.63391519860047,3.47785088834997,3.47785088834997,3.65464564596131,3.71357723183176
"33",0,231,2.30329043530511,2.30329043530511,2.86678668634332,2.86678668634332,3.37491345005368,3.54428903795714
"34",0,238,2.31724532181429,2.31724532181429,2.67981146527888,2.67981146527888,2.850700910542,2.90766405896305
"35",0,245,2.29799533835838,2.29799533835838,3.00745655361124,3.00745655361124,3.28450179269751,3.37685020572627
"36",0,252,2.40597005553754,2.40597005553754,2.64562965791816,2.64562965791816,2.98396557258252,3.09674421080397
"37",0,259,2.19687876762364,2.19687876762364,3.10445670563064,3.10445670563064,3.33376401587989,3.41019978596297
"38",0,266,2.66835055455568,2.66835055455568,3.24071815839507,3.33632108026973,3.43192400214439,3.43192400214439
"39",0,273,2.4843400717058,2.4843400717058,2.95423165460046,2.95423165460046,3.24201113767005,3.33793763202658
"40",0,280,2.23677917319616,2.23677917319616,2.86429472127393,2.86429472127393,2.96933899932371,3.00435375867364
"41",0,287,2.40943338673727,2.40943338673727,2.78556382111908,2.78556382111908,3.16146161323774,3.28676087727729
"42",0,294,2.72076773727526,2.72076773727526,3.15367296990427,3.15367296990427,3.77326889330217,3.97980086776814
"43",0,301,3.03540725610722,3.03540725610722,3.2852413882075,3.2852413882075,4.04920014873764,4.30385306891436
"44",0,308,3.46811912687391,3.46811912687391,4.4014816511782,4.51562414746831,4.62976664375842,4.62976664375842
"45",0,315,3.93884447059606,3.93884447059606,4.90997113313981,4.90997113313981,5.28745704741072,5.41328568550103
"46",0,322,4.30113932825178,4.30113932825178,4.81292055029656,4.81292055029656,5.02489374979348,5.09555148295912
"47",0,329,3.86592409473512,3.86592409473512,4.85648996489041,4.85648996489041,5.2371994866382,5.36410266055413
"48",0,336,4.20736265755283,4.20736265755283,4.835747016256,4.835747016256,5.42208174889393,5.61752665977324
"49",0,343,3.8179133759426,3.8179133759426,4.35494891707105,4.35494891707105,5.27954898777241,5.58774901133953
"50",0,350,4.031394510787,4.031394510787,4.39161843661683,4.39161843661683,4.81349037946381,4.95411436041281
"51",0,357,4.24122184392642,4.24122184392642,5.33397226824539,5.33397226824539,5.73293142536605,5.86591781107294
"52",0,364,5.25722895119142,4.98269534589107,5.05132874721615,6.00166914766135,6.74610934413128,6.74610934413128
"53",1,7,1.24800412727014,1.23563110532421,1.23563110532421,1.24181761629718,1.2914292764448,1.30590432616968
"54",1,14,1.33993128700474,1.33993128700474,1.40502279737997,1.40893623641562,1.41284967545126,1.41284967545126
"55",1,21,1.64876480552532,1.58439694126196,1.6004889073278,1.67890119427271,1.70903758302009,1.70903758302009
"56",1,28,1.52158869331488,1.52158869331488,1.60529425000721,1.60724474577305,1.60919524153888,1.60919524153888
"57",1,35,1.49774946597608,1.44173131972208,1.44173131972208,1.46974039284908,1.64405110588589,1.69281831918916
"58",1,42,1.58395210904791,1.49442351113199,1.51680566061097,1.60560028252065,1.62724845599339,1.62724845599339
"59",1,49,1.68295223805105,1.66154083411971,1.66689368510255,1.72128144459133,1.75961065113161,1.75961065113161
"60",1,56,1.77468372990309,1.63803493340565,1.63803493340565,1.70635933165437,1.84515692972918,1.86864799633787
"61",1,63,2.1122778437208,2.1122778437208,2.19473887317559,2.19473887317559,2.27710214395601,2.30455656754949
"62",1,70,2.52641053822276,2.52641053822276,2.617326651309,2.70172336848917,2.78612008566934,2.78612008566934
"63",1,77,2.20746207639255,2.11947338598837,2.11947338598837,2.16346773119046,2.2406059199112,2.25165386775075
"64",1,84,2.21524619303525,2.21524619303525,2.30610598519386,2.38893626456243,2.47176654393101,2.47176654393101
"65",1,91,2.69588977027224,2.69588977027224,2.93619026595083,2.93619026595083,2.94554488058018,2.94866308545663
"66",1,98,2.84472166838483,2.84472166838483,3.80272636562778,3.80272636562778,3.83974882394483,3.85208964338384
"67",1,105,2.85766528949438,2.85766528949438,3.14472049008345,3.14472049008345,3.29552929400052,3.34579889530621
"68",1,112,3.53643564494653,3.53643564494653,4.08985002542129,4.08985002542129,4.49077713650773,4.62441950686988
"69",1,119,3.39758180846025,3.39758180846025,4.17037290271669,4.17037290271669,4.70958564766896,4.88932322931971
"70",1,126,3.33103859049145,3.33103859049145,4.39609787727059,4.39609787727059,4.76340285460965,4.885837847056
"71",1,133,2.84627660666802,2.84627660666802,3.67501882885374,3.67501882885374,4.07166604971056,4.20388178999617
"72",1,140,2.77799904291982,2.77799904291982,3.08531031538214,3.24084612584221,3.39638193630229,3.39638193630229
"73",1,147,2.37137486485568,2.37137486485568,2.39777356850404,2.39777356850404,2.75099897812622,2.86874078133362
"74",1,154,1.57618082555307,1.57618082555307,1.74948021058809,1.74948021058809,2.08985535428009,2.20331373551076
"75",1,161,1.36769902314979,1.36769902314979,2.00127189434908,2.03952252100212,2.07777314765515,2.07777314765515
"76",1,168,1.7255998422481,1.7255998422481,2.15634606572754,2.15634606572754,2.27748350842014,2.31786265598434
"77",1,175,2.15678387735659,2.14412910755738,2.14412910755738,2.15045649245698,2.49726497830224,2.61075867861745
"78",1,182,2.3082803047064,2.3082803047064,2.99399828039539,3.16077651571674,3.32755475103809,3.32755475103809
"79",1,189,2.34638985471497,2.34638985471497,2.90219537613138,2.90219537613138,3.19863900960863,3.29745355410105
"80",1,196,2.35494570626661,2.35494570626661,3.02040565360623,3.02040565360623,3.0409024505557,3.04773471620552
"81",1,203,2.57345629052283,2.57345629052283,3.08015075534394,3.08015075534394,3.32170668698025,3.40222533085902
"82",1,210,3.1110496415188,3.1110496415188,3.59195983120952,3.59195983120952,3.85037922447152,3.93651902222552
"83",1,217,3.13798213089359,3.13798213089359,4.12874759168087,4.12874759168087,4.53400416927832,4.66908969514414
"84",1,224,2.63391519860047,2.63391519860047,3.47785088834997,3.47785088834997,3.65464564596131,3.71357723183176
"85",1,231,2.30329043530511,2.30329043530511,2.86678668634332,2.86678668634332,3.37491345005368,3.54428903795714
"86",1,238,2.31724532181429,2.31724532181429,2.67981146527888,2.67981146527888,2.850700910542,2.90766405896305
"87",1,245,2.29799533835838,2.29799533835838,3.00745655361124,3.00745655361124,3.28450179269751,3.37685020572627
"88",1,252,2.40597005553754,2.40597005553754,2.64562965791816,2.64562965791816,2.98396557258252,3.09674421080397
"89",1,259,2.19687876762364,2.19687876762364,3.10445670563064,3.10445670563064,3.33376401587989,3.41019978596297
"90",1,266,2.66835055455568,2.66835055455568,3.24071815839507,3.33632108026973,3.43192400214439,3.43192400214439
"91",1,273,2.4843400717058,2.4843400717058,2.95423165460046,2.95423165460046,3.24201113767005,3.33793763202658
"92",1,280,2.23677917319616,2.23677917319616,2.86429472127393,2.86429472127393,2.96933899932371,3.00435375867364
"93",1,287,2.40943338673727,2.40943338673727,2.78556382111908,2.78556382111908,3.16146161323774,3.28676087727729
"94",1,294,2.72076773727526,2.72076773727526,3.15367296990427,3.15367296990427,3.77326889330217,3.97980086776814
"95",1,301,3.03540725610722,3.03540725610722,3.2852413882075,3.2852413882075,4.04920014873764,4.30385306891436
"96",1,308,3.46811912687391,3.46811912687391,4.4014816511782,4.51562414746831,4.62976664375842,4.62976664375842
"97",1,315,3.93884447059606,3.93884447059606,4.90997113313981,4.90997113313981,5.28745704741072,5.41328568550103
"98",1,322,4.30113932825178,4.30113932825178,4.81292055029656,4.81292055029656,5.02489374979348,5.09555148295912
"99",1,329,3.86592409473512,3.86592409473512,4.85648996489041,4.85648996489041,5.2371994866382,5.36410266055413
"100",1,336,4.20736265755283,4.20736265755283,4.835747016256,4.835747016256,5.42208174889393,5.61752665977324
"101",1,343,3.8179133759426,3.8179133759426,4.35494891707105,4.35494891707105,5.27954898777241,5.58774901133953
"102",1,350,4.031394510787,4.031394510787,4.39161843661683,4.39161843661683,4.81349037946381,4.95411436041281
"103",1,357,4.24122184392642,4.24122184392642,5.33397226824539,5.33397226824539,5.73293142536605,5.86591781107294
"104",1,364,5.25722895119142,4.98269534589107,5.05132874721615,6.00166914766135,6.74610934413128,6.74610934413128
"105",2,7,1.30590432616968,1.23563110532421,1.23563110532421,1.24181761629718,1.2914292764448,1.30590432616968
"106",2,14,1.40502279737997,1.33993128700474,1.40502279737997,1.40893623641562,1.41284967545126,1.41284967545126
"107",2,21,1.58439694126196,1.58439694126196,1.6004889073278,1.67890119427271,1.70903758302009,1.70903758302009
"108",2,28,1.60529425000721,1.52158869331488,1.60529425000721,1.60724474577305,1.60919524153888,1.60919524153888
"109",2,35,1.69281831918916,1.44173131972208,1.44173131972208,1.46974039284908,1.64405110588589,1.69281831918916
"110",2,42,1.49442351113199,1.49442351113199,1.51680566061097,1.60560028252065,1.62724845599339,1.62724845599339
"111",2,49,1.66154083411971,1.66154083411971,1.66689368510255,1.72128144459133,1.75961065113161,1.75961065113161
"112",2,56,1.86864799633787,1.63803493340565,1.63803493340565,1.70635933165437,1.84515692972918,1.86864799633787
"113",2,63,2.30455656754949,2.1122778437208,2.19473887317559,2.19473887317559,2.27710214395601,2.30455656754949
"114",2,70,2.617326651309,2.52641053822276,2.617326651309,2.70172336848917,2.78612008566934,2.78612008566934
"115",2,77,2.25165386775075,2.11947338598837,2.11947338598837,2.16346773119046,2.2406059199112,2.25165386775075
"116",2,84,2.30610598519386,2.21524619303525,2.30610598519386,2.38893626456243,2.47176654393101,2.47176654393101
"117",2,91,2.94866308545663,2.69588977027224,2.93619026595083,2.93619026595083,2.94554488058018,2.94866308545663
"118",2,98,3.85208964338384,2.84472166838483,3.80272636562778,3.80272636562778,3.83974882394483,3.85208964338384
"119",2,105,3.34579889530621,2.85766528949438,3.14472049008345,3.14472049008345,3.29552929400052,3.34579889530621
"120",2,112,4.62441950686988,3.53643564494653,4.08985002542129,4.08985002542129,4.49077713650773,4.62441950686988
"121",2,119,4.88932322931971,3.39758180846025,4.17037290271669,4.17037290271669,4.70958564766896,4.88932322931971
"122",2,126,4.885837847056,3.33103859049145,4.39609787727059,4.39609787727059,4.76340285460965,4.885837847056
"123",2,133,4.20388178999617,2.84627660666802,3.67501882885374,3.67501882885374,4.07166604971056,4.20388178999617
"124",2,140,3.08531031538214,2.77799904291982,3.08531031538214,3.24084612584221,3.39638193630229,3.39638193630229
"125",2,147,2.86874078133362,2.37137486485568,2.39777356850404,2.39777356850404,2.75099897812622,2.86874078133362
"126",2,154,2.20331373551076,1.57618082555307,1.74948021058809,1.74948021058809,2.08985535428009,2.20331373551076
"127",2,161,2.00127189434908,1.36769902314979,2.00127189434908,2.03952252100212,2.07777314765515,2.07777314765515
"128",2,168,2.31786265598434,1.7255998422481,2.15634606572754,2.15634606572754,2.27748350842014,2.31786265598434
"129",2,175,2.61075867861745,2.14412910755738,2.14412910755738,2.15045649245698,2.49726497830224,2.61075867861745
"130",2,182,2.99399828039539,2.3082803047064,2.99399828039539,3.16077651571674,3.32755475103809,3.32755475103809
"131",2,189,3.29745355410105,2.34638985471497,2.90219537613138,2.90219537613138,3.19863900960863,3.29745355410105
"132",2,196,3.04773471620552,2.35494570626661,3.02040565360623,3.02040565360623,3.0409024505557,3.04773471620552
"133",2,203,3.40222533085902,2.57345629052283,3.08015075534394,3.08015075534394,3.32170668698025,3.40222533085902
"134",2,210,3.93651902222552,3.1110496415188,3.59195983120952,3.59195983120952,3.85037922447152,3.93651902222552
"135",2,217,4.66908969514414,3.13798213089359,4.12874759168087,4.12874759168087,4.53400416927832,4.66908969514414
"136",2,224,3.71357723183176,2.63391519860047,3.47785088834997,3.47785088834997,3.65464564596131,3.71357723183176
"137",2,231,3.54428903795714,2.30329043530511,2.86678668634332,2.86678668634332,3.37491345005368,3.54428903795714
"138",2,238,2.90766405896305,2.31724532181429,2.67981146527888,2.67981146527888,2.850700910542,2.90766405896305
"139",2,245,3.37685020572627,2.29799533835838,3.00745655361124,3.00745655361124,3.28450179269751,3.37685020572627
"140",2,252,3.09674421080397,2.40597005553754,2.64562965791816,2.64562965791816,2.98396557258252,3.09674421080397
"141",2,259,3.41019978596297,2.19687876762364,3.10445670563064,3.10445670563064,3.33376401587989,3.41019978596297
"142",2,266,3.24071815839507,2.66835055455568,3.24071815839507,3.33632108026973,3.43192400214439,3.43192400214439
"143",2,273,3.33793763202658,2.4843400717058,2.95423165460046,2.95423165460046,3.24201113767005,3.33793763202658
"144",2,280,3.00435375867364,2.23677917319616,2.86429472127393,2.86429472127393,2.96933899932371,3.00435375867364
"145",2,287,3.28676087727729,2.40943338673727,2.78556382111908,2.78556382111908,3.16146161323774,3.28676087727729
"146",2,294,3.97980086776814,2.72076773727526,3.15367296990427,3.15367296990427,3.77326889330217,3.97980086776814
"147",2,301,4.30385306891436,3.03540725610722,3.2852413882075,3.2852413882075,4.04920014873764,4.30385306891436
"148",2,308,4.4014816511782,3.46811912687391,4.4014816511782,4.51562414746831,4.62976664375842,4.62976664375842
"149",2,315,5.41328568550103,3.93884447059606,4.90997113313981,4.90997113313981,5.28745704741072,5.41328568550103
"150",2,322,5.09555148295912,4.30113932825178,4.81292055029656,4.81292055029656,5.02489374979348,5.09555148295912
"151",2,329,5.36410266055413,3.86592409473512,4.85648996489041,4.85648996489041,5.2371994866382,5.36410266055413
"152",2,336,5.61752665977324,4.20736265755283,4.835747016256,4.835747016256,5.42208174889393,5.61752665977324
"153",2,343,5.58774901133953,3.8179133759426,4.35494891707105,4.35494891707105,5.27954898777241,5.58774901133953
"154",2,350,4.95411436041281,4.031394510787,4.39161843661683,4.39161843661683,4.81349037946381,4.95411436041281
"155",2,357,5.86591781107294,4.24122184392642,5.33397226824539,5.33397226824539,5.73293142536605,5.86591781107294
"156",2,364,4.98269534589107,4.98269534589107,5.05132874721615,6.00166914766135,6.74610934413128,6.74610934413128
"157",3,7,1.30590432616968,1.23563110532421,1.23563110532421,1.24181761629718,1.2914292764448,1.30590432616968
"158",3,14,1.40502279737997,1.33993128700474,1.40502279737997,1.40893623641562,1.41284967545126,1.41284967545126
"159",3,21,1.58439694126196,1.58439694126196,1.6004889073278,1.67890119427271,1.70903758302009,1.70903758302009
"160",3,28,1.60529425000721,1.52158869331488,1.60529425000721,1.60724474577305,1.60919524153888,1.60919524153888
"161",3,35,1.69281831918916,1.44173131972208,1.44173131972208,1.46974039284908,1.64405110588589,1.69281831918916
"162",3,42,1.49442351113199,1.49442351113199,1.51680566061097,1.60560028252065,1.62724845599339,1.62724845599339
"163",3,49,1.66154083411971,1.66154083411971,1.66689368510255,1.72128144459133,1.75961065113161,1.75961065113161
"164",3,56,1.86864799633787,1.63803493340565,1.63803493340565,1.70635933165437,1.84515692972918,1.86864799633787
"165",3,63,2.30455656754949,2.1122778437208,2.19473887317559,2.19473887317559,2.27710214395601,2.30455656754949
"166",3,70,2.617326651309,2.52641053822276,2.617326651309,2.70172336848917,2.78612008566934,2.78612008566934
"167",3,77,2.25165386775075,2.11947338598837,2.11947338598837,2.16346773119046,2.2406059199112,2.25165386775075
"168",3,84,2.30610598519386,2.21524619303525,2.30610598519386,2.38893626456243,2.47176654393101,2.47176654393101
"169",3,91,2.94866308545663,2.69588977027224,2.93619026595083,2.93619026595083,2.94554488058018,2.94866308545663
"170",3,98,3.85208964338384,2.84472166838483,3.80272636562778,3.80272636562778,3.83974882394483,3.85208964338384
"171",3,105,3.34579889530621,2.85766528949438,3.14472049008345,3.14472049008345,3.29552929400052,3.34579889530621
"172",3,112,4.62441950686988,3.53643564494653,4.08985002542129,4.08985002542129,4.49077713650773,4.62441950686988
"173",3,119,4.88932322931971,3.39758180846025,4.17037290271669,4.17037290271669,4.70958564766896,4.88932322931971
"174",3,126,4.885837847056,3.33103859049145,4.39609787727059,4.39609787727059,4.76340285460965,4.885837847056
"175",3,133,4.20388178999617,2.84627660666802,3.67501882885374,3.67501882885374,4.07166604971056,4.20388178999617
"176",3,140,3.08531031538214,2.77799904291982,3.08531031538214,3.24084612584221,3.39638193630229,3.39638193630229
"177",3,147,2.86874078133362,2.37137486485568,2.39777356850404,2.39777356850404,2.75099897812622,2.86874078133362
"178",3,154,2.20331373551076,1.57618082555307,1.74948021058809,1.74948021058809,2.08985535428009,2.20331373551076
"179",3,161,2.00127189434908,1.36769902314979,2.00127189434908,2.03952252100212,2.07777314765515,2.07777314765515
"180",3,168,2.31786265598434,1.7255998422481,2.15634606572754,2.15634606572754,2.27748350842014,2.31786265598434
"181",3,175,2.61075867861745,2.14412910755738,2.14412910755738,2.15045649245698,2.49726497830224,2.61075867861745
"182",3,182,2.99399828039539,2.3082803047064,2.99399828039539,3.16077651571674,3.32755475103809,3.32755475103809
"183",3,189,3.29745355410105,2.34638985471497,2.90219537613138,2.90219537613138,3.19863900960863,3.29745355410105
"184",3,196,3.04773471620552,2.35494570626661,3.02040565360623,3.02040565360623,3.0409024505557,3.04773471620552
"185",3,203,3.40222533085902,2.57345629052283,3.08015075534394,3.08015075534394,3.32170668698025,3.40222533085902
"186",3,210,3.93651902222552,3.1110496415188,3.59195983120952,3.59195983120952,3.85037922447152,3.93651902222552
"187",3,217,4.66908969514414,3.13798213089359,4.12874759168087,4.12874759168087,4.53400416927832,4.66908969514414
"188",3,224,3.71357723183176,2.63391519860047,3.47785088834997,3.47785088834997,3.65464564596131,3.71357723183176
"189",3,231,3.54428903795714,2.30329043530511,2.86678668634332,2.86678668634332,3.37491345005368,3.54428903795714
"190",3,238,2.90766405896305,2.31724532181429,2.67981146527888,2.67981146527888,2.850700910542,2.90766405896305
"191",3,245,3.37685020572627,2.29799533835838,3.00745655361124,3.00745655361124,3.28450179269751,3.37685020572627
"192",3,252,3.09674421080397,2.40597005553754,2.64562965791816,2.64562965791816,2.98396557258252,3.09674421080397
"193",3,259,3.41019978596297,2.19687876762364,3.10445670563064,3.10445670563064,3.33376401587989,3.41019978596297
"194",3,266,3.24071815839507,2.66835055455568,3.24071815839507,3.33632108026973,3.43192400214439,3.43192400214439
"195",3,273,3.33793763202658,2.4843400717058,2.95423165460046,2.95423165460046,3.24201113767005,3.33793763202658
"196",3,280,3.00435375867364,2.23677917319616,2.86429472127393,2.86429472127393,2.96933899932371,3.00435375867364
"197",3,287,3.28676087727729,2.40943338673727,2.78556382111908,2.78556382111908,3.16146161323774,3.28676087727729
"198",3,294,3.97980086776814,2.72076773727526,3.15367296990427,3.15367296990427,3.77326889330217,3.97980086776814
"199",3,301,4.30385306891436,3.03540725610722,3.2852413882075,3.2852413882075,4.04920014873764,4.30385306891436
"200",3,308,4.4014816511782,3.46811912687391,4.4014816511782,4.51562414746831,4.62976664375842,4.62976664375842
"201",3,315,5.41328568550103,3.93884447059606,4.90997113313981,4.90997113313981,5.28745704741072,5.41328568550103
"202",3,322,5.09555148295912,4.30113932825178,4.81292055029656,4.81292055029656,5.02489374979348,5.09555148295912
"203",3,329,5.36410266055413,3.86592409473512,4.85648996489041,4.85648996489041,5.2371994866382,5.36410266055413
"204",3,336,5.61752665977324,4.20736265755283,4.835747016256,4.835747016256,5.42208174889393,5.61752665977324
"205",3,343,5.58774901133953,3.8179133759426,4.35494891707105,4.35494891707105,5.27954898777241,5.58774901133953
"206",3,350,4.95411436041281,4.031394510787,4.39161843661683,4.39161843661683,4.81349037946381,4.95411436041281
"207",3,357,5.86591781107294,4.24122184392642,5.33397226824539,5.33397226824539,5.73293142536605,5.86591781107294
"208",3,364,4.98269534589107,4.98269534589107,5.05132874721615,6.00166914766135,6.74610934413128,6.74610934413128
"209",4,7,1.30590432616968,1.23563110532421,1.23563110532421,1.24181761629718,1.2914292764448,1.30590432616968
"210",4,14,1.40502279737997,1.33993128700474,1.40502279737997,1.40893623641562,1.41284967545126,1.41284967545126
"211",4,21,1.58439694126196,1.58439694126196,1.6004889073278,1.67890119427271,1.70903758302009,1.70903758302009
"212",4,28,1.60529425000721,1.52158869331488,1.60529425000721,1.60724474577305,1.60919524153888,1.60919524153888
"213",4,35,1.69281831918916,1.44173131972208,1.44173131972208,1.46974039284908,1.64405110588589,1.69281831918916
"214",4,42,1.49442351113199,1.49442351113199,1.51680566061097,1.60560028252065,1.62724845599339,1.62724845599339
"215",4,49,1.66154083411971,1.66154083411971,1.66689368510255,1.72128144459133,1.75961065113161,1.75961065113161
"216",4,56,1.86864799633787,1.63803493340565,1.63803493340565,1.70635933165437,1.84515692972918,1.86864799633787
"217",4,63,2.30455656754949,2.1122778437208,2.19473887317559,2.19473887317559,2.27710214395601,2.30455656754949
"218",4,70,2.617326651309,2.52641053822276,2.617326651309,2.70172336848917,2.78612008566934,2.78612008566934
"219",4,77,2.25165386775075,2.11947338598837,2.11947338598837,2.16346773119046,2.2406059199112,2.25165386775075
"220",4,84,2.30610598519386,2.21524619303525,2.30610598519386,2.38893626456243,2.47176654393101,2.47176654393101
"221",4,91,2.94866308545663,2.69588977027224,2.93619026595083,2.93619026595083,2.94554488058018,2.94866308545663
"222",4,98,3.85208964338384,2.84472166838483,3.80272636562778,3.80272636562778,3.83974882394483,3.85208964338384
"223",4,105,3.34579889530621,2.85766528949438,3.14472049008345,3.14472049008345,3.29552929400052,3.34579889530621
"224",4,112,4.62441950686988,3.53643564494653,4.08985002542129,4.08985002542129,4.49077713650773,4.62441950686988
"225",4,119,4.88932322931971,3.39758180846025,4.17037290271669,4.17037290271669,4.70958564766896,4.88932322931971
"226",4,126,4.885837847056,3.33103859049145,4.39609787727059,4.39609787727059,4.76340285460965,4.885837847056
"227",4,133,4.20388178999617,2.84627660666802,3.67501882885374,3.67501882885374,4.07166604971056,4.20388178999617
"228",4,140,3.08531031538214,2.77799904291982,3.08531031538214,3.24084612584221,3.39638193630229,3.39638193630229
"229",4,147,2.86874078133362,2.37137486485568,2.39777356850404,2.39777356850404,2.75099897812622,2.86874078133362
"230",4,154,2.20331373551076,1.57618082555307,1.74948021058809,1.74948021058809,2.08985535428009,2.20331373551076
"231",4,161,2.00127189434908,1.36769902314979,2.00127189434908,2.03952252100212,2.07777314765515,2.07777314765515
"232",4,168,2.31786265598434,1.7255998422481,2.15634606572754,2.15634606572754,2.27748350842014,2.31786265598434
"233",4,175,2.61075867861745,2.14412910755738,2.14412910755738,2.15045649245698,2.49726497830224,2.61075867861745
"234",4,182,2.99399828039539,2.3082803047064,2.99399828039539,3.16077651571674,3.32755475103809,3.32755475103809
"235",4,189,3.29745355410105,2.34638985471497,2.90219537613138,2.90219537613138,3.19863900960863,3.29745355410105
"236",4,196,3.04773471620552,2.35494570626661,3.02040565360623,3.02040565360623,3.0409024505557,3.04773471620552
"237",4,203,3.40222533085902,2.57345629052283,3.08015075534394,3.08015075534394,3.32170668698025,3.40222533085902
"238",4,210,3.93651902222552,3.1110496415188,3.59195983120952,3.59195983120952,3.85037922447152,3.93651902222552
"239",4,217,4.66908969514414,3.13798213089359,4.12874759168087,4.12874759168087,4.53400416927832,4.66908969514414
"240",4,224,3.71357723183176,2.63391519860047,3.47785088834997,3.47785088834997,3.65464564596131,3.71357723183176
"241",4,231,3.54428903795714,2.30329043530511,2.86678668634332,2.86678668634332,3.37491345005368,3.54428903795714
"242",4,238,2.90766405896305,2.31724532181429,2.67981146527888,2.67981146527888,2.850700910542,2.90766405896305
"243",4,245,3.37685020572627,2.29799533835838,3.00745655361124,3.00745655361124,3.28450179269751,3.37685020572627
"244",4,252,3.09674421080397,2.40597005553754,2.64562965791816,2.64562965791816,2.98396557258252,3.09674421080397
"245",4,259,3.41019978596297,2.19687876762364,3.10445670563064,3.10445670563064,3.33376401587989,3.41019978596297
"246",4,266,3.24071815839507,2.66835055455568,3.24071815839507,3.33632108026973,3.43192400214439,3.43192400214439
"247",4,273,3.33793763202658,2.4843400717058,2.95423165460046,2.95423165460046,3.24201113767005,3.33793763202658
"248",4,280,3.00435375867364,2.23677917319616,2.86429472127393,2.86429472127393,2.96933899932371,3.00435375867364
"249",4,287,3.28676087727729,2.40943338673727,2.78556382111908,2.78556382111908,3.16146161323774,3.28676087727729
"250",4,294,3.97980086776814,2.72076773727526,3.15367296990427,3.15367296990427,3.77326889330217,3.97980086776814
"251",4,301,4.30385306891436,3.03540725610722,3.2852413882075,3.2852413882075,4.04920014873764,4.30385306891436
"252",4,308,4.4014816511782,3.46811912687391,4.4014816511782,4.51562414746831,4.62976664375842,4.62976664375842
"253",4,315,5.41328568550103,3.93884447059606,4.90997113313981,4.90997113313981,5.28745704741072,5.41328568550103
"254",4,322,5.09555148295912,4.30113932825178,4.81292055029656,4.81292055029656,5.02489374979348,5.09555148295912
"255",4,329,5.36410266055413,3.86592409473512,4.85648996489041,4.85648996489041,5.2371994866382,5.36410266055413
"256",4,336,5.61752665977324,4.20736265755283,4.835747016256,4.835747016256,5.42208174889393,5.61752665977324
"257",4,343,5.58774901133953,3.8179133759426,4.35494891707105,4.35494891707105,5.27954898777241,5.58774901133953
"258",4,350,4.95411436041281,4.031394510787,4.39161843661683,4.39161843661683,4.81349037946381,4.95411436041281
"259",4,357,5.86591781107294,4.24122184392642,5.33397226824539,5.33397226824539,5.73293142536605,5.86591781107294
"260",4,364,4.98269534589107,4.98269534589107,5.05132874721615,6.00166914766135,6.74610934413128,6.74610934413128
"261",5,7,1.23563110532421,1.23563110532421,1.23563110532421,1.24181761629718,1.2914292764448,1.30590432616968
"262",5,14,1.41284967545126,1.33993128700474,1.40502279737997,1.40893623641562,1.41284967545126,1.41284967545126
"263",5,21,1.70903758302009,1.58439694126196,1.6004889073278,1.67890119427271,1.70903758302009,1.70903758302009
"264",5,28,1.60919524153888,1.52158869331488,1.60529425000721,1.60724474577305,1.60919524153888,1.60919524153888
"265",5,35,1.44173131972208,1.44173131972208,1.44173131972208,1.46974039284908,1.64405110588589,1.69281831918916
"266",5,42,1.62724845599339,1.49442351113199,1.51680566061097,1.60560028252065,1.62724845599339,1.62724845599339
"267",5,49,1.75961065113161,1.66154083411971,1.66689368510255,1.72128144459133,1.75961065113161,1.75961065113161
"268",5,56,1.63803493340565,1.63803493340565,1.63803493340565,1.70635933165437,1.84515692972918,1.86864799633787
"269",5,63,2.19473887317559,2.1122778437208,2.19473887317559,2.19473887317559,2.27710214395601,2.30455656754949
"270",5,70,2.78612008566934,2.52641053822276,2.617326651309,2.70172336848917,2.78612008566934,2.78612008566934
"271",5,77,2.11947338598837,2.11947338598837,2.11947338598837,2.16346773119046,2.2406059199112,2.25165386775075
"272",5,84,2.47176654393101,2.21524619303525,2.30610598519386,2.38893626456243,2.47176654393101,2.47176654393101
"273",5,91,2.93619026595083,2.69588977027224,2.93619026595083,2.93619026595083,2.94554488058018,2.94866308545663
"274",5,98,3.80272636562778,2.84472166838483,3.80272636562778,3.80272636562778,3.83974882394483,3.85208964338384
"275",5,105,3.14472049008345,2.85766528949438,3.14472049008345,3.14472049008345,3.29552929400052,3.34579889530621
"276",5,112,4.08985002542129,3.53643564494653,4.08985002542129,4.08985002542129,4.49077713650773,4.62441950686988
"277",5,119,4.17037290271669,3.39758180846025,4.17037290271669,4.17037290271669,4.70958564766896,4.88932322931971
"278",5,126,4.39609787727059,3.33103859049145,4.39609787727059,4.39609787727059,4.76340285460965,4.885837847056
"279",5,133,3.67501882885374,2.84627660666802,3.67501882885374,3.67501882885374,4.07166604971056,4.20388178999617
"280",5,140,3.39638193630229,2.77799904291982,3.08531031538214,3.24084612584221,3.39638193630229,3.39638193630229
"281",5,147,2.39777356850404,2.37137486485568,2.39777356850404,2.39777356850404,2.75099897812622,2.86874078133362
"282",5,154,1.74948021058809,1.57618082555307,1.74948021058809,1.74948021058809,2.08985535428009,2.20331373551076
"283",5,161,2.07777314765515,1.36769902314979,2.00127189434908,2.03952252100212,2.07777314765515,2.07777314765515
"284",5,168,2.15634606572754,1.7255998422481,2.15634606572754,2.15634606572754,2.27748350842014,2.31786265598434
"285",5,175,2.14412910755738,2.14412910755738,2.14412910755738,2.15045649245698,2.49726497830224,2.61075867861745
"286",5,182,3.32755475103809,2.3082803047064,2.99399828039539,3.16077651571674,3.32755475103809,3.32755475103809
"287",5,189,2.90219537613138,2.34638985471497,2.90219537613138,2.90219537613138,3.19863900960863,3.29745355410105
"288",5,196,3.02040565360623,2.35494570626661,3.02040565360623,3.02040565360623,3.0409024505557,3.04773471620552
"289",5,203,3.08015075534394,2.57345629052283,3.08015075534394,3.08015075534394,3.32170668698025,3.40222533085902
"290",5,210,3.59195983120952,3.1110496415188,3.59195983120952,3.59195983120952,3.85037922447152,3.93651902222552
"291",5,217,4.12874759168087,3.13798213089359,4.12874759168087,4.12874759168087,4.53400416927832,4.66908969514414
"292",5,224,3.47785088834997,2.63391519860047,3.47785088834997,3.47785088834997,3.65464564596131,3.71357723183176
"293",5,231,2.86678668634332,2.30329043530511,2.86678668634332,2.86678668634332,3.37491345005368,3.54428903795714
"294",5,238,2.67981146527888,2.31724532181429,2.67981146527888,2.67981146527888,2.850700910542,2.90766405896305
"295",5,245,3.00745655361124,2.29799533835838,3.00745655361124,3.00745655361124,3.28450179269751,3.37685020572627
"296",5,252,2.64562965791816,2.40597005553754,2.64562965791816,2.64562965791816,2.98396557258252,3.09674421080397
"297",5,259,3.10445670563064,2.19687876762364,3.10445670563064,3.10445670563064,3.33376401587989,3.41019978596297
"298",5,266,3.43192400214439,2.66835055455568,3.24071815839507,3.33632108026973,3.43192400214439,3.43192400214439
"299",5,273,2.95423165460046,2.4843400717058,2.95423165460046,2.95423165460046,3.24201113767005,3.33793763202658
"300",5,280,2.86429472127393,2.23677917319616,2.86429472127393,2.86429472127393,2.96933899932371,3.00435375867364
"301",5,287,2.78556382111908,2.40943338673727,2.78556382111908,2.78556382111908,3.16146161323774,3.28676087727729
"302",5,294,3.15367296990427,2.72076773727526,3.15367296990427,3.15367296990427,3.77326889330217,3.97980086776814
"303",5,301,3.2852413882075,3.03540725610722,3.2852413882075,3.2852413882075,4.04920014873764,4.30385306891436
"304",5,308,4.62976664375842,3.46811912687391,4.4014816511782,4.51562414746831,4.62976664375842,4.62976664375842
"305",5,315,4.90997113313981,3.93884447059606,4.90997113313981,4.90997113313981,5.28745704741072,5.41328568550103
"306",5,322,4.81292055029656,4.30113932825178,4.81292055029656,4.81292055029656,5.02489374979348,5.09555148295912
"307",5,329,4.85648996489041,3.86592409473512,4.85648996489041,4.85648996489041,5.2371994866382,5.36410266055413
"308",5,336,4.835747016256,4.20736265755283,4.835747016256,4.835747016256,5.42208174889393,5.61752665977324
"309",5,343,4.35494891707105,3.8179133759426,4.35494891707105,4.35494891707105,5.27954898777241,5.58774901133953
"310",5,350,4.39161843661683,4.031394510787,4.39161843661683,4.39161843661683,4.81349037946381,4.95411436041281
"311",5,357,5.33397226824539,4.24122184392642,5.33397226824539,5.33397226824539,5.73293142536605,5.86591781107294
"312",5,364,6.74610934413128,4.98269534589107,5.05132874721615,6.00166914766135,6.74610934413128,6.74610934413128
"313",6,7,1.23563110532421,1.23563110532421,1.23563110532421,1.24181761629718,1.2914292764448,1.30590432616968
"314",6,14,1.41284967545126,1.33993128700474,1.40502279737997,1.40893623641562,1.41284967545126,1.41284967545126
"315",6,21,1.70903758302009,1.58439694126196,1.6004889073278,1.67890119427271,1.70903758302009,1.70903758302009
"316",6,28,1.60919524153888,1.52158869331488,1.60529425000721,1.60724474577305,1.60919524153888,1.60919524153888
"317",6,35,1.44173131972208,1.44173131972208,1.44173131972208,1.46974039284908,1.64405110588589,1.69281831918916
"318",6,42,1.62724845599339,1.49442351113199,1.51680566061097,1.60560028252065,1.62724845599339,1.62724845599339
"319",6,49,1.75961065113161,1.66154083411971,1.66689368510255,1.72128144459133,1.75961065113161,1.75961065113161
"320",6,56,1.63803493340565,1.63803493340565,1.63803493340565,1.70635933165437,1.84515692972918,1.86864799633787
"321",6,63,2.19473887317559,2.1122778437208,2.19473887317559,2.19473887317559,2.27710214395601,2.30455656754949
"322",6,70,2.78612008566934,2.52641053822276,2.617326651309,2.70172336848917,2.78612008566934,2.78612008566934
"323",6,77,2.11947338598837,2.11947338598837,2.11947338598837,2.16346773119046,2.2406059199112,2.25165386775075
"324",6,84,2.47176654393101,2.21524619303525,2.30610598519386,2.38893626456243,2.47176654393101,2.47176654393101
"325",6,91,2.93619026595083,2.69588977027224,2.93619026595083,2.93619026595083,2.94554488058018,2.94866308545663
"326",6,98,3.80272636562778,2.84472166838483,3.80272636562778,3.80272636562778,3.83974882394483,3.85208964338384
"327",6,105,3.14472049008345,2.85766528949438,3.14472049008345,3.14472049008345,3.29552929400052,3.34579889530621
"328",6,112,4.08985002542129,3.53643564494653,4.08985002542129,4.08985002542129,4.49077713650773,4.62441950686988
"329",6,119,4.17037290271669,3.39758180846025,4.17037290271669,4.17037290271669,4.70958564766896,4.88932322931971
"330",6,126,4.39609787727059,3.33103859049145,4.39609787727059,4.39609787727059,4.76340285460965,4.885837847056
"331",6,133,3.67501882885374,2.84627660666802,3.67501882885374,3.67501882885374,4.07166604971056,4.20388178999617
"332",6,140,3.39638193630229,2.77799904291982,3.08531031538214,3.24084612584221,3.39638193630229,3.39638193630229
"333",6,147,2.39777356850404,2.37137486485568,2.39777356850404,2.39777356850404,2.75099897812622,2.86874078133362
"334",6,154,1.74948021058809,1.57618082555307,1.74948021058809,1.74948021058809,2.08985535428009,2.20331373551076
"335",6,161,2.07777314765515,1.36769902314979,2.00127189434908,2.03952252100212,2.07777314765515,2.07777314765515
"336",6,168,2.15634606572754,1.7255998422481,2.15634606572754,2.15634606572754,2.27748350842014,2.31786265598434
"337",6,175,2.14412910755738,2.14412910755738,2.14412910755738,2.15045649245698,2.49726497830224,2.61075867861745
"338",6,182,3.32755475103809,2.3082803047064,2.99399828039539,3.16077651571674,3.32755475103809,3.32755475103809
"339",6,189,2.90219537613138,2.34638985471497,2.90219537613138,2.90219537613138,3.19863900960863,3.29745355410105
"340",6,196,3.02040565360623,2.35494570626661,3.02040565360623,3.02040565360623,3.0409024505557,3.04773471620552
"341",6,203,3.08015075534394,2.57345629052283,3.08015075534394,3.08015075534394,3.32170668698025,3.40222533085902
"342",6,210,3.59195983120952,3.1110496415188,3.59195983120952,3.59195983120952,3.85037922447152,3.93651902222552
"343",6,217,4.12874759168087,3.13798213089359,4.12874759168087,4.12874759168087,4.53400416927832,4.66908969514414
"344",6,224,3.47785088834997,2.63391519860047,3.47785088834997,3.47785088834997,3.65464564596131,3.71357723183176
"345",6,231,2.86678668634332,2.30329043530511,2.86678668634332,2.86678668634332,3.37491345005368,3.54428903795714
"346",6,238,2.67981146527888,2.31724532181429,2.67981146527888,2.67981146527888,2.850700910542,2.90766405896305
"347",6,245,3.00745655361124,2.29799533835838,3.00745655361124,3.00745655361124,3.28450179269751,3.37685020572627
"348",6,252,2.64562965791816,2.40597005553754,2.64562965791816,2.64562965791816,2.98396557258252,3.09674421080397
"349",6,259,3.10445670563064,2.19687876762364,3.10445670563064,3.10445670563064,3.33376401587989,3.41019978596297
"350",6,266,3.43192400214439,2.66835055455568,3.24071815839507,3.33632108026973,3.43192400214439,3.43192400214439
"351",6,273,2.95423165460046,2.4843400717058,2.95423165460046,2.95423165460046,3.24201113767005,3.33793763202658
"352",6,280,2.86429472127393,2.23677917319616,2.86429472127393,2.86429472127393,2.96933899932371,3.00435375867364
"353",6,287,2.78556382111908,2.40943338673727,2.78556382111908,2.78556382111908,3.16146161323774,3.28676087727729
"354",6,294,3.15367296990427,2.72076773727526,3.15367296990427,3.15367296990427,3.77326889330217,3.97980086776814
"355",6,301,3.2852413882075,3.03540725610722,3.2852413882075,3.2852413882075,4.04920014873764,4.30385306891436
"356",6,308,4.62976664375842,3.46811912687391,4.4014816511782,4.51562414746831,4.62976664375842,4.62976664375842
"357",6,315,4.90997113313981,3.93884447059606,4.90997113313981,4.90997113313981,5.28745704741072,5.41328568550103
"358",6,322,4.81292055029656,4.30113932825178,4.81292055029656,4.81292055029656,5.02489374979348,5.09555148295912
"359",6,329,4.85648996489041,3.86592409473512,4.85648996489041,4.85648996489041,5.2371994866382,5.36410266055413
"360",6,336,4.835747016256,4.20736265755283,4.835747016256,4.835747016256,5.42208174889393,5.61752665977324
"361",6,343,4.35494891707105,3.8179133759426,4.35494891707105,4.35494891707105,5.27954898777241,5.58774901133953
"362",6,350,4.39161843661683,4.031394510787,4.39161843661683,4.39161843661683,4.81349037946381,4.95411436041281
"363",6,357,5.33397226824539,4.24122184392642,5.33397226824539,5.33397226824539,5.73293142536605,5.86591781107294
"364",6,364,6.74610934413128,4.98269534589107,5.05132874721615,6.00166914766135,6.74610934413128,6.74610934413128
"365",7,7,1.23563110532421,1.23563110532421,1.23563110532421,1.24181761629718,1.2914292764448,1.30590432616968
"366",7,14,1.41284967545126,1.33993128700474,1.40502279737997,1.40893623641562,1.41284967545126,1.41284967545126
"367",7,21,1.70903758302009,1.58439694126196,1.6004889073278,1.67890119427271,1.70903758302009,1.70903758302009
"368",7,28,1.60919524153888,1.52158869331488,1.60529425000721,1.60724474577305,1.60919524153888,1.60919524153888
"369",7,35,1.44173131972208,1.44173131972208,1.44173131972208,1.46974039284908,1.64405110588589,1.69281831918916
"370",7,42,1.62724845599339,1.49442351113199,1.51680566061097,1.60560028252065,1.62724845599339,1.62724845599339
"371",7,49,1.75961065113161,1.66154083411971,1.66689368510255,1.72128144459133,1.75961065113161,1.75961065113161
"372",7,56,1.63803493340565,1.63803493340565,1.63803493340565,1.70635933165437,1.84515692972918,1.86864799633787
"373",7,63,2.19473887317559,2.1122778437208,2.19473887317559,2.19473887317559,2.27710214395601,2.30455656754949
"374",7,70,2.78612008566934,2.52641053822276,2.617326651309,2.70172336848917,2.78612008566934,2.78612008566934
"375",7,77,2.11947338598837,2.11947338598837,2.11947338598837,2.16346773119046,2.2406059199112,2.25165386775075
"376",7,84,2.47176654393101,2.21524619303525,2.30610598519386,2.38893626456243,2.47176654393101,2.47176654393101
"377",7,91,2.93619026595083,2.69588977027224,2.93619026595083,2.93619026595083,2.94554488058018,2.94866308545663
"378",7,98,3.80272636562778,2.84472166838483,3.80272636562778,3.80272636562778,3.83974882394483,3.85208964338384
"379",7,105,3.14472049008345,2.85766528949438,3.14472049008345,3.14472049008345,3.29552929400052,3.34579889530621
"380",7,112,4.08985002542129,3.53643564494653,4.08985002542129,4.08985002542129,4.49077713650773,4.62441950686988
"381",7,119,4.17037290271669,3.39758180846025,4.17037290271669,4.17037290271669,4.70958564766896,4.88932322931971
"382",7,126,4.39609787727059,3.33103859049145,4.39609787727059,4.39609787727059,4.76340285460965,4.885837847056
"383",7,133,3.67501882885374,2.84627660666802,3.67501882885374,3.67501882885374,4.07166604971056,4.20388178999617
"384",7,140,3.39638193630229,2.77799904291982,3.08531031538214,3.24084612584221,3.39638193630229,3.39638193630229
"385",7,147,2.39777356850404,2.37137486485568,2.39777356850404,2.39777356850404,2.75099897812622,2.86874078133362
"386",7,154,1.74948021058809,1.57618082555307,1.74948021058809,1.74948021058809,2.08985535428009,2.20331373551076
"387",7,161,2.07777314765515,1.36769902314979,2.00127189434908,2.03952252100212,2.07777314765515,2.07777314765515
"388",7,168,2.15634606572754,1.7255998422481,2.15634606572754,2.15634606572754,2.27748350842014,2.31786265598434
"389",7,175,2.14412910755738,2.14412910755738,2.14412910755738,2.15045649245698,2.49726497830224,2.61075867861745
"390",7,182,3.32755475103809,2.3082803047064,2.99399828039539,3.16077651571674,3.32755475103809,3.32755475103809
"391",7,189,2.90219537613138,2.34638985471497,2.90219537613138,2.90219537613138,3.19863900960863,3.29745355410105
"392",7,196,3.02040565360623,2.35494570626661,3.02040565360623,3.02040565360623,3.0409024505557,3.04773471620552
"393",7,203,3.08015075534394,2.57345629052283,3.08015075534394,3.08015075534394,3.32170668698025,3.40222533085902
"394",7,210,3.59195983120952,3.1110496415188,3.59195983120952,3.59195983120952,3.85037922447152,3.93651902222552
"395",7,217,4.12874759168087,3.13798213089359,4.12874759168087,4.12874759168087,4.53400416927832,4.66908969514414
"396",7,224,3.47785088834997,2.63391519860047,3.47785088834997,3.47785088834997,3.65464564596131,3.71357723183176
"397",7,231,2.86678668634332,2.30329043530511,2.86678668634332,2.86678668634332,3.37491345005368,3.54428903795714
"398",7,238,2.67981146527888,2.31724532181429,2.67981146527888,2.67981146527888,2.850700910542,2.90766405896305
"399",7,245,3.00745655361124,2.29799533835838,3.00745655361124,3.00745655361124,3.28450179269751,3.37685020572627
"400",7,252,2.64562965791816,2.40597005553754,2.64562965791816,2.64562965791816,2.98396557258252,3.09674421080397
"401",7,259,3.10445670563064,2.19687876762364,3.10445670563064,3.10445670563064,3.33376401587989,3.41019978596297
"402",7,266,3.43192400214439,2.66835055455568,3.24071815839507,3.33632108026973,3.43192400214439,3.43192400214439
"403",7,273,2.95423165460046,2.4843400717058,2.95423165460046,2.95423165460046,3.24201113767005,3.33793763202658
"404",7,280,2.86429472127393,2.23677917319616,2.86429472127393,2.86429472127393,2.96933899932371,3.00435375867364
"405",7,287,2.78556382111908,2.40943338673727,2.78556382111908,2.78556382111908,3.16146161323774,3.28676087727729
"406",7,294,3.15367296990427,2.72076773727526,3.15367296990427,3.15367296990427,3.77326889330217,3.97980086776814
"407",7,301,3.2852413882075,3.03540725610722,3.2852413882075,3.2852413882075,4.04920014873764,4.30385306891436
"408",7,308,4.62976664375842,3.46811912687391,4.4014816511782,4.51562414746831,4.62976664375842,4.62976664375842
"409",7,315,4.90997113313981,3.93884447059606,4.90997113313981,4.90997113313981,5.28745704741072,5.41328568550103
"410",7,322,4.81292055029656,4.30113932825178,4.81292055029656,4.81292055029656,5.02489374979348,5.09555148295912
"411",7,329,4.85648996489041,3.86592409473512,4.85648996489041,4.85648996489041,5.2371994866382,5.36410266055413
"412",7,336,4.835747016256,4.20736265755283,4.835747016256,4.835747016256,5.42208174889393,5.61752665977324
"413",7,343,4.35494891707105,3.8179133759426,4.35494891707105,4.35494891707105,5.27954898777241,5.58774901133953
"414",7,350,4.39161843661683,4.031394510787,4.39161843661683,4.39161843661683,4.81349037946381,4.95411436041281
"415",7,357,5.33397226824539,4.24122184392642,5.33397226824539,5.33397226824539,5.73293142536605,5.86591781107294
"416",7,364,6.74610934413128,4.98269534589107,5.05132874721615,6.00166914766135,6.74610934413128,6.74610934413128
"417",8,7,1.23563110532421,1.23563110532421,1.23563110532421,1.24181761629718,1.2914292764448,1.30590432616968
"418",8,14,1.41284967545126,1.33993128700474,1.40502279737997,1.40893623641562,1.41284967545126,1.41284967545126
"419",8,21,1.70903758302009,1.58439694126196,1.6004889073278,1.67890119427271,1.70903758302009,1.70903758302009
"420",8,28,1.60919524153888,1.52158869331488,1.60529425000721,1.60724474577305,1.60919524153888,1.60919524153888
"421",8,35,1.44173131972208,1.44173131972208,1.44173131972208,1.46974039284908,1.64405110588589,1.69281831918916
"422",8,42,1.62724845599339,1.49442351113199,1.51680566061097,1.60560028252065,1.62724845599339,1.62724845599339
"423",8,49,1.75961065113161,1.66154083411971,1.66689368510255,1.72128144459133,1.75961065113161,1.75961065113161
"424",8,56,1.63803493340565,1.63803493340565,1.63803493340565,1.70635933165437,1.84515692972918,1.86864799633787
"425",8,63,2.19473887317559,2.1122778437208,2.19473887317559,2.19473887317559,2.27710214395601,2.30455656754949
"426",8,70,2.78612008566934,2.52641053822276,2.617326651309,2.70172336848917,2.78612008566934,2.78612008566934
"427",8,77,2.11947338598837,2.11947338598837,2.11947338598837,2.16346773119046,2.2406059199112,2.25165386775075
"428",8,84,2.47176654393101,2.21524619303525,2.30610598519386,2.38893626456243,2.47176654393101,2.47176654393101
"429",8,91,2.93619026595083,2.69588977027224,2.93619026595083,2.93619026595083,2.94554488058018,2.94866308545663
"430",8,98,3.80272636562778,2.84472166838483,3.80272636562778,3.80272636562778,3.83974882394483,3.85208964338384
"431",8,105,3.14472049008345,2.85766528949438,3.14472049008345,3.14472049008345,3.29552929400052,3.34579889530621
"432",8,112,4.08985002542129,3.53643564494653,4.08985002542129,4.08985002542129,4.49077713650773,4.62441950686988
"433",8,119,4.17037290271669,3.39758180846025,4.17037290271669,4.17037290271669,4.70958564766896,4.88932322931971
"434",8,126,4.39609787727059,3.33103859049145,4.39609787727059,4.39609787727059,4.76340285460965,4.885837847056
"435",8,133,3.67501882885374,2.84627660666802,3.67501882885374,3.67501882885374,4.07166604971056,4.20388178999617
"436",8,140,3.39638193630229,2.77799904291982,3.08531031538214,3.24084612584221,3.39638193630229,3.39638193630229
"437",8,147,2.39777356850404,2.37137486485568,2.39777356850404,2.39777356850404,2.75099897812622,2.86874078133362
"438",8,154,1.74948021058809,1.57618082555307,1.74948021058809,1.74948021058809,2.08985535428009,2.20331373551076
"439",8,161,2.07777314765515,1.36769902314979,2.00127189434908,2.03952252100212,2.07777314765515,2.07777314765515
"440",8,168,2.15634606572754,1.7255998422481,2.15634606572754,2.15634606572754,2.27748350842014,2.31786265598434
"441",8,175,2.14412910755738,2.14412910755738,2.14412910755738,2.15045649245698,2.49726497830224,2.61075867861745
"442",8,182,3.32755475103809,2.3082803047064,2.99399828039539,3.16077651571674,3.32755475103809,3.32755475103809
"443",8,189,2.90219537613138,2.34638985471497,2.90219537613138,2.90219537613138,3.19863900960863,3.29745355410105
"444",8,196,3.02040565360623,2.35494570626661,3.02040565360623,3.02040565360623,3.0409024505557,3.04773471620552
"445",8,203,3.08015075534394,2.57345629052283,3.08015075534394,3.08015075534394,3.32170668698025,3.40222533085902
"446",8,210,3.59195983120952,3.1110496415188,3.59195983120952,3.59195983120952,3.85037922447152,3.93651902222552
"447",8,217,4.12874759168087,3.13798213089359,4.12874759168087,4.12874759168087,4.53400416927832,4.66908969514414
"448",8,224,3.47785088834997,2.63391519860047,3.47785088834997,3.47785088834997,3.65464564596131,3.71357723183176
"449",8,231,2.86678668634332,2.30329043530511,2.86678668634332,2.86678668634332,3.37491345005368,3.54428903795714
"450",8,238,2.67981146527888,2.31724532181429,2.67981146527888,2.67981146527888,2.850700910542,2.90766405896305
"451",8,245,3.00745655361124,2.29799533835838,3.00745655361124,3.00745655361124,3.28450179269751,3.37685020572627
"452",8,252,2.64562965791816,2.40597005553754,2.64562965791816,2.64562965791816,2.98396557258252,3.09674421080397
"453",8,259,3.10445670563064,2.19687876762364,3.10445670563064,3.10445670563064,3.33376401587989,3.41019978596297
"454",8,266,3.43192400214439,2.66835055455568,3.24071815839507,3.33632108026973,3.43192400214439,3.43192400214439
"455",8,273,2.95423165460046,2.4843400717058,2.95423165460046,2.95423165460046,3.24201113767005,3.33793763202658
"456",8,280,2.86429472127393,2.23677917319616,2.86429472127393,2.86429472127393,2.96933899932371,3.00435375867364
"457",8,287,2.78556382111908,2.40943338673727,2.78556382111908,2.78556382111908,3.16146161323774,3.28676087727729
"458",8,294,3.15367296990427,2.72076773727526,3.15367296990427,3.15367296990427,3.77326889330217,3.97980086776814
"459",8,301,3.2852413882075,3.03540725610722,3.2852413882075,3.2852413882075,4.04920014873764,4.30385306891436
"460",8,308,4.62976664375842,3.46811912687391,4.4014816511782,4.51562414746831,4.62976664375842,4.62976664375842
"461",8,315,4.90997113313981,3.93884447059606,4.90997113313981,4.90997113313981,5.28745704741072,5.41328568550103
"462",8,322,4.81292055029656,4.30113932825178,4.81292055029656,4.81292055029656,5.02489374979348,5.09555148295912
"463",8,329,4.85648996489041,3.86592409473512,4.85648996489041,4.85648996489041,5.2371994866382,5.36410266055413
"464",8,336,4.835747016256,4.20736265755283,4.835747016256,4.835747016256,5.42208174889393,5.61752665977324
"465",8,343,4.35494891707105,3.8179133759426,4.35494891707105,4.35494891707105,5.27954898777241,5.58774901133953
"466",8,350,4.39161843661683,4.031394510787,4.39161843661683,4.39161843661683,4.81349037946381,4.95411436041281
"467",8,357,5.33397226824539,4.24122184392642,5.33397226824539,5.33397226824539,5.73293142536605,5.86591781107294
"468",8,364,6.74610934413128,4.98269534589107,5.05132874721615,6.00166914766135,6.74610934413128,6.74610934413128
"469",9,7,1.23563110532421,1.23563110532421,1.23563110532421,1.24181761629718,1.2914292764448,1.30590432616968
"470",9,14,1.41284967545126,1.33993128700474,1.40502279737997,1.40893623641562,1.41284967545126,1.41284967545126
"471",9,21,1.70903758302009,1.58439694126196,1.6004889073278,1.67890119427271,1.70903758302009,1.70903758302009
"472",9,28,1.60919524153888,1.52158869331488,1.60529425000721,1.60724474577305,1.60919524153888,1.60919524153888
"473",9,35,1.44173131972208,1.44173131972208,1.44173131972208,1.46974039284908,1.64405110588589,1.69281831918916
"474",9,42,1.62724845599339,1.49442351113199,1.51680566061097,1.60560028252065,1.62724845599339,1.62724845599339
"475",9,49,1.75961065113161,1.66154083411971,1.66689368510255,1.72128144459133,1.75961065113161,1.75961065113161
"476",9,56,1.63803493340565,1.63803493340565,1.63803493340565,1.70635933165437,1.84515692972918,1.86864799633787
"477",9,63,2.19473887317559,2.1122778437208,2.19473887317559,2.19473887317559,2.27710214395601,2.30455656754949
"478",9,70,2.78612008566934,2.52641053822276,2.617326651309,2.70172336848917,2.78612008566934,2.78612008566934
"479",9,77,2.11947338598837,2.11947338598837,2.11947338598837,2.16346773119046,2.2406059199112,2.25165386775075
"480",9,84,2.47176654393101,2.21524619303525,2.30610598519386,2.38893626456243,2.47176654393101,2.47176654393101
"481",9,91,2.93619026595083,2.69588977027224,2.93619026595083,2.93619026595083,2.94554488058018,2.94866308545663
"482",9,98,3.80272636562778,2.84472166838483,3.80272636562778,3.80272636562778,3.83974882394483,3.85208964338384
"483",9,105,3.14472049008345,2.85766528949438,3.14472049008345,3.14472049008345,3.29552929400052,3.34579889530621
"484",9,112,4.08985002542129,3.53643564494653,4.08985002542129,4.08985002542129,4.49077713650773,4.62441950686988
"485",9,119,4.17037290271669,3.39758180846025,4.17037290271669,4.17037290271669,4.70958564766896,4.88932322931971
"486",9,126,4.39609787727059,3.33103859049145,4.39609787727059,4.39609787727059,4.76340285460965,4.885837847056
"487",9,133,3.67501882885374,2.84627660666802,3.67501882885374,3.67501882885374,4.07166604971056,4.20388178999617
"488",9,140,3.39638193630229,2.77799904291982,3.08531031538214,3.24084612584221,3.39638193630229,3.39638193630229
"489",9,147,2.39777356850404,2.37137486485568,2.39777356850404,2.39777356850404,2.75099897812622,2.86874078133362
"490",9,154,1.74948021058809,1.57618082555307,1.74948021058809,1.74948021058809,2.08985535428009,2.20331373551076
"491",9,161,2.07777314765515,1.36769902314979,2.00127189434908,2.03952252100212,2.07777314765515,2.07777314765515
"492",9,168,2.15634606572754,1.7255998422481,2.15634606572754,2.15634606572754,2.27748350842014,2.31786265598434
"493",9,175,2.14412910755738,2.14412910755738,2.14412910755738,2.15045649245698,2.49726497830224,2.61075867861745
"494",9,182,3.32755475103809,2.3082803047064,2.99399828039539,3.16077651571674,3.32755475103809,3.32755475103809
"495",9,189,2.90219537613138,2.34638985471497,2.90219537613138,2.90219537613138,3.19863900960863,3.29745355410105
"496",9,196,3.02040565360623,2.35494570626661,3.02040565360623,3.02040565360623,3.0409024505557,3.04773471620552
"497",9,203,3.08015075534394,2.57345629052283,3.08015075534394,3.08015075534394,3.32170668698025,3.40222533085902
"498",9,210,3.59195983120952,3.1110496415188,3.59195983120952,3.59195983120952,3.85037922447152,3.93651902222552
"499",9,217,4.12874759168087,3.13798213089359,4.12874759168087,4.12874759168087,4.53400416927832,4.66908969514414
"500",9,224,3.47785088834997,2.63391519860047,3.47785088834997,3.47785088834997,3.65464564596131,3.71357723183176
"501",9,231,2.86678668634332,2.30329043530511,2.86678668634332,2.86678668634332,3.37491345005368,3.54428903795714
"502",9,238,2.67981146527888,2.31724532181429,2.67981146527888,2.67981146527888,2.850700910542,2.90766405896305
"503",9,245,3.00745655361124,2.29799533835838,3.00745655361124,3.00745655361124,3.28450179269751,3.37685020572627
"504",9,252,2.64562965791816,2.40597005553754,2.64562965791816,2.64562965791816,2.98396557258252,3.09674421080397
"505",9,259,3.10445670563064,2.19687876762364,3.10445670563064,3.10445670563064,3.33376401587989,3.41019978596297
"506",9,266,3.43192400214439,2.66835055455568,3.24071815839507,3.33632108026973,3.43192400214439,3.43192400214439
"507",9,273,2.95423165460046,2.4843400717058,2.95423165460046,2.95423165460046,3.24201113767005,3.33793763202658
"508",9,280,2.86429472127393,2.23677917319616,2.86429472127393,2.86429472127393,2.96933899932371,3.00435375867364
"509",9,287,2.78556382111908,2.40943338673727,2.78556382111908,2.78556382111908,3.16146161323774,3.28676087727729
"510",9,294,3.15367296990427,2.72076773727526,3.15367296990427,3.15367296990427,3.77326889330217,3.97980086776814
"511",9,301,3.2852413882075,3.03540725610722,3.2852413882075,3.2852413882075,4.04920014873764,4.30385306891436
"512",9,308,4.62976664375842,3.46811912687391,4.4014816511782,4.51562414746831,4.62976664375842,4.62976664375842
"513",9,315,4.90997113313981,3.93884447059606,4.90997113313981,4.90997113313981,5.28745704741072,5.41328568550103
"514",9,322,4.81292055029656,4.30113932825178,4.81292055029656,4.81292055029656,5.02489374979348,5.09555148295912
"515",9,329,4.85648996489041,3.86592409473512,4.85648996489041,4.85648996489041,5.2371994866382,5.36410266055413
"516",9,336,4.835747016256,4.20736265755283,4.835747016256,4.835747016256,5.42208174889393,5.61752665977324
"517",9,343,4.35494891707105,3.8179133759426,4.35494891707105,4.35494891707105,5.27954898777241,5.58774901133953
"518",9,350,4.39161843661683,4.031394510787,4.39161843661683,4.39161843661683,4.81349037946381,4.95411436041281
"519",9,357,5.33397226824539,4.24122184392642,5.33397226824539,5.33397226824539,5.73293142536605,5.86591781107294
"520",9,364,6.74610934413128,4.98269534589107,5.05132874721615,6.00166914766135,6.74610934413128,6.74610934413128
