"","y.time","y.value","S.time","S.value","E.time","E.value","I.time","I.value","R.time","R.value","clock"
"1",0,0.0516212597231129,0,999999,0,1,0,0,0,0,9409
"2",1,0.0433092317963921,1,999998.945543764,1,0.828895740795393,1,0.203669066196168,1,0.0218914295989192,9409
"3",2,0.0375012121394286,2,999998.806352092,2,0.770030228423703,2,0.345771135304055,2,0.077846544484958,9409
"4",3,0.0407641553352624,3,999998.60474418,3,0.779120351029025,3,0.457242439283898,3,0.158893030095327,9409
"5",4,0.0462208056534673,4,999998.351164553,4,0.832061515980323,4,0.555941736184499,4,0.260832195342759,9409
"6",5,0.0420476545401697,5,999998.049123321,5,0.916148070161962,5,0.65247562031985,5,0.382252989224492,9409
"7",6,0.0493448597459389,6,999997.697924443,6,1.0251688099662,6,0.753471509268442,6,0.523435238350706,9409
"8",7,0.0542124944394702,7,999997.294149629,7,1.15667488075543,7,0.863422370677063,7,0.685753119922135,9409
"9",8,0.0577232715896753,8,999996.832439137,8,1.31046657654591,8,0.985733003918046,8,0.871361282706852,9409
"10",9,0.0560800110560762,9,999996.305871809,9,1.48776524375734,9,1.12332087295993,9,1.08304207504045,9409
"11",10,0.0866723249961528,10,999995.706112739,10,1.69077161627947,10,1.27896946115956,10,1.32414618403559,9409
"12",11,0.088458978566855,11,999995.023421826,11,1.922443654142,11,1.45554531746268,11,1.59858920336407,9409
"13",12,0.102599354514372,12,999994.246574185,12,2.18640080353495,12,1.65614138169388,12,1.91088363034196,9409
"14",13,0.131841586331023,13,999993.362719602,13,2.48690301686552,13,1.88418200805111,13,2.26619537420587,9409
"15",14,0.136830127917272,14,999992.357194623,14,2.82887613833825,14,2.14350993762323,14,2.67041930177944,9409
"16",15,0.16839983061757,15,999991.213293118,15,3.21796836760763,15,2.43846703102667,15,3.13027148451975,9409
"17",16,0.18990007334458,16,999989.911996482,16,3.66062994053624,16,2.77397590919377,16,3.65339766889445,9409
"18",17,0.190216984945903,17,999988.43166182,17,4.16421242231907,17,3.15562711153871,17,4.24849864691935,9409
"19",18,0.205225145948945,18,999986.747664477,18,4.73708650190972,18,3.58977504181936,18,4.92547398043124,9409
"20",19,0.254251180753242,19,999984.831989871,19,5.38877869810929,19,4.08364531661382,19,5.69558611544825,9409
"21",20,0.332681131038592,20,999982.65276833,20,6.13012838157473,20,4.64545587174916,20,6.57164741738221,9409
"22",21,0.307083952800109,21,999980.173745481,21,6.97346723479509,21,5.28455415888273,21,7.5682331258462,9409
"23",22,0.402577226807048,22,999977.353679546,22,7.93282385723607,22,6.01157289047978,22,8.70192370719468,9409
"24",23,0.390864565477641,23,999974.145655623,23,9.02415675871118,23,6.83860702005834,23,9.99158059853174,9409
"25",24,0.369123616793879,24,999970.496305621,24,10.2656195206702,24,7.77941495226729,24,11.4586599066901,9409
"26",25,0.696596930441985,25,999966.344920908,25,11.6778624743825,25,8.84964735388991,25,13.1275692643124,9409
"27",26,0.724040924553349,26,999961.622442986,26,13.2843758691306,26,10.0671073798141,26,15.0260737661462,9409
"28",27,0.712642037756778,27,999956.250315435,27,15.1118801998615,27,11.452046639803,27,17.1857577255304,9409
"29",28,0.917574465965729,28,999950.139178117,28,17.1907701475365,28,13.0275018181566,28,19.6425499181481,9409
"30",29,0.973601663521724,29,999943.187381969,29,19.5556194714919,29,14.8196775270641,29,22.4373210332011,9409
"31",30,1.04992270442112,30,999935.279299819,30,22.2457551968511,30,16.8583817355294,30,25.6165632487459,9409
"32",31,1.30913386471403,31,999926.283405234,31,25.3059105779882,31,19.177520980961,31,29.2331632077513,9409
"33",32,1.33978934498336,32,999916.050087621,32,28.7869676095003,32,21.8156635533829,32,33.3472812167457,9409
"34",33,1.73503758558338,33,999904.409167478,33,32.7468013193875,33,24.8166799582013,33,38.0273512448853,9409
"35",34,2.28212567984024,34,999891.167070736,34,37.251239737851,34,28.2304712300429,34,43.3512182963816,9409
"36",35,2.47405968190066,35,999876.103615583,35,42.3751553146216,35,32.1137971071325,35,49.4074319956744,9409
"37",36,2.11587406012998,36,999858.96835881,36,48.2037056863351,36,36.5312177052299,36,56.2967177989884,9409
"38",37,2.8190979686466,37,999839.476441549,37,54.8337441047001,37,41.5561641772679,37,64.1336501691123,9409
"39",38,3.23924988344728,38,999817.303866133,38,62.3754225611387,38,47.2721559375094,38,73.0485553689049,9409
"40",39,3.3683619617308,39,999792.082126583,39,70.954013723028,39,53.774184398515,39,83.1896752955836,9409
"41",40,3.50573241804246,40,999763.392104825,40,80.7119812734746,40,61.1702858503217,40,94.7256280513768,9409
"42",41,4.26025990951197,41,999730.757132897,41,91.8113321676749,41,69.5833291426277,41,107.848205793065,9409
"43",42,5.57976888762303,42,999693.635108111,42,104.436288735545,42,79.1530472552282,42,122.775555897947,9409
"44",43,5.8636166765338,43,999651.409533055,43,118.796323527784,43,90.0383457064946,43,139.75579771049,9409
"45",44,5.48379205565252,44,999603.379335328,44,135.12960538007,44,102.419925105817,44,159.071134185934,9409
"46",45,8.99858779446262,45,999548.747302792,45,153.706911420262,45,116.503260059556,45,181.042525728735,9409
"47",46,7.76224890282345,46,999486.606948567,46,174.836066731191,46,132.521982151392,46,206.035002551056,9409
"48",47,8.41598233203819,47,999415.927595848,47,198.866981172875,47,150.741720901087,47,234.463702077975,9409
"49",48,11.0887419881354,48,999335.537445502,48,226.197361527427,48,171.464463527941,48,266.80072944351,9409
"50",49,12.7089413410939,49,999244.104359096,49,257.279186718076,49,195.033502075716,49,303.58295211044,9409
"51",50,12.3710718565157,50,999140.114056237,50,292.626044422307,50,221.839045064173,50,345.420854276626,9409
"52",51,17.2966787558638,51,999021.845387445,51,332.821438985539,51,252.324580385282,51,393.008593184458,9409
"53",52,17.1846028696244,52,998887.342302195,52,378.528193160418,52,286.994086720592,52,447.135417924174,9409
"54",53,22.048421632528,53,998734.382085779,53,430.499079828783,53,326.420202369235,53,508.698632023433,9409
"55",54,24.8019625995919,54,998560.439388225,54,489.588834441638,54,371.253473074423,54,578.718304260221,9409
"56",55,31.6789483236465,55,998362.645513533,55,556.767714302868,55,422.232814222451,55,658.353957942685,9409
"57",56,34.3059660779673,56,998137.742377994,56,633.136786798935,56,480.197337623613,56,748.923497583674,9409
"58",57,41.2841046922257,57,997882.030482578,57,719.945144888867,57,546.099708872434,57,851.924663661698,9409
"59",58,37.877776780006,58,997591.310063402,58,818.609305894077,58,621.021243546404,58,969.059387158067,9409
"60",59,41.9953592575895,59,997260.815147315,59,930.734829862733,59,706.188825456599,59,1102.26119736613,9409
"61",60,44.7506353045695,60,996885.138691712,60,1058.14075741635,60,802.994074657093,60,1253.72647621482,9409
"62",61,60.6490911185437,61,996458.148754449,61,1202.88678487808,61,913.014807491382,61,1425.94965318222,9409
"63",62,63.7371201575542,62,995972.894282516,62,1367.30358876079,62,1038.03912316363,62,1621.76300556049,9409
"64",63,84.6252042034434,63,995421.499531595,63,1554.02652193733,63,1180.09236217625,63,1844.38158429206,9409
"65",64,99.6062163910627,64,994795.046006271,64,1766.03291869918,64,1341.46720547848,64,2097.45386955225,9409
"66",65,83.1657151157755,65,994083.440784781,65,2006.68321587822,65,1524.75718475967,65,2385.1188145815,9409
"67",66,120.170602037074,66,993275.270097008,66,2279.76604645377,66,1732.89386651052,66,2712.06999002896,9409
"68",67,103.02351524557,67,992357.6370728,67,2589.54738369042,67,1969.18795150491,67,3083.62759200583,9409
"69",68,156.94011543531,68,991315.982686388,68,2940.82369917345,68,2237.37449238778,68,3505.81912205157,9409
"70",69,140.952851647094,69,990133.889112653,69,3338.97893634823,69,2541.66236892484,69,3985.46958207549,9409
"71",70,183.972731366049,70,988792.864922122,70,3790.04491788053,70,2886.78807740211,70,4530.30208259698,9409
"72",71,217.765131458004,71,987272.112489996,71,4300.76427546177,71,3278.07368770767,71,5149.04954683521,9409
"73",72,228.118017919012,72,985548.27736881,72,4878.65517445267,72,3721.48878259632,72,5851.57867414169,9409
"74",73,229.066132429098,73,983595.181847555,73,5532.07582564509,73,4223.71575578029,73,6649.02657102037,9409
"75",74,281.20673164898,74,981383.544876969,74,6270.28669729762,74,4792.21761980779,74,7553.95080592683,9409
"76",75,418.471665581219,75,978880.692470025,75,7103.50729992812,75,5435.3069889663,75,8580.49324108107,9409
"77",76,432.725746261042,76,976050.264546293,76,8042.9634264849,76,6162.21433310379,76,9744.55769411882,9409
"78",77,457.190617502939,77,972851.926598843,77,9100.91949645439,77,6983.15287292068,77,11064.0010317824,9409
"79",78,458.064472984183,78,969241.09755355,78,10290.6891775991,78,7909.37658595763,78,12558.8366828937,9409
"80",79,626.153654145971,79,965168.708829421,79,11626.6157374226,79,8953.22669249265,79,14251.448740664,9409
"81",80,639.788491357512,80,960581.013933406,80,13124.0116278209,80,10128.1606737716,80,16166.8137650016,9409
"82",81,741.922078257873,81,955419.472934958,81,14799.0446814818,81,11448.7563346305,81,18332.7260489303,9409
"83",82,801.075417841714,82,949620.741793956,82,16668.5561003649,82,12930.6816703048,82,20780.0204353746,9409
"84",83,919.527763938484,83,943116.802583848,83,18749.7933198959,83,14590.61937392,83,23542.7847223365,9409
"85",84,1203.94473199769,84,935835.276832682,84,21060.0391077322,84,16446.1328105228,84,26658.5512490633,9409
"86",85,1113.07232373724,85,927699.969968672,85,23616.1172935589,85,18515.4583288673,85,30168.4544089021,9409
"87",86,1251.17327397869,86,918631.699418816,86,26433.7558576421,86,20817.2071053789,86,34117.3376181626,9409
"88",87,1392.36547490188,87,908549.461181641,87,29526.7904123683,87,23369.9586355382,87,38553.7897704526,9409
"89",88,1499.33511356149,88,897371.988264813,88,32906.1962118514,88,26191.7279393249,88,43530.0875840111,9409
"90",89,1798.41843831891,89,885019.747526078,89,36578.9456278213,89,29299.2900794404,89,49102.0167666604,9409
"91",90,2354.42370398516,90,871417.407255877,90,40546.7014250669,90,32707.3493563953,90,55328.5419626614,9409
"92",91,2130.49108132392,91,856496.784376384,91,44804.3748346432,91,36427.5472613253,91,62271.2935276476,9409
"93",92,2055.56438523456,92,840200.245848069,92,49338.6015542889,92,40467.3136343995,92,69993.838963243,9409
"94",93,2285.34755011647,93,822484.493069872,93,54126.2177905101,93,44828.5800161161,93,78560.7091235017,9409
"95",94,3275.97858410337,94,803324.601531442,94,59132.8504959484,94,49506.393021262,94,88036.1549513474,9409
"96",95,2868.47564456952,95,782718.123802735,95,64311.7675710606,95,54487.48829809,95,98482.6203281141,9409
"97",96,3311.44146297271,96,760688.99802735,96,69603.1597375563,96,59748.9109830483,96,109958.931252045,9409
"98",97,4620.40652369032,97,737290.944810702,97,74934.0403189371,97,65256.7933408893,97,122518.221529471,9409
"99",98,4453.39931759565,98,712609.995532162,98,80218.9424573141,98,70965.4224741771,98,136205.639536347,9409
"100",99,3841.32291801067,99,686765.786109389,99,85361.5610101438,99,76816.7439718049,99,151055.908908663,9409
"101",100,4327.45694410207,100,659911.284995669,100,90257.4221278774,100,82740.4472959925,100,167090.845580461,9409
"102",101,5096.74503757728,101,632230.710036376,101,94797.5682238335,101,88654.7603526891,101,184316.961387101,9409
"103",102,5148.74843968599,102,603935.525958502,102,98873.1265289276,102,94468.0410595758,102,202723.306452994,9409
"104",103,5728.66540570379,103,575258.592720226,103,102380.500082317,103,100081.192753897,103,222279.714443559,9409
"105",104,5393.88707469425,104,546446.733944833,104,105226.801574481,104,105390.851962007,104,242935.612518678,9409
"106",105,6050.92700238407,105,517752.184925865,105,107335.066542699,105,110293.20976733,105,264619.538764106,9409
"107",106,4936.90724624707,106,489423.528653903,106,108648.754195028,106,114688.243794386,106,287239.473356682,9409
"108",107,5119.08289615217,107,461696.807383344,107,109135.084445509,107,118484.070439931,107,310684.037731215,9409
"109",108,5337.15384850037,108,434787.48911333,108,108786.868477653,108,121601.089143407,108,334824.55326561,9409
"110",109,4627.23156179241,109,408883.871975562,109,107622.652761926,109,123975.590874278,109,359517.884388234,9409
"111",110,5855.159843115,110,384142.341053365,110,105685.18643309,110,125562.543941033,110,384609.928572511,9409
"112",111,5159.65779225503,111,360684.681185963,111,103038.406864593,111,126337.346758821,111,409939.565190623,9409
"113",112,4597.21488198202,112,338597.43163095,112,99763.2875740437,112,126296.438033045,112,435342.84276196,9409
"114",113,4545.36395040752,113,317933.077680853,113,95952.9845138741,113,125456.764659575,113,460657.173145698,9409
"115",114,4466.09112950852,114,298712.734933694,114,91707.7425542886,114,123854.210669537,114,485725.31184248,9409
"116",115,4263.60958938191,115,280929.905367563,115,87129.9884045439,115,121541.173104826,115,510398.933123067,9409
"117",116,4165.69780401009,116,264554.869544288,116,82319.9539971588,116,118583.524459701,116,534541.651998852,9409
"118",117,3445.92268042734,117,249539.314776251,117,77372.0659611637,117,115057.22343062,117,558031.395831964,9409
"119",118,3270.4017353919,118,235820.868293953,118,72372.2231158139,118,111044.827779053,118,580762.08081118,9409
"120",119,3229.2908390729,119,223327.290199134,119,67395.9809525024,119,106632.132064894,119,602644.596783469,9409
"121",120,2855.41716557455,120,211980.168265123,120,62507.5806041949,120,101905.107084461,120,623607.14404622,9409
"122",121,2878.12312288579,121,201698.034330157,121,57759.7051852669,121,96947.2644569316,121,643594.996027643,9409
"123",122,2592.2734391599,122,192398.884599233,122,53193.8172962656,122,91837.5168063499,122,662569.78129815,9409
"124",123,2700.29097203337,123,184002.131555422,123,48840.9239580158,123,86648.5568853243,123,680508.387601237,9409
"125",124,2240.00761179171,124,176430.044147405,124,44722.6238910128,124,81445.7407003731,124,697401.591261209,9409
"126",125,2554.70514249298,125,169608.748115782,125,40852.3109290733,125,76286.4316251235,125,713252.50933002,9409
"127",126,1940.08153088277,126,163468.86303143,126,37236.4312690147,126,71219.7444788486,126,728074.961220706,9409
"128",127,1638.08304949607,127,157945.850090981,127,33875.7172290809,127,66286.6194224525,127,741891.813257484,9409
"129",128,1545.505796569,128,152980.137755647,128,30766.3435099088,128,61520.1535626912,128,754733.365171751,9409
"130",129,1143.72657940047,129,148517.083125735,129,27900.9720572376,129,56946.1214768866,129,766635.823340139,9409
"131",130,1363.49192975505,130,144506.817083923,130,25269.6678489901,130,52583.6226919266,130,777639.892375159,9409
"132",131,1104.01374777597,131,140904.011736279,131,22860.6802355007,131,48445.8029428028,131,787789.505085416,9409
"133",132,1198.0932998817,132,137667.600118143,132,20661.0932045134,132,44540.6055875194,132,797130.701089822,9409
"134",133,869.159537790028,133,134760.470784523,133,18657.3536743108,133,40871.5189838419,133,805710.656557322,9409
"135",134,975.989058321323,134,132149.153832871,134,16835.6902537531,134,37438.2943512215,134,813576.861562153,9409
"136",135,872.429112899905,135,129803.510043157,135,15182.4364381513,135,34237.6163052211,135,820776.43721347,9409
"137",136,671.571717429144,136,127696.431030673,136,13684.2724545733,136,31263.7147073677,136,827355.581807385,9409
"138",137,646.978695531125,137,125803.555428386,137,12328.3993579374,137,28508.9117014111,137,833359.133512264,9409
"139",138,553.268142078782,138,124103.00398315,138,11102.6578451873,138,25964.1018778552,138,838830.236293806,9409
"140",139,540.897955141708,139,122575.134911685,139,9995.60284863906,139,23619.1665455844,139,843810.095694091,9409
"141",140,482.962853510744,140,121202.319785363,140,8996.54346831754,140,21463.3252410336,140,848337.811505284,9409
"142",141,383.171443671213,141,119968.739486669,141,8095.55632460301,141,19485.4290272571,141,852450.27516147,9409
"143",142,326.454573466985,142,118860.199314643,142,7283.47903214027,142,17674.2009729926,142,856182.120680223,9409
"144",143,286.589979629242,143,117863.962041157,143,6551.88927229565,143,16018.4295695581,143,859565.719116988,9409
"145",144,304.092519399058,144,116968.597585715,144,5893.07389066059,144,14507.1208718539,144,862631.20765177,9409
"146",145,241.705320360449,145,116163.847904164,145,5299.99102450874,145,13129.6154769597,145,865406.545594366,9409
"147",146,251.876786844773,146,115440.505741365,146,4766.22894250762,146,11875.6745380227,146,867917.590778103,9409
"148",147,200.802926014998,147,114790.305932748,147,4285.96251774168,147,10735.5409404585,147,870188.19060905,9409
"149",148,243.720576289692,148,114205.828008067,148,3853.909449839,148,9699.97930948506,148,872240.283232608,9409
"150",149,125.616500591016,149,113680.408959123,149,3465.28719777418,149,8760.29888402861,149,874094.004959073,9409
"151",150,181.925853331147,150,113208.065124228,150,3115.77139101077,150,7908.36263297505,150,875767.800851785,9409
"152",151,136.907444916211,151,112783.422238072,151,2801.45623199792,151,7136.5855178749,151,877278.536012054,9409
"153",152,136.031141672903,152,112401.652787901,152,2518.8172080318,152,6437.92436979711,152,878641.605634269,9409
"154",153,109.845420873347,153,112058.419903517,153,2264.67628361048,153,5805.86145272841,153,879871.042360143,9409
"155",154,99.1177406136537,154,111749.82708864,154,2036.16963586688,154,5234.38343397358,154,880979.619841518,9409
"156",155,109.970792181309,155,111472.373174254,155,1830.71791728902,155,4717.95717323554,155,881978.95173522,9409
"157",156,94.0041409982245,156,111222.91194072,156,1645.99897501992,156,4251.50347461105,156,882879.585609648,9409
"158",157,78.848403449047,157,110998.615914952,157,1479.92291912397,157,3830.36971675437,157,883691.091449168,9409
"159",158,68.1802314273375,158,110796.943902283,158,1330.60940894915,158,3450.30208248729,158,884422.144606279,9409
"160",159,56.4222769976293,159,110615.611860235,159,1196.36701364213,159,3107.41794646283,159,885080.60317966,9409
"161",160,52.982481050925,160,110452.566763839,160,1075.6744972715,160,2798.17884439915,160,885673.57989449,9409
"162",161,44.0401402104794,161,110305.963171462,161,967.163912096031,161,2519.36435728968,161,886207.508559152,9409
"163",162,44.6743684213989,162,110174.142098974,162,869.605172945131,162,2268.04702847428,162,886688.205699606,9409
"164",163,42.5130412521595,163,110055.612190379,163,781.892366564808,163,2041.56866535247,163,887120.926777704,9409
"165",164,36.1686595196055,164,109949.032713717,164,703.031230856403,164,1837.51792501178,164,887510.418130415,9409
"166",165,31.6926152612011,165,109853.198313021,165,632.127919063768,165,1653.70931530529,165,887860.96445261,9409
"167",166,30.2255880061753,166,109767.025311329,166,568.378880039781,166,1488.16360763217,166,888176.432200999,9409
"168",167,22.9914890607337,167,109689.539405417,167,511.061748362195,167,1339.08964453188,167,888460.309201689,9409
"169",168,23.2212060667663,168,109619.864609617,168,459.527146845613,168,1204.86750525218,168,888715.740738285,9409
"170",169,18.1143967440362,169,109557.213320942,169,413.19131242459,169,1084.03297808256,169,888945.56238855,9409
"171",170,19.6904839157125,170,109500.877391011,170,371.52946435849,170,975.263278349846,170,889152.32986628,9409
"172",171,16.5026882075402,171,109450.220102141,171,334.0698411726,171,877.363944626763,171,889338.346112059,9409
"173",172,14.7164133835993,172,109404.668955537,172,300.388339674871,172,789.256842141368,172,889505.685862647,9409
"174",173,12.7408465262017,173,109363.709189019,173,270.103695769293,173,709.969200965754,173,889656.217914245,9409
"175",174,12.1897055820823,174,109326.877950181,174,242.873152636368,174,638.623616792193,174,889791.62528039,9409
"176",175,11.602926738032,175,109293.75905846,175,218.388567190098,175,574.428943557438,175,889913.423430792,9409
"177",176,10.2730622652633,176,109263.978296435,176,196.372910577143,176,516.672009515945,176,890022.976783471,9409
"178",177,9.13643190770337,177,109237.19917671,177,176.577122889016,177,464.710091323201,177,890121.513609077,9409
"179",178,9.71682460428355,178,109213.11913625,178,158.777286245424,178,417.964084059789,178,890210.139493444,9409
"180",179,6.82349142457963,179,109191.46611491,179,142.772084009471,179,375.912308740131,179,890289.84949234,9409
"181",180,5.99126083217424,180,109171.995479296,180,128.380517145979,180,338.084902579289,180,890361.539100977,9409
"182",181,5.97266314380444,181,109154.487257063,181,115.439851663776,181,304.058741039643,181,890426.014150232,9409
"183",182,5.07060188532396,182,109138.743650256,182,103.803773720833,182,273.452844373893,182,890483.999731648,9409
"184",183,4.92803038199816,183,109124.586799524,183,93.3407313450222,183,245.924224968858,183,890536.14824416,9409
"185",184,4.51119735370036,184,109111.856773866,184,83.9324438582574,184,221.164135238371,184,890583.046647036,9409
"186",185,3.32650704172443,185,109100.409763127,185,75.4725620112323,185,198.894679088216,185,890625.222995772,9409
"187",186,3.28347526607391,186,109090.116452797,186,67.8654635610594,186,178.86575306603,186,890663.152330575,9409
"188",187,3.12323181670173,187,109080.860562691,187,61.0251705742009,187,160.852286206264,187,890697.261980527,9409
"189",188,2.75923989758982,188,109072.537532998,188,54.8743761297169,188,144.651750282238,188,890727.936340589,9409
"190",189,2.47532552348847,189,109065.053342805,189,49.3435693488967,189,130.081914685851,189,890755.521173159,9409
"191",190,2.32348503177932,190,109058.323447756,190,44.3702488011145,190,116.978822475423,190,890780.327480966,9409
"192",191,2.13330994692498,191,109052.271824808,191,39.8982153451872,191,105.194966270499,191,890802.634993575,9409
"193",192,1.62034490421152,192,109046.830113298,192,35.8769363722323,192,94.5976446379008,192,890822.695305691,9409
"194",193,1.82204515731626,193,109041.936842599,193,32.2609742305005,193,85.0674814151444,193,890840.734701754,9409
"195",194,1.48226513869528,194,109037.536737638,194,29.0094723442933,194,76.4970920657687,194,890856.956697951,9409
"196",195,1.77271282679447,195,109033.580094416,195,26.0856931963204,195,68.7898826661762,195,890871.544329721,9409
"197",196,1.29775923460448,196,109030.022218489,196,23.4566029333054,196,61.8589684955129,196,890884.662210081,9409
"198",197,1.025354897119,197,109026.822920045,197,21.0924978851141,197,55.6262004488073,197,890896.45838162,9409
"199",198,1.08061090127654,198,109023.946059871,198,18.9666687642864,198,50.0212886286315,198,890907.065982735,9409
"200",199,0.910115581164068,199,109021.359141104,199,17.0550987410908,199,44.9810135011013,199,890916.604746653,9409
"201",200,0.845215825707305,200,109019.032942109,200,15.3361919740135,200,40.4485159367412,200,890925.182349979,9409
"202",201,0.678688859620538,201,109016.941186381,201,13.7905295213769,201,36.3726583037612,201,890932.895625793,9409
"203",202,0.64448145033582,202,109015.060245706,202,12.4006498705181,202,32.7074495482128,202,890939.831654874,9409
"204",203,0.658767186121033,203,109013.36887325,203,11.1508516002172,203,29.4115278893983,203,890946.068747259,9409
"205",204,0.413703559715797,204,109011.847963541,204,10.0270159430464,204,26.4476953863365,204,890951.677325128,9409
"206",205,0.454616667133821,205,109010.480336653,205,9.0164472398862,205,23.7824991980936,205,890956.720716908,9409
"207",206,0.364084572641096,206,109009.250544133,206,8.10772948160879,206,21.3858548729119,206,890961.255871511,9409
"208",207,0.342457616026371,207,109008.144694496,207,7.29059731517113,207,19.2307074634255,207,890965.334000724,9409
"209",208,0.314623005156441,208,109007.150296301,208,6.55582005517604,208,17.2927266824948,208,890969.00115696,9409
"210",209,0.313788975718366,209,109006.256117052,209,5.89509738921669,209,15.5500326905916,209,890972.298752868,9409
"211",210,0.308412831182749,210,109005.452056308,210,5.30096559769363,210,13.9829494451056,210,890975.264028648,9409
"212",211,0.268406794243223,211,109004.729031594,211,4.76671322779389,211,12.5737828479645,211,890977.930472329,9409
"213",212,0.204756347794332,212,109004.078875805,212,4.2863052683015,212,11.306621203775,212,890980.328197722,9409
"214",213,0.199719984357842,213,109003.494244947,213,3.85431496808446,213,10.1671557492295,213,890982.484284335,9409
"215",214,0.152063971755857,214,109002.968535183,214,3.46586252756844,214,9.1425192384319,214,890984.423083049,9409
"216",215,0.149064555794913,215,109002.495808238,215,3.11655997024325,215,8.22114077047305,215,890986.16649102,9409
"217",216,0.117351641115703,216,109002.070724316,216,2.80246157113782,216,7.39261522721449,216,890987.734198885,9409
"218",217,0.132968585872455,217,109001.688481787,217,2.52001928203583,217,6.647585852785,217,890989.143913078,9409
"219",218,0.114865573336724,218,109001.344762946,218,2.26604264969929,218,5.97763865353339,218,890990.411555749,9409
"220",219,0.097956010074185,219,109001.035685245,219,2.03766277416297,219,5.37520742972908,219,890991.55144455,9409
"221",220,0.088886679361001,220,109000.757757429,220,1.83229989983309,220,4.8334883696069,220,890992.576454301,9409
"222",221,0.101774302595246,221,109000.507840107,221,1.64763427318761,221,4.34636324372929,221,890993.498162375,9409
"223",222,0.0807550422433073,222,109000.283110287,222,1.48157993779698,222,3.90833033427042,222,890994.32697944,9409
"224",223,0.0662373776421411,223,109000.081029485,223,1.33226117058228,223,3.51444232078166,223,890995.072267022,9409
"225",224,0.0622229671861202,224,108999.899315059,224,1.19799129307733,224,3.16025042223916,224,890995.742443225,9409
"226",225,0.0521429645577218,225,108999.735914415,225,1.07725361830118,225,2.84175416557093,225,890996.3450778,9409
"227",226,0.0477773176059109,226,108999.58898183,226,0.968684317980339,226,2.55535621419535,226,890996.886977637,9409
"228",227,0.0457521618464279,227,108999.456857597,227,0.871057016560048,227,2.29782174708156,227,890997.374263639,9409
"229",228,0.039825806512189,228,108999.338049281,228,0.783268937955695,228,2.06624193009887,228,890997.812439851,9409
"230",229,0.036374194554856,229,108999.231214859,229,0.704328448539877,229,1.8580010675316,229,890998.206455624,9409
"231",230,0.0337115704863976,230,108999.135147563,230,0.633343855636517,230,1.67074706311098,230,890998.560761517,9409
"232",231,0.0237387939914504,231,108999.048762246,231,0.569513334978648,231,1.50236485722346,231,890998.879359561,9409
"233",232,0.0238830291827017,232,108998.971083126,232,0.512115873341709,232,1.35095254051046,232,890999.165848459,9409
"234",233,0.0261055114728507,233,108998.901232763,233,0.460503124033564,233,1.21479987425702,233,890999.423464237,9409
"235",234,0.017799560874517,234,108998.83842215,234,0.414092083235674,234,1.09236897511255,234,890999.65511679,9409
"236",235,0.0194840997290468,235,108998.781941797,235,0.372358504463359,235,0.982276946101929,235,890999.863422751,9409
"237",236,0.0178644837530355,236,108998.73115372,236,0.334830976751903,236,0.883280257843746,236,891000.050735045,9409
"238",237,0.0141039149591665,237,108998.685484232,237,0.301085599673425,237,0.794260703640693,237,891000.219169464,9409
"239",238,0.0136908708711694,238,108998.644417466,238,0.270741195031877,238,0.714212769868116,238,891000.370628569,9409
"240",239,0.0137640296730561,239,108998.607489542,239,0.243455001146265,239,0.64223227905938,239,891000.506823177,9409
"241",240,0.0113489671681369,240,108998.574283336,240,0.218918801083928,240,0.577506177451534,240,891000.629291684,9409
"242",241,0.0083285102279059,241,108998.544423761,241,0.19685544110783,241,0.519303351673064,241,891000.739417445,9409
"243",242,0.00876164182489854,242,108998.517573532,242,0.177015700009942,242,0.466966370873044,242,891000.838444397,9409
"244",243,0.00739448672691362,243,108998.493429356,243,0.159175473966516,243,0.419904061038541,243,891000.927491108,9409
"245",244,0.00789380231282784,244,108998.47171851,244,0.143133245115358,244,0.377584827642444,244,891001.007563416,9409
"246",245,0.00702628145439179,245,108998.452195755,245,0.128707805260178,245,0.339530651212878,245,891001.079565788,9409
"247",246,0.00720752072162021,246,108998.434640566,246,0.115736208989086,246,0.305311688013385,246,891001.144311536,9409
"248",247,0.00531835880732147,247,108998.418854647,247,0.104071933085833,247,0.274541414855572,247,891001.202532004,9409
"249",248,0.00463234661094727,248,108998.404659685,248,0.0935832214426696,248,0.246872263210279,248,891001.254884829,9409
"250",249,0.00490946163016779,249,108998.391895338,249,0.0841515967791648,249,0.221991693308594,249,891001.301961371,9409
"251",250,0.00375355997740833,250,108998.380417423,250,0.0756705223555742,250,0.199618663892669,250,891001.34429339,9409
"252",251,0.00339656800760959,251,108998.37009629,251,0.0680441985636755,251,0.17950045774437,251,891001.382359053,9409
"253",252,0.0030866067679554,252,108998.360815355,252,0.0611864808015756,252,0.161409827137634,252,891001.416588336,9409
"254",253,0.00285965427504077,253,108998.352469783,253,0.0550199064090048,253,0.145142426973485,253,891001.447367883,9409
"255",254,0.00214266917129033,254,108998.344965305,254,0.049474819671556,254,0.130514506605629,254,891001.475045368,9409
"256",255,0.00202013714999437,255,108998.338217153,255,0.0444885850101013,255,0.11736083428619,255,891001.499933427,9409
"257",256,0.00191048327991751,256,108998.332149101,256,0.0400048794677504,256,0.105532830788371,256,891001.522313188,9409
"258",257,0.00160747449786551,257,108998.326692608,257,0.0359730565024468,257,0.0948968911253064,257,891001.542437443,9409
"259",258,0.00139843729780283,258,108998.321786038,258,0.0323475738987565,258,0.0853328754088185,258,891001.560533512,9409
"260",259,0.00158194187578669,259,108998.317373968,259,0.0290874793366824,259,0.0767327518021358,259,891001.5768058,9409
"261",260,0.0012622351419476,260,108998.313406561,260,0.0261559478066219,260,0.0689993762384659,260,891001.591438113,9409
"262",261,0.0012733872901438,261,108998.309839003,261,0.0235198656452258,261,0.0620453951220656,261,891001.604595735,9409
"263",262,0.00110631043517927,262,108998.306630994,262,0.0211494564935409,262,0.0557922586175065,262,891001.616427289,9409
"264",263,0.000947470861684798,263,108998.3037463,263,0.0190179449523589,263,0.0501693333819232,263,891001.627066421,9409
"265",264,0.000898938708883148,264,108998.301152334,264,0.0171012541355165,264,0.0451131047182371,264,891001.636633306,9409
"266",265,0.000708513521075967,265,108998.298819796,265,0.0153777337047927,265,0.0405664591373655,265,891001.64523601,9409
"267",266,0.000780274374140821,266,108998.29672234,266,0.0138279153143635,266,0.0364780392256551,266,891001.652971705,9409
"268",267,0.000681960975038388,267,108998.294836271,267,0.0124342927023834,267,0.0328016635304786,267,891001.659927772,9409
"269",268,0.000537035076057395,268,108998.293140287,268,0.0111811239456729,268,0.0294958049113303,268,891001.666182783,9409
"270",269,0.000552219483156604,269,108998.29161523,269,0.0100542536438384,269,0.0265231214641388,269,891001.671807394,9409
"271",270,0.000407737719629111,270,108998.290243873,270,0.00904095302426882,270,0.0238500347203478,270,891001.676865138,9409
"272",271,0.000418486763920128,271,108998.289010726,271,0.00812977616188179,271,0.021446350356299,271,891001.681413146,9409
"273",272,0.000434710058234468,272,108998.28790186,272,0.00731043068952179,272,0.0192849171286252,272,891001.685502792,9409
"274",273,0.000386379354184028,273,108998.286904749,273,0.00657366153859247,273,0.017341320183136,273,891001.689180269,9409
"275",274,0.000331700442807963,274,108998.286008129,274,0.00591114639669323,274,0.0155936052729467,274,891001.692487118,9409
"276",275,0.000290550177144044,275,108998.285201875,275,0.00531540170138092,275,0.014022030770732,275,891001.695460692,9409
"277",276,0.000295215301200114,276,108998.284476877,276,0.00477969810819078,276,0.0126088446739366,276,891001.69813458,9409
"278",277,0.000186344841479646,277,108998.283824946,277,0.00429798447806935,277,0.0113380840840821,277,891001.700538984,9409
"279",278,0.000193508650483805,278,108998.28323872,278,0.00386481952560458,278,0.0101953948951661,278,891001.702701065,9409
"280",279,0.000162889414141599,279,108998.282711575,279,0.00347531035597262,279,0.00916786965442362,279,891001.704645244,9409
"281",280,0.000163794411507442,280,108998.282237558,280,0.00312505719633352,280,0.00824390176398544,280,891001.706393483,9409
"282",281,0.000134368616281104,281,108998.281811313,281,0.00281010369737893,281,0.00741305437655017,281,891001.707965528,9409
"283",282,9.93748573796282e-05,282,108998.281428027,282,0.00252689224365318,282,0.00666594250416292,282,891001.709379137,9409
"284",283,0.000111156055105262,283,108998.28108337,283,0.00227222376784731,283,0.00599412700844354,283,891001.710650278,9409
"285",284,9.97561606227895e-05,284,108998.280773449,284,0.00204322161514055,284,0.00539001927481589,284,891001.71179331,9409
"286",285,9.51646714120593e-05,285,108998.280494762,285,0.00183729904941229,285,0.00484679549397137,285,891001.712821143,9409
"287",286,9.10422196536734e-05,286,108998.280244162,286,0.00165213003428466,286,0.00435831958232013,286,891001.713745387,9409
"288",287,6.5065442241213e-05,287,108998.280018819,287,0.00148562295894765,287,0.00391907387076576,287,891001.714576483,9409
"289",288,5.81266696664234e-05,288,108998.279816186,288,0.00133589701198183,288,0.00352409677888748,288,891001.715323819,9409
"290",289,6.30931843352616e-05,289,108998.279633976,289,0.00120126093630469,289,0.00316892677051857,289,891001.715995836,9409
"291",290,4.33703437780733e-05,290,108998.279470129,290,0.00108019392526328,290,0.00284955195766199,290,891001.716600124,9409
"292",291,4.97215738261289e-05,291,108998.279322795,291,0.000971328444081244,291,0.00256236478348599,291,891001.717143511,9409
"293",292,4.36220573401797e-05,292,108998.27919031,292,0.000873434782616844,292,0.00230412127251373,292,891001.717632133,9409
"294",293,4.12689551341148e-05,293,108998.279071177,293,0.000785407164944594,293,0.00207190438771063,293,891001.71807151,9409
"295",294,4.32390529463818e-05,294,108998.278964051,294,0.000706251258858875,294,0.00186309108056316,294,891001.718466606,9409
"296",295,3.00811928980389e-05,295,108998.278867721,295,0.000635072944210697,295,0.00167532266195746,295,891001.718821882,9409
"297",296,2.88268904407671e-05,296,108998.2787811,296,0.000571068213208308,296,0.001506478159177,296,891001.719141352,9409
"298",297,2.54462741269843e-05,297,108998.278703209,297,0.000513514088598612,297,0.0013546503580686,297,891001.719428625,9409
"299",298,1.87141364783223e-05,298,108998.278633168,298,0.000461760457144026,298,0.0012181242597568,298,891001.719686946,9409
"300",299,1.94998202413322e-05,299,108998.278570186,299,0.000415222726148308,299,0.00109535770856066,299,891001.719919233,9409
"301",300,1.84445587820763e-05,300,108998.278513551,300,0.000373375220081771,300,0.000984963972292179,300,891001.720128109,9409
"302",301,1.67362287202056e-05,301,108998.278462624,301,0.000335745242716252,301,0.000885696078168979,301,891001.720315933,9409
"303",302,1.62184366690261e-05,302,108998.27841683,302,0.000301907737697563,302,0.000796432727404776,302,891001.720484828,9409
"304",303,1.19789410832823e-05,303,108998.278375651,303,0.000271480487242958,303,0.000716165629373327,303,891001.720636702,9409
"305",304,1.4661669577029e-05,304,108998.278338622,304,0.000244119794729587,304,0.000643988112276671,304,891001.720773269,9409
"306",305,1.27453101219695e-05,305,108998.278305326,305,0.000219516602405836,305,0.00057908488166739,305,891001.720896072,9409
"307",306,9.20994550017891e-06,306,108998.278275384,306,0.000197393000372433,306,0.00052072281114043,306,891001.721006499,9409
"308",307,7.97615322314298e-06,307,108998.278248461,307,0.000177499087399879,307,0.000468242661169071,307,891001.721105796,9409
"309",308,7.81595552091155e-06,308,108998.278224251,308,0.000159610148122972,308,0.00042105163254366,308,891001.721195086,9409
"310",309,5.99742110623965e-06,309,108998.278202481,309,0.000143524114726921,309,0.000378616670299123,309,891001.721275377,9409
"311",310,6.48112822098083e-06,310,108998.278182905,310,0.000129059284453042,310,0.00034045844249454,310,891001.721347576,9409
"312",311,5.69520606180001e-06,311,108998.278165301,311,0.000116052267141715,311,0.000306145925830995,311,891001.721412499,9409
"313",312,5.06285773042633e-06,312,108998.278149472,312,0.000104356139628667,312,0.000275291536948571,312,891001.721470879,9409
"314",313,5.39201097499815e-06,313,108998.278135239,313,9.38387861472648e-05,313,0.000247546754407138,313,891001.721523375,9409
"315",314,4.31364279308061e-06,314,108998.278122439,314,8.4381405990479e-05,314,0.000222598181898247,314,891001.72157058,9409
"316",315,4.14382120739189e-06,315,108998.27811093,315,7.58771715755774e-05,315,0.000200164008219402,315,891001.721613027,9409
"317",316,2.8536459631411e-06,316,108998.278100581,316,6.82300217534467e-05,316,0.000179990824023702,316,891001.721651197,9409
"318",317,3.00042082239555e-06,317,108998.278091275,317,6.13535767321544e-05,317,0.000161850759387874,317,891001.72168552,9409
"319",318,2.88348282008443e-06,318,108998.278082906,318,5.51701623580678e-05,318,0.000145538909865557,318,891001.721716383,9409
"320",319,2.66254438379868e-06,319,108998.278075381,319,4.96099327331173e-05,319,0.000130871021951367,319,891001.721744137,9409
"321",320,1.96504611679558e-06,320,108998.278068615,320,4.46100812575644e-05,320,0.00011768141181146,320,891001.721769093,9409
"322",321,2.03877818161793e-06,321,108998.27806253,321,4.01141311864648e-05,321,0.000105821093771247,321,891001.721791534,9409
"323",322,1.84508831463671e-06,322,108998.278057059,322,3.6071297686173e-05,322,9.5156097420234e-05,322,891001.721811713,9409
"324",323,1.91769130737634e-06,323,108998.278052139,323,3.24359141848822e-05,323,8.55659543245519e-05,323,891001.721829859,9409
"325",324,1.54508279662075e-06,324,108998.278047715,324,2.91669165374356e-05,324,7.6942337253547e-05,324,891001.721846175,9409
"326",325,1.44589615820316e-06,325,108998.278043736,325,2.6227379177697e-05,325,6.91878365495702e-05,325,891001.721860848,9409
"327",326,1.28930664238511e-06,326,108998.278040159,326,2.35840980190039e-05,326,6.22148598192252e-05,326,891001.721874041,9409
"328",327,1.06574753970146e-06,327,108998.278036942,327,2.12072153912804e-05,327,5.59446425173339e-05,327,891001.721885905,9409
"329",328,9.68793246158526e-07,328,108998.27803405,328,1.90698827782141e-05,328,5.03063582474891e-05,328,891001.721896573,9409
"330",329,6.39414544399412e-07,329,108998.278031449,329,1.71479575448865e-05,329,4.52363187294303e-05,329,891001.721906166,9409
"331",330,8.05617007291961e-07,330,108998.27802911,330,1.54197302301851e-05,330,4.06772543963261e-05,330,891001.721914792,9409
"332",331,6.91544006493237e-07,331,108998.278027007,331,1.3865679323579e-05,331,3.65776674958184e-05,331,891001.721922549,9409
"333",332,6.20525074105427e-07,332,108998.278025115,332,1.24682507562951e-05,332,3.28912503876606e-05,332,891001.721929524,9409
"334",333,5.81914643509422e-07,333,108998.278023415,333,1.12116596160943e-05,333,2.95763624672247e-05,333,891001.721935796,9409
"335",334,4.5979932531097e-07,334,108998.278021886,334,1.00817118458832e-05,334,2.65955598063702e-05,334,891001.721941436,9409
"336",335,4.98967224137661e-07,335,108998.27802051,335,9.06564391212285e-06,335,2.39151721986459e-05,335,891001.721946508,9409
"337",336,4.4232108409579e-07,336,108998.278019274,336,8.15197863198028e-06,336,2.1504922831261e-05,336,891001.721951068,9409
"338",337,3.79287088727534e-07,337,108998.278018162,337,7.33039553069217e-06,337,1.93375862877611e-05,337,891001.721955169,9409
"339",338,2.71398350720309e-07,338,108998.278017162,338,6.5916142647377e-06,338,1.73886810183129e-05,338,891001.721958856,9409
"340",339,2.55421370937372e-07,339,108998.278016263,339,5.92728979400592e-06,339,1.56361928038421e-05,339,891001.721962172,9409
"341",340,2.92842356018498e-07,340,108998.278015455,340,5.32991811885524e-06,340,1.40603260903596e-05,340,891001.721965154,9409
"342",341,2.30268029291511e-07,341,108998.278014728,341,4.79275151730088e-06,341,1.26432803846296e-05,341,891001.721967835,9409
"343",342,2.28692325540109e-07,342,108998.278014074,342,4.30972232487604e-06,342,1.13690491854139e-05,342,891001.721970246,9409
"344",343,2.00441547591637e-07,343,108998.278013486,343,3.87537439620828e-06,343,1.02232391790835e-05,343,891001.721972414,9409
"345",344,1.86749772020819e-07,344,108998.278012958,344,3.48480147412273e-06,344,9.19290765728964e-06,344,891001.721974363,9409
"346",345,1.68360128154019e-07,345,108998.278012482,345,3.1335917701088e-06,345,8.26641632021273e-06,345,891001.721976116,9409
"347",346,1.3662244866971e-07,346,108998.278012055,346,2.81777813014903e-06,346,7.43329981400001e-06,346,891001.721977693,9409
"348",347,1.40574991256239e-07,347,108998.27801167,347,2.53379322299881e-06,347,6.68414751742983e-06,347,891001.72197911,9409
"349",348,1.17037686033608e-07,348,108998.278011325,348,2.27842924473809e-06,348,6.01049724250338e-06,348,891001.721980385,9409
"350",349,9.77140428907122e-08,349,108998.278011014,349,2.04880168443028e-06,349,5.40473964823874e-06,349,891001.721981531,9409
"351",350,1.07537630850978e-07,350,108998.278010735,350,1.84231674159669e-06,350,4.8600322879558e-06,350,891001.721982561,9409
"352",351,9.47258654490396e-08,351,108998.278010483,351,1.65664202746464e-06,351,4.37022231915723e-06,351,891001.721983488,9409
"353",352,7.17510376608172e-08,352,108998.278010257,352,1.48968021903968e-06,352,3.92977700296081e-06,352,891001.721984321,9409
"354",353,6.05854442653684e-08,353,108998.278010054,353,1.33954536840671e-06,353,3.53372120802647e-06,353,891001.721985071,9409
"355",354,5.50703228419463e-08,354,108998.278009871,354,1.20454159965731e-06,354,3.17758121304225e-06,354,891001.721985745,9409
"356",355,5.58301781113194e-08,355,108998.278009707,355,1.08314395281049e-06,355,2.85733417297978e-06,355,891001.721986351,9409
"357",356,5.18181491094273e-08,356,108998.278009559,356,9.73981158345815e-07,356,2.56936267830593e-06,356,891001.721986896,9409
"358",357,5.03739383161411e-08,357,108998.278009427,357,8.75820147775546e-07,357,2.31041389386598e-06,357,891001.721987386,9409
"359",358,4.0191672792865e-08,358,108998.278009307,358,7.87552125291979e-07,358,2.07756281588392e-06,358,891001.721987827,9409
"360",359,3.39990965023383e-08,359,108998.2780092,359,7.08180043159814e-07,359,1.86817923204259e-06,359,891001.721988223,9409
"361",360,3.16374066754463e-08,360,108998.278009103,360,6.36807339379483e-07,360,1.67989801143509e-06,360,891001.721988579,9409
"362",361,3.01958479608447e-08,361,108998.278009016,361,5.72627810405646e-07,361,1.51059238879228e-06,361,891001.7219889,9409
"363",362,2.46146483755076e-08,362,108998.278008938,362,5.14916504526285e-07,362,1.35834994121318e-06,362,891001.721989188,9409
"364",363,2.41488293865767e-08,363,108998.278008868,363,4.63021533036874e-07,363,1.22145098603924e-06,363,891001.721989447,9409
"365",364,2.01352834656285e-08,364,108998.278008805,364,4.16356706711222e-07,364,1.0983491558616e-06,364,891001.72198968,9409
"366",365,2.19125540096366e-08,365,108998.278008748,365,3.74394914392914e-07,365,9.87653931242612e-07,365,891001.721989889,9409
