"","y.time","y.value","S.time","S.value","E.time","E.value","I.time","I.value","R.time","R.value","mu.time","mu.value","x.time","x.value","clock"
"1",0,0.0376435657199809,0,52196380,0,1,0,0,0,0,0,0,0,0,13703
"2",1,0.0827159438601551,1,52196378.5460329,1,2.0051940932827,1,0.273783771615832,1,0.174989229279589,1,-0.02,1,-0.00097541148867314,13703
"3",2,0.139658151527868,2,52196375.5922345,2,4.05437326024938,2,0.794796368215754,2,0.558595882992236,2,-0.02,2,-0.0019032515987345,13703
"4",3,0.302631796105259,3,52196369.5907386,3,8.22312562042579,3,1.82327971025168,3,1.36285608871197,3,-0.02,3,-0.00278584041364558,13703
"5",4,0.606597483392708,4,52196357.401908,4,16.6925540640955,4,3.88677337672836,4,3.01876456811526,4,-0.02,4,-0.00362538486506473,13703
"6",5,1.31431826051855,5,52196332.6618401,5,33.8823818661172,5,8.05462393471945,5,6.40115414175443,5,-0.02,5,-0.00442398425132558,13703
"7",6,3.05374419606723,6,52196282.4798375,6,68.7425958871637,6,16.4935730286469,6,13.2839935984962,6,-0.02,6,-0.00518363548677612,13703
"8",7,6.09681131544445,7,52196180.7613344,7,139.385493425965,7,33.5915584961925,7,27.2616136553234,7,-0.02,7,-0.0059062380951045,13703
"9",8,13.5274204042018,8,52195974.7158188,8,282.4430980462,8,68.2295363881988,8,55.6115467491847,8,-0.02,8,-0.00659359895913744,13703
"10",9,22.7544759468878,9,52195557.6092152,9,571.960042717021,9,138.371490094256,9,113.059252002951,9,-0.02,9,-0.00724743683898829,13703
"11",10,42.5206187623557,10,52194713.7679622,10,1157.51699590636,10,280.332903888265,10,229.382137981703,10,-0.02,10,-0.00786938666985232,13703
"12",11,104.377766455638,11,52193007.6454581,11,2341.10989251312,11,567.485370880623,11,464.759278580371,11,-0.02,11,-0.0084610036501962,13703
"13",12,210.548374232133,12,52189560.2228177,12,4732.06076711874,12,1147.97935993122,12,940.737055322631,12,-0.02,12,-0.009023767130564,13703
"14",13,360.296748041003,13,52182598.7839144,13,9558.80798883856,13,2320.75912334004,13,1902.64897342468,13,-0.02,13,-0.00955908431272398,13703
"15",14,820.543795319905,14,52168551.8470628,14,19295.2925505268,14,4688.55641705931,14,3845.30396964601,14,-0.02,14,-0.0100682937684058,13703
"16",15,1284.44745455674,15,52140234.9408249,15,38915.2109927347,15,9465.21203379998,15,7765.63614862702,15,-0.02,15,-0.010552668786427,13703
"17",16,3940.43154495122,16,52083233.4836653,16,78387.686835634,16,19090.8087882971,16,15669.0207108261,16,-0.02,16,-0.011013420556578,13703
"18",17,5587.47989938355,17,51968766.8893115,17,157581.387165131,17,38454.5838421418,17,31578.1396812233,17,-0.02,17,-0.0114517011982274,13703
"19",18,14347.9816457222,18,51739907.884646,18,315658.686475487,18,77293.6832097041,18,63520.7456687767,18,-0.02,18,-0.0118686066412203,13703
"20",19,24933.6836387602,19,51286126.3947418,19,628124.111078834,19,154771.752140221,19,127358.742039194,19,-0.02,19,-0.0122651793662741,13703
"21",20,43982.4777181418,20,50400653.0146908,20,1234165.31895455,20,307733.102592131,20,253829.563762581,20,-0.02,20,-0.0126424110117222,13703
"22",21,102118.367009801,21,48724829.7914854,21,2367480.89117185,21,603803.017080294,21,500267.300262447,21,-0.02,21,-0.0130012448531272,13703
"23",22,196549.872889065,22,45727561.6781492,22,4346684.52955123,22,1156157.59775727,22,965977.194542324,22,-0.02,22,-0.0133425781619607,13703
"24",23,295746.818630038,23,40866701.2328943,23,7407445.06049245,23,2121984.67583249,23,1800250.03078081,23,-0.02,23,-0.0136672644492491,13703
"25",24,382421.286992048,24,34090718.6504786,24,11286438.3161875,24,3644846.96419818,24,3174377.06913575,24,-0.02,24,-0.0139761155997956,13703
"26",25,550968.843545453,25,26342422.3136059,25,14932150.3492213,25,5725711.91899868,25,5196096.41817419,25,-0.02,25,-0.0142699039023156,13703
"27",26,600788.19836827,26,19159187.4311839,26,17085130.3454436,26,8130830.94521922,26,7821232.2781533,26,-0.02,26,-0.0145493639805597,13703
"28",27,807781.965894975,27,13569637.2989247,27,17280945.7961793,27,10480914.8936132,27,10864883.0112828,27,-0.02,27,-0.0148151946302566,13703
"29",28,760522.503243922,28,9684767.70386797,28,15964634.1085072,28,12446135.3670877,28,14100843.8205372,28,-0.02,28,-0.0150680605664657,13703
"30",29,566241.597989137,29,7123731.93981383,29,13872757.2931002,29,13855819.0903658,29,17344072.6767201,29,-0.02,29,-0.0153085940857111,13703
"31",30,423671.62440967,30,5453836.17874901,30,11582976.8286417,30,14685955.5884042,30,20473612.4042051,30,-0.02,30,-0.0155373966470525,13703
"32",31,373195.80329457,31,4351454.43092407,31,9423537.17591587,31,14999808.5499088,31,23421580.8432512,31,-0.02,31,-0.0157550403760453,13703
"33",32,309199.293638174,32,3606836.76241844,32,7537652.03958071,32,14896257.1641397,32,26155635.0338611,32,-0.02,32,-0.0159620694953532,13703
"34",33,227980.177735368,33,3090495.02605549,33,5962044.14197518,33,14478704.215888,33,28665137.6160814,33,-0.02,33,-0.016159001685588,13703
"35",34,213000.948141927,34,2723025.5256821,34,4681134.95667269,34,13840120.2454543,34,30952100.2721909,34,-0.02,34,-0.0163463293797806,13703
"36",35,139986.436946999,35,2455116.02473068,35,3657997.20689735,35,13057640.6411581,35,33025627.1272139,35,-0.02,35,-0.0165245209947201,13703
"37",36,120851.179096727,36,2255487.02181932,36,2850283.96710654,36,12192039.1672438,36,34898570.8438304,36,-0.02,36,-0.0166940221022397,13703
"38",37,98338.2946732399,37,2103812.38886304,37,2217676.83827115,37,11289366.1848892,37,36585525.5879766,37,-0.02,37,-0.0168552565433785,13703
"39",38,67224.3233697779,38,1986558.18765518,38,1724870.72631998,38,10383329.5456172,38,38101622.5404077,38,-0.02,38,-0.0170086274882044,13703
"40",39,53693.0985424283,39,1894501.7076879,39,1342337.40765184,39,9497730.16837611,39,39461811.7162842,39,-0.02,39,-0.0171545184439497,13703
"41",40,40995.8252775737,40,1821222.13805328,40,1046061.70900067,40,8648654.42298038,40,40680442.7299657,40,-0.02,40,-0.0172932942139787,13703
"42",41,27413.4639945336,41,1762161.43805882,41,816864.88269845,41,7846322.81914153,41,41771031.8601012,41,-0.02,41,-0.0174253018099858,13703
"43",42,24782.7143792041,42,1714026.44636024,42,639619.467683395,42,7096588.75100514,42,42746146.3349512,42,-0.02,42,-0.0175508713197061,13703
"44",43,18542.7048258275,43,1674399.67450245,43,502496.969698327,43,6402121.76138254,43,43617362.5944167,43,-0.02,43,-0.017670316732306,13703
"45",44,14745.1876148189,44,1641480.57805992,44,396305.890466057,44,5763323.58451103,44,44395270.946963,44,-0.02,44,-0.0177839367235199,13703
"46",45,11941.7962162104,45,1613910.19844546,45,313935.909939619,45,5179026.13511317,45,45089508.7565018,45,-0.02,45,-0.0178920154024952,13703
"47",46,10426.275699471,46,1590650.19200373,46,249904.4402577,46,4647015.90816749,46,45708810.4595711,46,-0.02,46,-0.0179948230222128,13703
"48",47,8400.82348753747,47,1570898.03470623,47,199993.646958929,47,4164422.61302488,47,46261066.70531,47,-0.02,47,-0.0180926166552606,13703
"49",48,6033.61544205474,48,1554026.72385431,48,160963.672968234,48,3728003.06198273,48,46753387.5411948,48,-0.02,48,-0.0181856408366487,13703
"50",49,6206.77789775716,49,1539541.34144659,49,130328.182432742,49,3334345.15081183,49,47192166.3253089,49,-0.02,49,-0.0182741281752743,13703
"51",50,3888.17843865655,50,1527047.39617765,50,106179.885536856,50,2980011.48542122,50,47583142.2328643,50,-0.02,50,-0.0183582999355651,13703
"52",51,2966.20066387954,51,1516227.50318162,51,87055.6089819673,51,2661637.85639301,51,47931460.0314434,51,-0.02,51,-0.0184383665907553,13703
"53",52,3012.05052886267,52,1506824.03648043,52,71832.3522124913,52,2375998.26221404,52,48241726.3490931,52,-0.02,52,-0.018514528349179,13703
"54",53,2332.1774475265,53,1498626.10598541,53,59647.4483510786,53,2120045.41258123,53,48518062.0330823,53,-0.02,53,-0.0185869756548944,13703
"55",54,2321.9409567806,54,1491459.69615539,54,49837.3756583622,54,1890933.47896043,54,48764150.4492259,54,-0.02,54,-0.018655889663894,13703
"56",55,1841.75823300287,55,1485180.136629,55,41890.9399571647,55,1686028.18419214,55,48983281.7392217,55,-0.02,55,-0.0187214426970881,13703
"57",56,1296.46013677815,56,1479666.30696,56,35413.4952805034,56,1502908.03574002,56,49178393.1620195,56,-0.02,56,-0.0187837986711975,13703
"58",57,1385.52072256067,57,1474816.14075276,57,30099.6220821493,57,1339359.52452116,57,49352105.712644,57,-0.02,57,-0.0188431135086301,13703
"59",58,1126.28195838491,58,1470543.1105602,58,25712.2734415502,58,1193368.36531852,58,49506757.2506798,58,-0.02,58,-0.0188995355273688,13703
"60",59,940.312298709993,59,1466773.45824585,59,22066.8606147778,59,1063108.29150823,59,49644432.3896312,59,-0.02,59,-0.0189532058118428,13703
"61",60,751.43647345039,60,1463443.99585866,60,19019.1065516455,60,946928.493695258,60,49766989.4038945,60,-0.02,60,-0.0190042585657131,13703
"62",61,677.08208352855,61,1460500.3461003,61,16455.7716470027,61,843340.475670498,61,49876084.4065823,61,-0.02,61,-0.0190528214474506,13703
"63",62,555.620463697681,62,1457895.52381108,62,14287.5678993144,62,751004.866197063,62,49973193.0420926,62,-0.02,62,-0.0190990158895497,13703
"64",63,503.132687542785,63,1455588.78381472,63,12443.7400866495,63,668718.551738485,63,50059629.9243602,63,-0.02,63,-0.019142957402172,13703
"65",64,497.185980429019,64,1453544.67824381,64,10867.9168041797,64,595402.368211637,64,50136566.0367404,64,-0.02,64,-0.0191847558619822,13703
"66",65,413.350003956653,65,1451732.27976286,65,9514.92905103782,65,530089.497629458,65,50205044.2935567,65,-0.02,65,-0.019224515786897,13703
"67",66,307.162488716597,66,1450124.53709798,66,8348.36635668348,66,471914.64930802,66,50265993.4472374,66,-0.02,66,-0.0192623365974342,13703
"68",67,264.399104991699,67,1448697.73683013,67,7338.69549279328,67,420104.058492552,67,50320240.5091846,67,-0.02,67,-0.019298312865316,13703
"69",68,259.542101395127,68,1447431.05113871,68,6461.8087033089,68,373966.302778642,68,50368521.8373794,68,-0.02,68,-0.0193325345499473,13703
"70",69,267.250415824499,69,1446306.15555298,69,5697.90023187539,69,332883.914780416,69,50411493.0294348,69,-0.02,69,-0.019365087223361,13703
"71",70,199.146297006717,70,1445306.90412087,70,5030.5941279175,70,296305.755283365,70,50449737.7464679,70,-0.02,70,-0.0193960522841929,13703
"72",71,173.682044334293,71,1444419.05198644,71,4446.26469986126,71,263740.102487945,71,50483775.5808258,71,-0.02,71,-0.0194255071612207,13703
"73",72,164.805327155702,72,1443630.01736843,72,3933.50495187153,72,234748.408314816,72,50514069.0693649,72,-0.02,72,-0.019453525506976,13703
"74",73,147.689091839993,73,1442928.67648963,73,3482.70895150956,73,208939.670926212,73,50541029.9436327,73,-0.02,73,-0.0194801773819141,13703
"75",74,123.676466401858,74,1442305.18622732,74,3085.74213813452,74,185965.372750542,74,50565024.698884,74,-0.02,74,-0.0195055294296018,13703
"76",75,110.729981662162,75,1441750.83021567,75,2735.67970987009,75,165514.934740257,75,50586379.5553343,75,-0.02,75,-0.0195296450433606,13703
"77",76,90.8999260866959,76,1441257.8848924,76,2426.59788693385,76,147311.639880559,76,50605384.8773402,76,-0.02,76,-0.0195525845247837,13703
"78",77,86.5008631372349,77,1440819.50258896,77,2153.40639505936,77,131108.981762112,77,50622299.1092539,77,-0.02,77,-0.0195744052345205,13703
"79",78,76.05706359603,78,1440429.60925027,78,1911.71321316147,78,116687.397094337,78,50637352.2804423,78,-0.02,78,-0.0195951617357089,13703
"80",79,61.2600255959249,79,1440082.81476295,79,1697.71468796551,79,103851.3441978,79,50650749.1263513,79,-0.02,79,-0.0196149059304111,13703
"81",80,60.047828183895,80,1439774.3341905,80,1508.10568946732,80,92426.6926582117,80,50662671.8674619,80,-0.02,80,-0.0196336871893959,13703
"82",81,55.1547800196229,81,1439499.91847457,81,1340.00568190829,81,82258.3923724817,81,50673282.6834711,81,-0.02,81,-0.0196515524755915,13703
"83",82,45.2060942995949,82,1439255.79337653,82,1190.8975042233,82,73208.3931191051,82,50682725.9160002,82,-0.02,82,-0.0196685464615169,13703
"84",83,45.0954954125505,83,1439038.60561136,83,1058.57635898606,83,65153.7885110903,83,50691130.0295186,83,-0.02,83,-0.0196847116409868,13703
"85",84,39.0048777757447,84,1438845.37527388,84,941.107050813864,84,57985.1607243075,84,50698609.3569511,84,-0.02,84,-0.0197000884353681,13703
"86",85,33.1804382149767,85,1438673.45378165,85,836.787932764104,85,51605.1047322578,85,50705265.6535534,85,-0.02,85,-0.0197147152946545,13703
"87",86,31.9946764422203,86,1438520.48666337,86,744.120341887756,86,45926.9129215671,86,50711189.4800732,86,-0.02,86,-0.0197286287936113,13703
"88",87,26.378842191459,87,1438384.38061026,87,661.782555156771,87,40873.4029173296,87,50716461.4339173,87,-0.02,87,-0.0197418637232316,13703
"89",88,24.8201418157994,88,1438263.27428325,88,588.607491449852,88,36375.8732230853,88,50721153.2450022,88,-0.02,88,-0.0197544531777318,13703
"90",89,20.1167609936668,89,1438155.51243343,89,523.563537097411,89,32373.1728877526,89,50725328.7511418,89,-0.02,89,-0.0197664286373042,13703
"91",90,16.090106516995,90,1438059.62294844,90,465.737991502269,90,28810.8728631926,90,50729044.7661969,90,-0.02,90,-0.0197778200468341,13703
"92",91,18.0160594396827,91,1437974.29648539,91,414.32272308004,91,25640.5280234644,91,50732351.8527681,91,-0.02,91,-0.0197886558907776,13703
"93",92,12.5792590447443,92,1437898.36839211,92,368.601699938632,92,22819.0199922924,92,50735295.0099157,92,-0.02,92,-0.0197989632643876,13703
"94",93,13.0447039970845,93,1437830.80265445,93,327.940118727358,93,20307.9719804786,93,50737914.2852464,93,-0.02,93,-0.0198087679414657,13703
"95",94,9.77522995156428,94,1437770.67763851,94,291.774902294548,94,18073.2277809934,94,50740245.3196782,94,-0.02,94,-0.0198180944388105,13703
"96",95,9.60209929460705,95,1437717.17342414,95,259.606374779165,95,16084.38791664,95,50742319.8322845,95,-0.02,95,-0.0198269660775224,13703
"97",96,9.5413352997268,96,1437669.56054947,96,230.990953513041,96,14314.3966931383,96,50744166.0518039,96,-0.02,96,-0.0198354050413181,13703
"98",97,7.74599229881725,97,1437627.19000762,97,205.534722158083,97,12739.1745880593,97,50745809.1006822,97,-0.02,97,-0.0198434324320019,13703
"99",98,7.01207977769762,98,1437589.48435467,98,182.887770032989,98,11337.2910114006,98,50747271.3368639,98,-0.02,98,-0.0198510683222309,13703
"100",99,7.12404503018108,99,1437555.92980448,99,162.739199516695,99,10089.6730141006,99,50748572.6579819,99,-0.02,99,-0.0198583318057071,13703
"101",100,5.87061451344274,100,1437526.06919979,100,144.81271746802,100,8979.34600318227,100,50749730.7720796,100,-0.02,100,-0.0198652410449217,13703
"102",101,6.1188775266131,101,1437499.49576185,101,128.86273833328,101,7991.20295254887,101,50750761.4385473,101,-0.02,101,-0.0198718133165709,13703
"103",102,3.5581224848657,102,1437475.84753192,102,114.670936466258,102,7111.79898223193,102,50751678.6825494,102,-0.02,102,-0.0198780650547565,13703
"104",103,3.4289238459924,103,1437454.80242742,103,102.043193505241,103,6329.16852103163,103,50752494.9858581,103,-0.02,103,-0.0198840118920796,13703
"105",104,4.09715179764926,104,1437436.0738447,104,90.8068937152205,104,5632.66257244826,104,50753221.4566892,104,-0.02,104,-0.0198896686987303,13703
"106",105,3.8310946763107,105,1437419.40674749,105,80.8085262292855,105,5012.80387555358,105,50753867.9808508,105,-0.02,105,-0.0198950496196713,13703
"107",106,2.99674220388801,106,1437404.57418738,106,71.9115582876591,106,4461.15799456883,106,50754443.3562598,106,-0.02,106,-0.0199001681100069,13703
"108",107,2.79850162135731,107,1437391.37420839,107,63.9945480175449,107,3970.21858659809,107,50754955.412657,107,-0.02,107,-0.0199050369686287,13703
"109",108,2.20981610263888,108,1437379.62709307,108,56.9494691369247,108,3533.30528907276,108,50755411.1181488,108,-0.02,108,-0.0199096683702186,13703
"110",109,1.87597694957702,109,1437369.1729124,109,50.6802232945326,109,3144.47283955164,109,50755816.6740248,109,-0.02,109,-0.0199140738956926,13703
"111",110,1.58532848137136,110,1437359.86934595,110,45.1013186534188,110,2798.43019287715,110,50756177.5991426,110,-0.02,110,-0.0199182645611585,13703
"112",111,1.67786089073578,111,1437351.58974229,111,40.1366958504333,111,2490.46853635025,111,50756498.8050255,111,-0.02,111,-0.0199222508454624,13703
"113",112,1.49094288216451,112,1437344.2213933,112,35.7186846714425,112,2216.39722437547,112,50756784.6626977,112,-0.02,112,-0.0199260427163909,13703
"114",113,1.16984501210408,113,1437337.6639986,113,31.7870767163449,113,1972.48676156705,113,50757039.0621632,113,-0.02,113,-0.0199296496555961,13703
"115",114,1.08997698825751,114,1437331.82829923,114,28.2883010260937,114,1755.4180590457,114,50757265.4653407,114,-0.02,114,-0.0199330806823043,13703
"116",115,0.840676495160149,115,1437326.63486187,115,25.1746911373636,115,1562.23727388368,115,50757466.9531732,115,-0.02,115,-0.019936344375869,13703
"117",116,0.943759108376862,116,1437322.01299697,116,22.4038333458867,116,1390.31561752496,116,50757646.2675522,116,-0.02,116,-0.0199394488972238,13703
"118",117,0.905969826719579,117,1437317.8997961,117,19.9379871195817,117,1237.31358654255,117,50757805.8486303,117,-0.02,117,-0.0199424020092888,13703
"119",118,0.739902880617796,118,1437314.23927524,118,17.7435696269395,118,1101.14912920973,118,50757947.868026,118,-0.02,118,-0.019945211096382,13703
"120",119,0.651317958696841,119,1437310.98161253,119,15.7906972515085,119,979.969314870976,119,50758074.2583754,119,-0.02,119,-0.0199478831826841,13703
"121",120,0.546014362300396,120,1437308.08246987,120,14.0527777642612,120,872.12512072543,120,50758186.7396317,120,-0.02,120,-0.0199504249498022,13703
"122",121,0.474949915281318,121,1437305.50238928,121,12.5061475347219,121,776.148993027253,121,50758286.8424702,121,-0.02,121,-0.0199528427534779,13703
"123",122,0.518746732526764,122,1437303.20625568,122,11.1297487899413,122,690.734877438237,122,50758375.9291181,122,-0.02,122,-0.0199551426394795,13703
"124",123,0.349023021904981,123,1437301.16281888,123,9.90484248726617,123,614.720446849718,123,50758455.2118918,123,-0.02,123,-0.0199573303587197,13703
"125",124,0.352510494430399,124,1437299.34426812,124,8.8147528607289,124,547.07128487984,124,50758525.7696942,124,-0.02,124,-0.0199594113816358,13703
"126",125,0.382269614687989,125,1437297.7258535,125,7.84464013909175,125,486.866809853911,125,50758588.5626966,125,-0.02,125,-0.0199613909118689,13703
"127",126,0.263174515898289,126,1437296.28554909,126,6.98129832253665,126,433.287747751433,126,50758644.4454049,126,-0.02,126,-0.0199632738992754,13703
"128",127,0.245633362215801,127,1437295.00375311,127,6.21297525035823,127,385.604983674952,127,50758694.178288,127,-0.02,127,-0.0199650650523045,13703
"129",128,0.223109054432844,128,1437293.86302108,128,5.52921249875922,128,343.169640149548,128,50758738.4381263,128,-0.02,128,-0.0199667688497714,13703
"130",129,0.205961384646271,129,1437292.84782843,129,4.92070292035609,129,305.404247252392,129,50758777.8272215,129,-0.02,129,-0.0199683895520571,13703
"131",130,0.17972623630418,130,1437291.94435916,130,4.37916387915177,130,271.794884426213,130,50758812.8815926,130,-0.02,130,-0.0199699312117614,13703
"132",131,0.151436527585409,131,1437291.14031781,131,3.89722444994424,131,241.884187050723,131,50758844.0782708,131,-0.02,131,-0.0199713976838363,13703
"133",132,0.148499547550395,132,1437290.42476207,132,3.46832504244372,132,215.265122611722,132,50758871.8417903,132,-0.02,132,-0.0199727926352258,13703
"134",133,0.112740109402639,133,1437289.7879539,133,3.08662808044702,133,191.575451778783,133,50758896.5499663,133,-0.02,133,-0.0199741195540346,13703
"135",134,0.113953954357679,134,1437289.22122698,134,2.74693851764056,134,170.49279902151,134,50758918.5390355,134,-0.02,134,-0.019975381758251,13703
"136",135,0.0964374615481191,135,1437288.71686875,135,2.4446331060779,135,151.730265688031,135,50758938.1082325,135,-0.02,135,-0.0199765824040426,13703
"137",136,0.0876453662843747,136,1437288.26801542,136,2.17559745297,136,135.032525850524,136,50758955.5238614,136,-0.02,136,-0.0199777244936493,13703
"138",137,0.0964481078163284,137,1437287.86855861,137,1.93617000779239,137,120.17235179154,137,50758971.0229197,137,-0.02,137,-0.0199788108828898,13703
"139",138,0.0711061343120986,138,1437287.51306217,138,1.7230922163236,138,106.947521851006,138,50758984.8163239,138,-0.02,138,-0.019979844288303,13703
"140",139,0.0544145779664167,139,1437287.19668821,139,1.53346416238662,139,95.1780685566533,139,50758997.0917792,139,-0.02,139,-0.0199808272939406,13703
"141",140,0.0496905354643109,140,1437286.91513126,140,1.36470509293078,140,84.7038295909491,140,50759008.0163342,140,-0.02,140,-0.0199817623578286,13703
"142",141,0.0553719955857248,141,1437286.66455969,141,1.21451828869288,141,75.3822682684177,141,50759017.7386539,141,-0.02,141,-0.0199826518181136,13703
"143",142,0.0457473072357106,142,1437286.44156353,142,1.08085980192952,142,67.086533864612,142,50759026.3910429,142,-0.02,142,-0.0199834978989096,13703
"144",143,0.0305547160024448,143,1437286.2431081,143,0.961910635429136,143,59.7037354017841,143,50759034.091246,143,-0.02,143,-0.0199843027158591,13703
"145",144,0.0351803080728885,144,1437286.06649267,144,0.856051983916335,144,53.1334054009569,144,50759040.9440501,144,-0.02,144,-0.0199850682814237,13703
"146",145,0.0267847790533439,145,1437285.90931375,145,0.761843200692804,145,47.2861326951028,145,50759047.0427105,145,-0.02,145,-0.019985796509916,13703
"147",146,0.0245066583451155,146,1437285.76943233,146,0.678002189491951,146,42.0823456986851,146,50759052.4702199,146,-0.02,146,-0.0199864892222863,13703
"148",147,0.0245130440804473,147,1437285.64494484,147,0.60338795456411,147,37.4512295762005,147,50759057.3004377,147,-0.02,147,-0.0199871481506765,13703
"149",148,0.0221528760969766,148,1437285.53415716,148,0.536985071408587,148,33.3297625744454,148,50759061.5990953,148,-0.02,148,-0.0199877749427505,13703
"150",149,0.0210126732422931,149,1437285.43556162,149,0.477889866729127,149,29.6618584047969,149,50759065.4246902,149,-0.02,149,-0.019988371165815,13703
"151",150,0.0171448767708129,150,1437285.34781649,150,0.42529811946779,150,26.3976030049272,150,50759068.8292825,150,-0.02,150,-0.0199889383107382,13703
"152",151,0.0155150679734421,151,1437285.26972768,151,0.378494115486558,151,23.492575293681,151,50759071.859203,151,-0.02,151,-0.0199894777956777,13703
"153",152,0.0139931179745113,152,1437285.2002325,152,0.336840906898969,152,20.9072426758324,152,50759074.555684,152,-0.02,152,-0.0199899909696269,13703
"154",153,0.0108378400080168,153,1437285.13838524,153,0.299771643456913,153,18.6064230706325,153,50759076.9554201,153,-0.02,153,-0.0199904791157877,13703
"155",154,0.00981507949943324,154,1437285.08334424,154,0.266781857994426,154,16.5588061433252,154,50759079.0910679,154,-0.02,154,-0.0199909434547798,13703
"156",155,0.00931449706374471,155,1437285.03436047,155,0.237422600919634,155,14.7365272244462,155,50759080.9916898,155,-0.02,155,-0.0199913851476926,13703
"157",156,0.00863787246680879,156,1437284.99076734,156,0.211294330305139,156,13.1147881187019,156,50759082.6831503,156,-0.02,156,-0.0199918052989883,13703
"158",157,0.00775348184688266,157,1437284.9519716,157,0.188041474413656,157,11.6715196433073,157,50759084.1884674,157,-0.02,157,-0.0199922049592639,13703
"159",158,0.00684807869276184,158,1437284.91744531,158,0.167347592649657,158,10.3870813035212,158,50759085.5281259,158,-0.02,158,-0.0199925851278784,13703
"160",159,0.00598008785428771,159,1437284.88671862,159,0.148931069074028,159,9.24399401848726,159,50759086.7203564,159,-0.02,159,-0.0199929467554511,13703
"161",160,0.00498965467741823,160,1437284.85937339,160,0.132541279868163,160,8.22670226024468,160,50759087.7813832,160,-0.02,160,-0.0199932907462394,13703
"162",161,0.00544089084285433,161,1437284.83503747,161,0.117955182585323,161,7.32136236903259,161,50759088.7256451,161,-0.02,161,-0.0199936179603993,13703
"163",162,0.00458892081199309,162,1437284.81337971,162,0.10497428076832,162,6.51565416422397,162,50759089.5659919,162,-0.02,162,-0.0199939292161367,13703
"164",163,0.00337182322592401,163,1437284.79410537,163,0.0934219226218228,163,5.79861328723862,163,50759090.3138595,163,-0.02,163,-0.019994225291753,13703
"165",164,0.00295755790011804,164,1437284.77695216,164,0.0831408969744656,164,5.16048199490918,164,50759090.9794251,164,-0.02,164,-0.0199945069275914,13703
"166",165,0.00268231871663711,165,1437284.76168664,165,0.0739912938123028,165,4.59257637285315,165,50759091.5717458,165,-0.02,165,-0.0199947748278881,13703
"167",166,0.00278199351377388,166,1437284.74810108,166,0.06584860026615,166,4.08716816185106,166,50759092.0988823,166,-0.02,166,-0.0199950296625335,13703
"168",167,0.00233611301411879,167,1437284.73601061,167,0.0586020061400022,167,3.63737958908879,167,50759092.5680079,167,-0.02,167,-0.0199952720687469,13703
"169",168,0.00203910700984901,168,1437284.72525068,168,0.0521528959196309,168,3.23708977309571,168,50759092.9855067,168,-0.02,168,-0.01999550265267,13703
"170",169,0.00210591337769738,169,1437284.71567487,169,0.0464135067384946,169,2.88085142870809,169,50759093.3570603,169,-0.02,169,-0.0199957219908827,13703
"171",170,0.00177286512059884,170,1437284.70715287,170,0.0413057340367748,170,2.56381673855314,170,50759093.6877247,170,-0.02,170,-0.0199959306318448,13703
"172",171,0.00171625615360774,171,1437284.69956871,171,0.0367600686594374,171,2.28167138228958,171,50759093.9819999,171,-0.02,171,-0.0199961290972673,13703
"173",172,0.00135802504333474,172,1437284.69281919,172,0.0327146509280783,172,2.03057582585362,172,50759094.2438904,172,-0.02,172,-0.0199963178834172,13703
"174",173,0.00114044150006589,173,1437284.68681244,173,0.0291144288132817,173,1.80711307175571,173,50759094.4769602,173,-0.02,173,-0.019996497462358,13703
"175",174,0.00107779223226459,174,1437284.68146673,174,0.0259104087509857,174,1.60824215939726,174,50759094.6843808,174,-0.02,174,-0.0199966682831308,13703
"176",175,0.000918908235564001,175,1437284.67670931,175,0.023058988907187,175,1.43125678262454,175,50759094.868975,175,-0.02,175,-0.0199968307728764,13703
"177",176,0.000723270396170491,176,1437284.67247544,176,0.0205213658173871,176,1.27374846137383,176,50759095.0332548,176,-0.02,176,-0.0199969853379037,13703
"178",177,0.000679421362787267,177,1437284.6687075,177,0.0182630063257663,177,1.13357376623558,177,50759095.1794558,177,-0.02,177,-0.0199971323647059,13703
"179",178,0.000797258292523134,178,1437284.66535422,178,0.0162531776377492,178,1.00882514991849,178,50759095.3095676,178,-0.02,178,-0.0199972722209264,13703
"180",179,0.000647260910344426,179,1437284.66236997,179,0.0144645290905061,179,0.897804988678427,179,50759095.4253606,179,-0.02,179,-0.0199974052562788,13703
"181",180,0.000461198568009451,180,1437284.65971413,180,0.0128727199497682,180,0.799002480459239,180,50759095.5284108,180,-0.02,180,-0.0199975318034206,13703
"182",181,0.000481173219441194,181,1437284.65735057,181,0.0114560881677121,181,0.711073085367626,181,50759095.6201204,181,-0.02,181,-0.0199976521787856,13703
"183",182,0.000376890158197418,182,1437284.65524711,182,0.010195355594111,182,0.632820228701071,182,50759095.7017374,182,-0.02,182,-0.0199977666833749,13703
"184",183,0.000420762977997177,183,1437284.65337514,183,0.00907336562904022,183,0.563179017537465,183,50759095.7743726,183,-0.02,183,-0.0199978756035095,13703
"185",184,0.000282018669260007,184,1437284.65170917,184,0.00807484974692149,184,0.501201749296233,184,50759095.8390143,184,-0.02,184,-0.0199979792115467,13703
"186",185,0.000281719706234637,185,1437284.65022654,185,0.00718621971459938,185,0.446045015066498,185,50759095.8965423,185,-0.02,185,-0.0199980777665604,13703
"187",186,0.000262414060525317,186,1437284.64890708,186,0.00639538267580784,186,0.39695822219996,186,50759095.9477394,186,-0.02,186,-0.0199981715149894,13703
"188",187,0.000244786593887747,187,1437284.64773282,187,0.00569157658557209,187,0.353273379980001,187,50759095.9933023,187,-0.02,187,-0.0199982606912537,13703
"189",188,0.000184641253553869,188,1437284.64668779,188,0.00506522375502897,188,0.314396009366852,188,50759096.0338511,188,-0.02,188,-0.0199983455183404,13703
"190",189,0.000169640857508304,189,1437284.64575776,189,0.00450780051360987,189,0.279797053115513,189,50759096.0699375,189,-0.02,189,-0.0199984262083613,13703
"191",190,0.000147281131394947,190,1437284.64493008,190,0.00401172121486783,190,0.249005676176503,190,50759096.1020526,190,-0.02,190,-0.0199985029630836,13703
"192",191,0.000127118886827141,191,1437284.64419348,191,0.00357023500742953,191,0.221602858404775,191,50759096.1306335,191,-0.02,191,-0.0199985759744339,13703
"193",192,0.000128623479008069,192,1437284.64353795,192,0.0031773339662696,192,0.197215692384172,192,50759096.1560691,192,-0.02,192,-0.0199986454249788,13703
"194",193,0.000111859511611367,193,1437284.64295456,193,0.0028276713341043,193,0.1755123087702,193,50759096.1787055,193,-0.02,193,-0.0199987114883807,13703
"195",194,0.000102928689662465,194,1437284.64243537,194,0.0025164887602866,194,0.156197360093429,194,50759096.1988508,194,-0.02,194,-0.0199987743298325,13703
"196",195,0.000101903316275707,195,1437284.64197331,195,0.00223955154702898,195,0.139008001565527,195,50759096.2167792,195,-0.02,195,-0.0199988341064707,13703
"197",196,8.6168865788253e-05,196,1437284.64156211,196,0.00199309102174897,196,0.123710314193321,196,50759096.2327345,196,-0.02,196,-0.0199988909677678,13703
"198",197,7.13812191763152e-05,197,1437284.64119616,197,0.0017737532513093,197,0.110096121525364,197,50759096.246934,197,-0.02,197,-0.0199989450559069,13703
"199",198,5.09805849044535e-05,198,1437284.64087048,198,0.00157855340022886,198,0.0979801567121794,198,50759096.2595709,198,-0.02,198,-0.0199989965061363,13703
"200",199,5.42320926875707e-05,199,1437284.64058064,199,0.00140483511174734,199,0.087197541328529,199,50759096.2708171,199,-0.02,199,-0.0199990454471085,13703
"201",200,5.16184627941696e-05,200,1437284.6403227,200,0.00125023435898019,200,0.0776015416486321,200,50759096.2808256,200,-0.02,200,-0.0199990920012013,13703
"202",201,4.64591294357308e-05,201,1437284.64009314,201,0.00111264727423223,201,0.0690615718409355,201,50759096.2897327,201,-0.02,201,-0.0199991362848243,13703
"203",202,3.81198539120135e-05,202,1437284.63988885,202,0.00099020151867531,202,0.061461416909197,202,50759096.2976596,202,-0.02,202,-0.0199991784087096,13703
"204",203,3.37256805116106e-05,203,1437284.63970703,203,0.000881230802774428,203,0.0546976511970371,203,50759096.3047141,203,-0.02,203,-0.0199992184781888,13703
"205",204,2.96786103773837e-05,204,1437284.63954523,204,0.000784252210724106,204,0.0486782309344049,204,50759096.3109924,204,-0.02,204,-0.0199992565934564,13703
"206",205,2.63810794057121e-05,205,1437284.63940123,205,0.000697946020315042,205,0.0433212416728311,205,50759096.3165796,205,-0.02,205,-0.0199992928498206,13703
"207",206,2.5970804999235e-05,206,1437284.63927308,206,0.000621137743610321,206,0.0385537835641196,206,50759096.3215521,206,-0.02,206,-0.0199993273379411,13703
"208",207,2.52626839786627e-05,207,1437284.63915904,207,0.00055278214403235,207,0.0343109793129538,207,50759096.3259773,207,-0.02,207,-0.0199993601440561,13703
"209",208,2.13492973789775e-05,208,1437284.63905754,208,0.00049194901235767,208,0.0305350913032825,208,50759096.3299155,208,-0.02,208,-0.019999391350198,13703
"210",209,1.68100505972715e-05,209,1437284.63896721,209,0.000437810508052919,209,0.027174735884025,209,50759096.3334203,209,-0.02,209,-0.0199994210343985,13703
"211",210,1.65881949896249e-05,210,1437284.63888683,210,0.000389629893687136,210,0.0241841841218152,210,50759096.3365395,210,-0.02,210,-0.0199994492708835,13703
"212",211,1.5893300769342e-05,211,1437284.63881529,211,0.000346751509113269,211,0.0215227395051782,211,50759096.3393153,211,-0.02,211,-0.0199994761302588,13703
"213",212,1.08654020642969e-05,212,1437284.63875162,212,0.000308591848983119,212,0.0191541841317135,212,50759096.3417857,212,-0.02,212,-0.019999501679687,13703
"214",213,1.33691231548052e-05,213,1437284.63869496,213,0.000274631622174634,213,0.0170462858418037,213,50759096.3439842,213,-0.02,213,-0.0199995259830549,13703
"215",214,9.94204006556437e-06,214,1437284.63864453,214,0.000244408685072798,214,0.0151703595917455,214,50759096.3459408,214,-0.02,214,-0.0199995491011336,13703
"216",215,8.69859047953367e-06,215,1437284.63859966,215,0.000217511752537154,215,0.0135008770973118,215,50759096.347682,215,-0.02,215,-0.0199995710917304,13703
"217",216,7.26302290464832e-06,216,1437284.63855972,216,0.000193574800972123,216,0.0120151194356355,216,50759096.3492317,216,-0.02,216,-0.0199995920098331,13703
"218",217,7.95462335583521e-06,217,1437284.63852418,217,0.000172272087334732,217,0.010692867877895,217,50759096.3506108,217,-0.02,217,-0.0199996119077479,13703
"219",218,6.12009123243648e-06,218,1437284.63849255,218,0.000153313716296302,218,0.00951612874554186,218,50759096.3518381,218,-0.02,218,-0.0199996308352299,13703
"220",219,5.24316425476095e-06,219,1437284.6384644,219,0.000136441695234186,219,0.00846888854581592,219,50759096.3529304,219,-0.02,219,-0.0199996488396078,13703
"221",220,4.85018357693731e-06,220,1437284.63843935,220,0.000121426423368255,220,0.00753689605434345,220,50759096.3539024,220,-0.02,220,-0.0199996659659019,13703
"222",221,4.83399802823365e-06,221,1437284.63841705,221,0.000108063567264824,221,0.00670746837931951,221,50759096.3547675,221,-0.02,221,-0.0199996822569367,13703
"223",222,4.53911054414723e-06,222,1437284.63839721,222,9.61712801886352e-05,222,0.00596931836812652,222,50759096.3555374,222,-0.02,222,-0.0199996977534484,13703
"224",223,3.1483781749538e-06,223,1437284.63837955,223,8.5587727462663e-05,223,0.00531240100767595,223,50759096.3562225,223,-0.02,223,-0.0199997124941864,13703
"225",224,3.06746206457036e-06,224,1437284.63836384,224,7.61688841598694e-05,224,0.00472777672823369,224,50759096.3568323,224,-0.02,224,-0.0199997265160101,13703
"226",225,3.37614661141286e-06,225,1437284.63834985,225,6.77865751569866e-05,225,0.00420748975051809,225,50759096.357375,225,-0.02,225,-0.0199997398539814,13703
"227",226,2.14291554380662e-06,226,1437284.6383374,226,6.03267308786018e-05,226,0.00374445982057433,226,50759096.3578579,226,-0.02,226,-0.0199997525414521,13703
"228",227,2.11538051728467e-06,227,1437284.63832633,227,5.36878349950118e-05,227,0.00333238585911399,227,50759096.3582877,227,-0.02,227,-0.0199997646101477,13703
"229",228,2.11200020185702e-06,228,1437284.63831647,228,4.77795429494998e-05,228,0.00296566021414543,228,50759096.3586702,228,-0.02,228,-0.019999776090246,13703
"230",229,1.52658759969158e-06,229,1437284.6383077,229,4.2521452515408e-05,229,0.00263929235001366,229,50759096.3590106,229,-0.02,229,-0.0199997870104533,13703
"231",230,1.5126172470807e-06,230,1437284.63829989,230,3.78420096522617e-05,230,0.00234884093438272,230,50759096.3593135,230,-0.02,230,-0.0199997973980758,13703
"232",231,1.31844740100193e-06,231,1437284.63829294,231,3.36775347714033e-05,231,0.00209035339897563,231,50759096.3595831,231,-0.02,231,-0.0199998072790881,13703
"233",232,1.16075216834703e-06,232,1437284.63828676,232,2.99713561601804e-05,232,0.00186031215159253,232,50759096.3598231,232,-0.02,232,-0.0199998166781976,13703
"234",233,1.05339335311558e-06,233,1437284.63828125,233,2.66730387719834e-05,233,0.00165558670744091,233,50759096.3600366,233,-0.02,233,-0.0199998256189073,13703
"235",234,9.62356524485825e-07,234,1437284.63827636,234,2.37376978872094e-05,234,0.00147339108836354,234,50759096.3602266,234,-0.02,234,-0.0199998341235733,13703
"236",235,7.12721567129662e-07,235,1437284.638272,235,2.11253883051851e-05,235,0.00131124591023755,235,50759096.3603957,235,-0.02,235,-0.0199998422134619,13703
"237",236,7.49320960454432e-07,236,1437284.63826812,236,1.88005607549337e-05,236,0.00116694464261616,236,50759096.3605462,236,-0.02,236,-0.019999849908802,13703
"238",237,7.12427990407101e-07,237,1437284.63826467,237,1.67315781274181e-05,237,0.00103852358146211,237,50759096.3606802,237,-0.02,237,-0.019999857228836,13703
"239",238,6.36330416129404e-07,238,1437284.6382616,238,1.4890284945959e-05,238,0.000924235126350942,238,50759096.3607994,238,-0.02,238,-0.0199998641918676,13703
"240",239,6.43490804358875e-07,239,1437284.63825886,239,1.32516242160192e-05,239,0.000822523998490418,239,50759096.3609055,239,-0.02,239,-0.0199998708153083,13703
"241",240,4.7513905577029e-07,240,1437284.63825643,240,1.17932964402985e-05,240,0.00073200607592258,240,50759096.3609999,240,-0.02,240,-0.0199998771157199,13703
"242",241,4.85769327193992e-07,241,1437284.63825426,241,1.04954561588855e-05,241,0.000651449557889968,241,50759096.3610839,241,-0.02,241,-0.0199998831088568,13703
"243",242,4.3864764748722e-07,242,1437284.63825234,242,9.34044188487206e-06,242,0.000579758202043989,242,50759096.3611587,242,-0.02,242,-0.019999888809705,13703
"244",243,2.51108339522096e-07,243,1437284.63825062,243,8.31253576028837e-06,243,0.000515956406381266,243,50759096.3612252,243,-0.02,243,-0.0199998942325196,13703
"245",244,2.85964364852467e-07,244,1437284.6382491,244,7.39774966166852e-06,244,0.000459175932897554,244,50759096.3612844,244,-0.02,244,-0.0199998993908604,13703
"246",245,2.70785126701474e-07,245,1437284.63824774,245,6.5836348444882e-06,245,0.000408644092289898,245,50759096.3613371,245,-0.02,245,-0.0199999042976259,13703
"247",246,2.13952225026082e-07,246,1437284.63824653,246,5.85911253604537e-06,246,0.00036367322892017,246,50759096.361384,246,-0.02,246,-0.0199999089650857,13703
"248",247,2.22581172904936e-07,247,1437284.63824545,247,5.21432317142753e-06,247,0.000323651362947563,247,50759096.3614258,247,-0.02,247,-0.0199999134049107,13703
"249",248,1.74655283476758e-07,248,1437284.6382445,248,4.64049222091205e-06,248,0.000288033862284798,248,50759096.3614629,248,-0.02,248,-0.019999917628203,13703
"250",249,1.65339673158429e-07,249,1437284.63824364,249,4.12981078292851e-06,249,0.000256336031046978,249,50759096.361496,249,-0.02,249,-0.0199999216455228,13703
"251",250,1.52634265021371e-07,250,1437284.63824289,250,3.67532931764739e-06,250,0.000228126513634047,250,50759096.3615254,250,-0.02,250,-0.0199999254669157,13703
"252",251,1.41481718723481e-07,251,1437284.63824221,251,3.27086307508175e-06,251,0.000203021424687193,251,50759096.3615516,251,-0.02,251,-0.019999929101937,13703
"253",252,1.28654414717805e-07,252,1437284.63824161,252,2.91090793073255e-06,252,0.000180679125037517,252,50759096.3615749,252,-0.02,252,-0.0199999325596763,13703
"254",253,9.63314500545285e-08,253,1437284.63824108,253,2.59056548343737e-06,253,0.000160795572556192,253,50759096.3615956,253,-0.02,253,-0.0199999358487796,13703
"255",254,8.53761566934553e-08,254,1437284.6382406,254,2.30547639612621e-06,254,0.000143100184638786,254,50759096.3616141,254,-0.02,254,-0.0199999389774715,13703
"256",255,8.83427728452547e-08,255,1437284.63824018,255,2.0517610723607e-06,255,0.000127352156018935,255,50759096.3616305,255,-0.02,255,-0.0199999419535752,13703
"257",256,7.16907280805106e-08,256,1437284.6382398,256,1.82596686136086e-06,256,0.000113337181802845,256,50759096.3616451,256,-0.02,256,-0.0199999447845327,13703
"258",257,5.8395117184062e-08,257,1437284.63823946,257,1.62502107306576e-06,257,0.000100864541130478,257,50759096.3616581,257,-0.02,257,-0.0199999474774228,13703
"259",258,6.30834300262189e-08,258,1437284.63823917,258,1.44618916383984e-06,258,8.9764501776837e-05,258,50759096.3616697,258,-0.02,258,-0.019999950038979,13703
"260",259,5.76250389151311e-08,259,1437284.6382389,259,1.28703752380021e-06,259,7.98860103742096e-05,259,50759096.36168,259,-0.02,259,-0.0199999524756067,13703
"261",260,4.79159883541139e-08,260,1437284.63823866,260,1.1454003593613e-06,260,7.10946368230871e-05,260,50759096.3616892,260,-0.02,260,-0.0199999547933987,13703
"262",261,3.80842258055494e-08,261,1437284.63823845,261,1.01935022032212e-06,261,6.3270744918551e-05,261,50759096.3616973,261,-0.02,261,-0.0199999569981506,13703
"263",262,3.6873319150474e-08,262,1437284.63823827,262,9.07171770418003e-07,262,5.63078642973483e-05,262,50759096.3617046,262,-0.02,262,-0.0199999590953755,13703
"264",263,2.90544546657244e-08,263,1437284.6382381,263,8.07338444396641e-07,263,5.01112415505212e-05,263,50759096.361711,263,-0.02,263,-0.0199999610903175,13703
"265",264,2.77128527751838e-08,264,1437284.63823795,264,7.18491673959454e-07,264,4.45965507846046e-05,264,50759096.3617168,264,-0.02,264,-0.0199999629879651,13703
"266",265,2.92425755440176e-08,265,1437284.63823782,265,6.39422399867115e-07,265,3.9688746084241e-05,265,50759096.3617219,265,-0.02,265,-0.0199999647930633,13703
"267",266,1.96090377497871e-08,266,1437284.6382377,266,5.69054618619221e-07,266,3.53210402601078e-05,266,50759096.3617265,266,-0.02,266,-0.0199999665101258,13703
"268",267,1.83271195397532e-08,267,1437284.6382376,267,5.06430739805243e-07,267,3.14339959845865e-05,267,50759096.3617305,267,-0.02,267,-0.0199999681434462,13703
"269",268,1.98701126874593e-08,268,1437284.6382375,268,4.50698554864202e-07,268,2.79747169470205e-05,268,50759096.3617341,268,-0.02,268,-0.0199999696971087,13703
"270",269,1.64494014353072e-08,269,1437284.63823742,269,4.01099639919172e-07,269,2.48961280215056e-05,269,50759096.3617373,269,-0.02,269,-0.0199999711749981,13703
"271",270,1.24630403841462e-08,270,1437284.63823735,270,3.56959034868091e-07,270,2.2156334651478e-05,270,50759096.3617402,270,-0.02,270,-0.01999997258081,13703
"272",271,1.11047796888544e-08,271,1437284.63823728,271,3.17676058280195e-07,271,1.97180527333705e-05,271,50759096.3617427,271,-0.02,271,-0.0199999739180596,13703
"273",272,1.07264009546119e-08,272,1437284.63823722,272,2.82716133103777e-07,272,1.7548101240988e-05,272,50759096.361745,272,-0.02,272,-0.0199999751900908,13703
"274",273,1.16597844960183e-08,273,1437284.63823717,273,2.51603511946527e-07,273,1.56169506860501e-05,273,50759096.361747,273,-0.02,273,-0.0199999764000844,13703
"275",274,1.00300266993655e-08,274,1437284.63823713,274,2.23914802931392e-07,274,1.38983212701874e-05,274,50759096.3617488,274,-0.02,274,-0.0199999775510658,13703
"276",275,7.70419565408054e-09,275,1437284.63823708,275,1.9927320802542e-07,275,1.23688252598993e-05,275,50759096.3617504,275,-0.02,275,-0.0199999786459132,13703
"277",276,7.89535924529714e-09,276,1437284.63823705,276,1.77343395434671e-07,276,1.10076487177801e-05,276,50759096.3617518,276,-0.02,276,-0.0199999796873643,13703
"278",277,5.57737288682262e-09,277,1437284.63823702,277,1.57826936286858e-07,277,9.79626825889805e-06,277,50759096.3617531,277,-0.02,277,-0.0199999806780232,13703
"279",278,5.61685376321488e-09,278,1437284.63823699,278,1.40458243502426e-07,278,8.71819897784357e-06,278,50759096.3617542,278,-0.02,278,-0.0199999816203671,13703
"280",279,5.67975902769364e-09,279,1437284.63823696,279,1.25000957588735e-07,279,7.75877011614828e-06,279,50759096.3617552,279,-0.02,279,-0.0199999825167524,13703
"281",280,4.13530706319779e-09,280,1437284.63823694,280,1.11244730173921e-07,280,6.90492541727378e-06,280,50759096.3617561,280,-0.02,280,-0.0199999833694204,13703
"282",281,4.08992981530524e-09,281,1437284.63823692,281,9.90023615095846e-08,281,6.14504545232958e-06,281,50759096.3617569,281,-0.02,281,-0.0199999841805033,13703
"283",282,3.46830817175901e-09,282,1437284.6382369,282,8.81072529883901e-08,282,5.46878949866348e-06,282,50759096.3617576,282,-0.02,282,-0.0199999849520292,13703
"284",283,3.31090917851808e-09,283,1437284.63823688,283,7.84111400095128e-08,283,4.86695481955095e-06,283,50759096.3617582,283,-0.02,283,-0.0199999856859274,13703
"285",284,2.90695723654928e-09,284,1437284.63823687,284,6.97820743399329e-08,284,4.33135143001046e-06,284,50759096.3617588,284,-0.02,284,-0.019999986384033,13703
"286",285,2.32458755810857e-09,285,1437284.63823686,285,6.21026285148135e-08,285,3.85469064451234e-06,285,50759096.3617593,285,-0.02,285,-0.0199999870480915,13703
"287",286,2.00722485523804e-09,286,1437284.63823684,286,5.52682978417879e-08,286,3.43048588989814e-06,286,50759096.3617597,286,-0.02,286,-0.0199999876797635,13703
"288",287,2.12016441183196e-09,287,1437284.63823683,287,4.91860782630446e-08,287,3.0529644337364e-06,287,50759096.3617601,287,-0.02,287,-0.0199999882806285,13703
"289",288,1.56719902119385e-09,288,1437284.63823683,288,4.37732007222415e-08,288,2.71698882688242e-06,288,50759096.3617605,288,-0.02,288,-0.019999988852189,13703
"290",289,1.38132631298492e-09,289,1437284.63823682,289,3.89560048130484e-08,289,2.41798699120382e-06,289,50759096.3617608,289,-0.02,289,-0.0199999893958741,13703
"291",290,1.52141727886999e-09,290,1437284.63823681,290,3.46689363815201e-08,290,2.15189000108017e-06,290,50759096.3617611,290,-0.02,290,-0.0199999899130435,13703
"292",291,1.0670510427256e-09,291,1437284.6382368,291,3.08536554413041e-08,291,1.91507671198482e-06,291,50759096.3617613,291,-0.02,291,-0.0199999904049901,13703
"293",292,1.10999897827682e-09,292,1437284.6382368,292,2.74582422618701e-08,292,1.70432448263457e-06,292,50759096.3617615,292,-0.02,292,-0.0199999908729443,13703
"294",293,9.66061171024276e-10,293,1437284.63823679,293,2.44364908259186e-08,293,1.51676532011618e-06,293,50759096.3617617,293,-0.02,293,-0.019999991318076,13703
"295",294,8.11518002120114e-10,294,1437284.63823679,294,2.17472800410813e-08,294,1.34984685119684e-06,294,50759096.3617619,294,-0.02,294,-0.0199999917414984,13703
"296",295,5.90114654372801e-10,295,1437284.63823679,295,1.93540141491307e-08,295,1.20129758870183e-06,295,50759096.3617621,295,-0.02,295,-0.0199999921442703,13703
"297",296,7.94747762712564e-10,296,1437284.63823678,296,1.72241247175855e-08,296,1.06909602029174e-06,296,50759096.3617622,296,-0.02,296,-0.0199999925273988,13703
"298",297,7.41022965000992e-10,297,1437284.63823678,297,1.53286274366303e-08,297,9.51443098988118e-07,297,50759096.3617623,297,-0.02,297,-0.0199999928918418,13703
"299",298,5.19401851429876e-10,298,1437284.63823678,298,1.36417276900818e-08,298,8.4673776108849e-07,298,50759096.3617624,298,-0.02,298,-0.0199999932385108,13703
"300",299,4.84754999293958e-10,299,1437284.63823677,299,1.21404695328674e-08,299,7.53555138309795e-07,299,50759096.3617625,299,-0.02,299,-0.0199999935682725,13703
"301",300,4.33013832186155e-10,300,1437284.63823677,300,1.08044232981733e-08,300,6.70627167663073e-07,300,50759096.3617626,300,-0.02,300,-0.0199999938819515,13703
"302",301,3.83364607318438e-10,301,1437284.63823677,301,9.61540758310606e-09,301,5.9682533519158e-07,301,50759096.3617627,301,-0.02,301,-0.0199999941803323,13703
"303",302,3.29033452309633e-10,302,1437284.63823677,302,8.5572418295489e-09,302,5.3114531874283e-07,302,50759096.3617628,302,-0.02,302,-0.0199999944641608,13703
"304",303,2.96352811330586e-10,303,1437284.63823677,303,7.61552613324112e-09,303,4.72693320787828e-07,303,50759096.3617628,303,-0.02,303,-0.0199999947341469,13703
"305",304,2.8170124378581e-10,304,1437284.63823676,304,6.7774452846434e-09,304,4.20673905299548e-07,304,50759096.3617629,304,-0.02,304,-0.0199999949909656,13703
"306",305,2.53768235497125e-10,305,1437284.63823676,305,6.03159437490539e-09,305,3.74379173170453e-07,305,50759096.3617629,305,-0.02,305,-0.019999995235259,13703
"307",306,2.16143764907989e-10,306,1437284.63823676,306,5.36782359371829e-09,306,3.33179128864234e-07,306,50759096.361763,306,-0.02,306,-0.0199999954676382,13703
"308",307,1.9191443601661e-10,307,1437284.63823676,307,4.77710010700493e-09,307,2.96513107207643e-07,307,50759096.361763,307,-0.02,307,-0.0199999956886841,13703
"309",308,1.50686692739933e-10,308,1437284.63823676,308,4.25138513482881e-09,308,2.638821436551e-07,308,50759096.3617631,308,-0.02,308,-0.0199999958989494,13703
"310",309,1.42028463609993e-10,309,1437284.63823676,309,3.78352455675346e-09,309,2.34842184197859e-07,309,50759096.3617631,309,-0.02,309,-0.01999999609896,13703
"311",310,1.25325231798744e-10,310,1437284.63823676,310,3.36715155597009e-09,310,2.08998042515709e-07,310,50759096.3617631,310,-0.02,310,-0.019999996289216,13703
"312",311,1.22767849531403e-10,311,1437284.63823676,311,2.99659997733936e-09,311,1.85998022137943e-07,311,50759096.3617631,311,-0.02,311,-0.0199999964701931,13703
"313",312,9.66936190315694e-11,312,1437284.63823676,312,2.66682722029203e-09,312,1.65529130429987e-07,312,50759096.3617631,312,-0.02,312,-0.0199999966423438,13703
"314",313,1.10626597438176e-10,313,1437284.63823676,313,2.37334561728694e-09,313,1.47312819275913e-07,313,50759096.3617632,313,-0.02,313,-0.0199999968060986,13703
"315",314,8.87169867042844e-11,314,1437284.63823676,314,2.11216136399947e-09,314,1.31101194494454e-07,314,50759096.3617632,314,-0.02,314,-0.019999996961867,13703
"316",315,6.93570961947778e-11,315,1437284.63823676,315,1.87972017018026e-09,315,1.16673642404925e-07,315,50759096.3617632,315,-0.02,315,-0.0199999971100385,13703
"317",316,8.14422689682814e-11,316,1437284.63823676,316,1.67285889158129e-09,316,1.03833827636086e-07,316,50759096.3617632,316,-0.02,316,-0.0199999972509836,13703
"318",317,5.91829741556747e-11,317,1437284.63823676,317,1.488762484739e-09,317,9.24070213230744e-08,317,50759096.3617632,317,-0.02,317,-0.0199999973850547,13703
"319",318,5.3168275579692e-11,318,1437284.63823676,318,1.32492569883942e-09,318,8.22377233335249e-08,318,50759096.3617633,318,-0.02,318,-0.0199999975125871,13703
"320",319,4.67977285773134e-11,319,1437284.63823675,319,1.17911898335438e-09,319,7.31875461652638e-08,319,50759096.3617633,319,-0.02,319,-0.0199999976338996,13703
"321",320,3.87797007930256e-11,320,1437284.63823675,320,1.04935814750738e-09,320,6.51333317188967e-08,320,50759096.3617633,320,-0.02,320,-0.0199999977492957,13703
"322",321,3.36923726478085e-11,321,1437284.63823675,321,9.33877358684266e-10,321,5.79654753176416e-08,321,50759096.3617633,321,-0.02,321,-0.0199999978590638,13703
"323",322,3.6110153306436e-11,322,1437284.63823675,322,8.31105112341068e-10,322,5.15864341670616e-08,322,50759096.3617633,322,-0.02,322,-0.0199999979634785,13703
"324",323,2.83913882951671e-11,323,1437284.63823675,323,7.39642846398947e-10,323,4.59093999572752e-08,323,50759096.3617633,323,-0.02,323,-0.0199999980628009,13703
"325",324,3.14293273884361e-11,324,1437284.63823675,324,6.5824590910304e-10,324,4.08571175439331e-08,324,50759096.3617633,324,-0.02,324,-0.0199999981572792,13703
"326",325,2.72776194166656e-11,325,1437284.63823675,325,5.85806621348961e-10,325,3.63608336321424e-08,325,50759096.3617633,325,-0.02,325,-0.0199999982471497,13703
"327",326,2.47629532453525e-11,326,1437284.63823675,326,5.21339202982929e-10,326,3.23593611566476e-08,326,50759096.3617633,326,-0.02,326,-0.0199999983326372,13703
"328",327,1.59995798765283e-11,327,1437284.63823675,327,4.63966357947118e-10,327,2.8798246626014e-08,327,50759096.3617633,327,-0.02,327,-0.0199999984139555,13703
"329",328,1.86450850613488e-11,328,1437284.63823675,328,4.12907335716029e-10,328,2.56290290997297e-08,328,50759096.3617633,328,-0.02,328,-0.0199999984913078,13703
"330",329,1.33025083538074e-11,329,1437284.63823675,329,3.67467306559567e-10,329,2.28085807141187e-08,329,50759096.3617633,329,-0.02,329,-0.0199999985648876,13703
"331",330,1.24162776852344e-11,330,1437284.63823675,330,3.27027906047519e-10,330,2.02985197827006e-08,330,50759096.3617633,330,-0.02,330,-0.0199999986348788,13703
"332",331,1.21763454702321e-11,331,1437284.63823675,331,2.91038820121644e-10,331,1.8064688484255e-08,331,50759096.3617633,331,-0.02,331,-0.0199999987014566,13703
"333",332,1.08000321135163e-11,332,1437284.63823675,332,2.59010296221955e-10,332,1.60766880307786e-08,332,50759096.3617633,332,-0.02,332,-0.0199999987647873,13703
"334",333,1.01110274279663e-11,333,1437284.63823675,333,2.30506478555875e-10,333,1.43074649897322e-08,333,50759096.3617633,333,-0.02,333,-0.0199999988250293,13703
"335",334,7.88270215248684e-12,334,1437284.63823675,334,2.0513947681421e-10,334,1.27329431311007e-08,334,50759096.3617633,334,-0.02,334,-0.0199999988823333,13703
"336",335,5.71799981733699e-12,335,1437284.63823675,335,1.8256408761884e-10,335,1.13316957893064e-08,335,50759096.3617633,335,-0.02,335,-0.0199999989368425,13703
"337",336,6.31494464015803e-12,336,1437284.63823675,336,1.62473096869692e-10,336,1.00846542813585e-08,336,50759096.3617633,336,-0.02,336,-0.0199999989886934,13703
"338",337,5.92139714006635e-12,337,1437284.63823675,337,1.44593099063612e-10,337,8.97484841328592e-09,337,50759096.3617633,337,-0.02,337,-0.0199999990380154,13703
"339",338,5.85315111151694e-12,338,1437284.63823675,338,1.28680776692916e-10,338,7.98717554357156e-09,338,50759096.3617633,338,-0.02,338,-0.0199999990849319,13703
"340",339,4.61226461415427e-12,339,1437284.63823675,339,1.14519589092315e-10,339,7.10819506091864e-09,339,50759096.3617633,339,-0.02,339,-0.0199999991295603,13703
"341",340,4.03262499152607e-12,340,1437284.63823675,340,1.01916825674845e-10,340,6.32594547952846e-09,340,50759096.3617633,340,-0.02,340,-0.0199999991720121,13703
"342",341,3.84497831384148e-12,341,1437284.63823675,341,9.07009834561684e-11,341,5.62978166285524e-09,341,50759096.3617633,341,-0.02,341,-0.0199999992123936,13703
"343",342,3.18677235220609e-12,342,1437284.63823675,342,8.07194331796287e-11,342,5.01022996071998e-09,342,50759096.3617633,342,-0.02,342,-0.0199999992508056,13703
"344",343,3.16090839320362e-12,343,1437284.63823675,343,7.18363422818634e-11,343,4.45885928843645e-09,343,50759096.3617633,343,-0.02,343,-0.0199999992873443,13703
"345",344,2.46707577971648e-12,344,1437284.63823675,344,6.39308264339156e-11,344,3.96816639354719e-09,344,50759096.3617633,344,-0.02,344,-0.0199999993221009,13703
"346",345,1.99115993009117e-12,345,1437284.63823675,345,5.68953045033555e-11,345,3.53147374883772e-09,345,50759096.3617633,345,-0.02,345,-0.0199999993551624,13703
"347",346,2.19321633603775e-12,346,1437284.63823675,346,5.06340345511335e-11,346,3.14283868211978e-09,346,50759096.3617633,346,-0.02,346,-0.0199999993866115,13703
"348",347,1.61664135497267e-12,347,1437284.63823675,347,4.50618109404812e-11,347,2.79697250618887e-09,347,50759096.3617633,347,-0.02,347,-0.0199999994165268,13703
"349",348,1.61219224437173e-12,348,1437284.63823675,348,4.01028048276409e-11,348,2.48916854844702e-09,348,50759096.3617633,348,-0.02,348,-0.0199999994449831,13703
"350",349,1.80946562164076e-12,349,1437284.63823675,349,3.56895322554041e-11,349,2.21523810079189e-09,349,50759096.3617633,349,-0.02,349,-0.0199999994720516,13703
"351",350,1.20343412435334e-12,350,1437284.63823675,350,3.17619358068973e-11,350,1.97145341815483e-09,350,50759096.3617633,350,-0.02,350,-0.0199999994978,13703
"352",351,1.11812179641376e-12,351,1437284.63823675,351,2.82665673224289e-11,351,1.75449698999151e-09,351,50759096.3617633,351,-0.02,351,-0.0199999995222926,13703
"353",352,1.23621581372792e-12,352,1437284.63823675,352,2.51558605575084e-11,352,1.5614163943929e-09,352,50759096.3617633,352,-0.02,352,-0.0199999995455906,13703
"354",353,8.89809264759764e-13,353,1437284.63823675,353,2.23874838841065e-11,353,1.38958412045519e-09,353,50759096.3617633,353,-0.02,353,-0.0199999995677524,13703
"355",354,7.66421542748787e-13,354,1437284.63823675,354,1.99237642264777e-11,354,1.23666181215664e-09,354,50759096.3617633,354,-0.02,354,-0.0199999995888334,13703
"356",355,8.77957074307605e-13,355,1437284.63823675,355,1.77311743922548e-11,355,1.10056844715915e-09,355,50759096.3617633,355,-0.02,355,-0.0199999996088862,13703
"357",356,6.8618709197808e-13,356,1437284.63823675,356,1.57798768222323e-11,356,9.79452017500128e-10,356,50759096.3617633,356,-0.02,356,-0.0199999996279611,13703
"358",357,5.44996898507597e-13,357,1437284.63823675,357,1.40433175500176e-11,357,8.7166432679516e-10,357,50759096.3617633,357,-0.02,357,-0.0199999996461056,13703
"359",358,5.20283973303385e-13,358,1437284.63823675,358,1.24978648460067e-11,358,7.75738560982739e-10,358,50759096.3617633,358,-0.02,358,-0.0199999996633653,13703
"360",359,4.74976878092752e-13,359,1437284.63823675,359,1.1122487628221e-11,359,6.9036932738551e-10,359,50759096.3617633,359,-0.02,359,-0.0199999996797831,13703
"361",360,4.20137878378104e-13,360,1437284.63823675,360,9.89846926370035e-12,360,6.14394890452386e-10,360,50759096.3617633,360,-0.02,360,-0.0199999996954003,13703
"362",361,3.49849415241434e-13,361,1437284.63823675,361,8.80915286576088e-12,361,5.46781362439036e-10,361,50759096.3617633,361,-0.02,361,-0.0199999997102558,13703
"363",362,2.8131466551192e-13,362,1437284.63823675,362,7.83971462102799e-12,362,4.86608633887777e-10,362,50759096.3617633,362,-0.02,362,-0.0199999997243868,13703
"364",363,3.13895943145476e-13,363,1437284.63823675,363,6.97696206159719e-12,363,4.3305785244374e-10,363,50759096.3617633,363,-0.02,363,-0.0199999997378286,13703
"365",364,2.36820273083995e-13,364,1437284.63823675,364,6.20915453713693e-12,364,3.85400279614485e-10,364,50759096.3617633,364,-0.02,364,-0.0199999997506149,13703
"366",365,2.40030524143032e-13,365,1437284.63823675,365,5.52584344385248e-12,365,3.4298737383179e-10,365,50759096.3617633,365,-0.02,365,-0.0199999997627775,13703
