"","e.time","e.value","y.time","y.value","S.time","S.value","E.time","E.value","I.time","I.value","R.time","R.value","mu.time","mu.value","x.time","x.value","clock"
"1",0,0,0,0.0480364964046244,0,52196379,0,1,0,0,0,0,0,0,0,-0.118282686435379,26045
"2",1,0.87080647884546,1,0.0362426570872821,1,52196378.9155899,1,0.897770284654438,1,0.175691280736295,1,0.0109485738706835,1,-0.02,1,-0.0597689492210728,26045
"3",2,-1.54509783057802,2,0.0377882634033416,2,52196378.6897019,2,0.941523147999705,2,0.32758052360443,2,0.0411943862059568,2,-0.02,2,-0.153147158501435,26045
"4",3,-0.878606137978779,3,0.0437128741667371,3,52196378.3526441,3,1.07803587327335,3,0.479845472080753,3,0.0894745077905454,3,-0.02,3,-0.200855093634642,26045
"5",4,0.0449618032565681,4,0.0542455344348932,4,52196377.8897723,4,1.30433416311575,4,0.649040513484623,4,0.156852977219391,4,-0.02,4,-0.189260973438613,26045
"6",5,-0.742602863645314,5,0.0710183251875418,5,52196377.2839766,5,1.61908834012457,5,0.850631594978211,5,0.246303456383782,5,-0.02,5,-0.226817515345794,26045
"7",6,-0.477351991139053,6,0.1011944482535,6,52196376.5190241,6,2.02162236755164,6,1.09689250983437,6,0.362461016535278,6,-0.02,6,-0.246178960306781,26045
"8",7,1.67407118249979,7,0.108147149542887,7,52196375.4852588,7,2.59778208417731,7,1.40537372735284,7,0.511585321089207,7,-0.02,7,-0.131873895983899,26045
"9",8,0.448129957104551,8,0.11835327346333,8,52196374.059182,8,3.42560056715785,8,1.81205633164397,8,0.70316112155303,8,-0.02,8,-0.0987724079392566,26045
"10",9,0.795636349108118,9,0.178442313496453,9,52196372.1300259,9,4.56234207601322,9,2.35637472020692,9,0.951257261646,9,-0.02,9,-0.0458474765329389,26045
"11",10,-2.02069545734328,10,0.252711085254965,10,52196369.7091177,10,5.93477321985246,10,3.08101329669934,10,1.27509573154184,10,-0.02,10,-0.169244470511867,26045
"12",11,1.1689861185664,11,0.320973495955398,11,52196366.6050578,11,7.68843382683716,11,4.00905741672713,11,1.69745094587579,11,-0.02,11,-0.0898504648784923,26045
"13",12,0.613894936711124,12,0.488365597450709,12,52196362.3151131,12,10.2029215858897,12,5.23433524195996,12,2.24763007397749,12,-0.02,12,-0.0485723693122845,26045
"14",13,1.42142559890209,13,0.482013409977246,13,52196356.3033093,13,13.8353894276356,13,6.89245721363092,13,2.96884398198219,13,-0.02,13,0.0405094910413171,26045
"15",14,0.851685453744103,14,0.757303866002992,14,52196347.7706469,14,19.1047078570563,14,9.19955562324901,14,3.92508959808155,14,-0.02,14,0.0900992581080173,26045
"16",15,-0.485165406641587,15,1.0422204609602,15,52196336.2565812,15,26.1232719138833,15,12.4107019173586,15,5.20944489702715,15,-0.02,15,0.0547995870240077,26045
"17",16,0.940758958261954,16,1.53108387220742,16,52196320.5022654,16,35.7517976739358,16,16.8005247051046,16,6.94541217736172,16,-0.02,16,0.109187402151011,26045
"18",17,0.624819656617243,17,1.92629059331888,17,52196298.1727779,17,49.6246817691709,17,22.8992718086047,17,9.30326849507572,17,-0.02,17,0.141432257793689,26045
"19",18,2.25241360954884,18,3.11030522685479,18,52196264.8566427,18,71.0520818173789,18,31.5580086963839,18,12.5332667142513,18,-0.02,18,0.272511501300937,26045
"20",19,-1.13465640758892,19,4.52480079447779,19,52196217.7640957,19,101.034158809846,19,44.1763966822755,19,17.0253487770691,19,-0.02,19,0.188248093916724,26045
"21",20,0.826078040129842,20,6.76017260102719,20,52196152.9511281,20,141.832211744972,20,61.8970555581799,20,23.3196045394673,20,-0.02,20,0.229052832689406,26045
"22",21,2.27619879490242,21,8.25026131536389,21,52196053.5162724,21,206.953076074727,21,87.368355364716,21,32.1622960768192,21,-0.02,21,0.357326089081331,26045
"23",22,0.459707060356891,22,11.2370635249538,22,52195902.3456811,22,307.302726078551,22,125.586397013172,22,44.7651957027978,22,-0.02,22,0.367283209635818,26045
"24",23,-1.83323340691011,23,15.3560937971102,23,52195697.7847081,23,437.732339366357,23,181.51415821418,23,62.9687942825902,23,-0.02,23,0.235302208204783,26045
"25",24,0.783008331342074,24,24.3945396763245,24,52195416.2410809,24,615.227058952592,24,259.40990478706,24,89.1219552601217,24,-0.02,24,0.271155101487289,26045
"26",25,1.37641268756406,25,36.714288443664,25,52194991.870734,25,891.064931240117,25,370.616694222076,25,126.447640525406,25,-0.02,25,0.341866804690908,26045
"27",26,-0.516159805368487,26,52.7720893505772,26,52194379.2545437,26,1287.6895817841,26,533.06914530155,26,179.986729137844,26,-0.02,26,0.292376226603015,26045
"28",27,0.771242034559387,27,85.449437853906,27,52193503.4100539,27,1853.30676693107,27,766.304946080939,27,256.978233011571,27,-0.02,27,0.324719719138357,26045
"29",28,0.464448827929576,28,110.274763973715,28,52192215.5823852,28,2691.91034667633,28,1104.71140053997,28,367.795867530248,28,-0.02,28,0.336559592856869,26045
"30",29,2.02018276379838,29,154.055762692397,29,52190231.8776968,29,4016.2127985197,29,1603.89167084829,29,528.017833821753,29,-0.02,29,0.443795941000663,26045
"31",30,-0.582368110391682,30,240.657098877209,30,52187276.5603741,30,5981.35998525417,30,2359.63851787915,30,762.441122697189,30,-0.02,30,0.38524980075544,26045
"32",31,2.48462306895782,31,325.184248529735,31,52182719.0930457,31,9063.73275845899,31,3489.13794181102,31,1108.03625397359,31,-0.02,31,0.518763026475209,26045
"33",32,-0.938519609963308,32,527.612898844479,32,52175815.8924119,32,13710.8862122907,32,5230.04161814264,32,1623.17975760997,32,-0.02,32,0.434589555414639,26045
"34",33,-0.698845189789146,33,936.437015876429,33,52166225.5326315,33,19965.9573917052,33,7794.49675289325,33,2394.01322389745,33,-0.02,33,0.369306893547882,26045
"35",34,-0.699083320958525,34,1141.36023924199,34,52152911.4606869,34,28478.6800521907,34,11455.2808753256,34,3534.57838555157,34,-0.02,34,0.307193414253467,26045
"36",35,-1.13038112722941,35,1492.83451854913,35,52134905.995003,35,39712.3614215241,35,16564.8125705397,35,5196.83100494153,35,-0.02,35,0.221502293413933,26045
"37",36,0.667917560334221,36,1871.46402077169,36,52109730.1634844,36,55476.8352808797,36,23593.4861983486,36,7579.51503627504,36,-0.02,36,0.25092821612769,26045
"38",37,-0.0227337636549199,37,3095.75034554179,37,52073785.5159136,37,78179.8745055108,37,33451.2797255102,37,10963.3298552882,37,-0.02,37,0.236312435213001,26045
"39",38,-0.55958527512358,38,4407.54110568352,38,52024554.4092665,38,108849.233283708,38,47224.791492719,38,15751.5659569693,38,-0.02,38,0.189290868092688,26045
"40",39,1.97252669459141,39,6645.77303033873,39,51952648.6451472,39,154778.762177727,39,66459.1776201653,39,22493.4150548711,39,-0.02,39,0.30076967279482,26045
"41",40,0.987694730905535,40,9027.14089913388,40,51843099.0146756,40,226666.517305406,40,94583.2944768426,40,32031.1735420764,40,-0.02,40,0.346056874328271,26045
"42",41,-0.676624287477041,41,11907.6269330495,41,51688348.8827982,41,326535.492915375,41,135812.344316088,41,45683.2799702611,41,-0.02,41,0.28646281952071,26045
"43",42,1.04166145789683,42,19797.1247885429,42,51467425.6361076,42,468927.297035147,42,194754.254919546,42,65272.8119375708,42,-0.02,42,0.33577700568507,26045
"44",43,-0.240020956932197,43,28863.5661241779,43,51150105.9337382,43,673078.410416679,43,279799.835009512,43,93395.8208354988,43,-0.02,43,0.303618557794093,26045
"45",44,0.127103444700247,44,39237.4884271929,44,50706854.2986649,44,955098.428284792,44,400684.498127379,44,133742.774922838,44,-0.02,44,0.295676561987219,26045
"46",45,-0.389424611084783,45,49429.4138565009,45,50095600.036857,45,1338761.98128315,45,570649.085638991,45,191368.896220758,45,-0.02,45,0.256257058568733,26045
"47",46,-1.2799826529117,46,76765.5164949162,46,49297340.304111,46,1822403.10270279,46,803627.697338224,46,273008.895847895,46,-0.02,46,0.163821149082399,26045
"48",47,0.65012776493069,47,86572.5584051015,47,48232788.0011722,47,2462300.70954884,47,1114293.37920815,47,386997.910070757,47,-0.02,47,0.194962754084994,26045
"49",48,0.79942106629206,48,127693.434119321,48,46750014.8633961,48,3367193.4048905,48,1534781.86817189,48,544389.863541447,48,-0.02,48,0.23379553462176,26045
"50",49,0.440189336652741,49,194541.062955527,49,44733881.3137584,49,4592909.63589286,49,2108694.57853782,49,760894.471810818,49,-0.02,49,0.248573254442572,26045
"51",50,1.14192144693321,50,255034.509616371,50,42012725.1402433,50,6239322.7789385,50,2886550.71690221,50,1057781.36391586,50,-0.02,50,0.305920419394306,26045
"52",51,0.487131686246042,51,346846.324752086,51,38445607.4847826,51,8354007.77863335,51,3933402.29332474,51,1463362.44325917,51,-0.02,51,0.320076461303788,26045
"53",52,0.554008938028842,52,470402.374966413,52,34023450.1273936,52,10860586.7590118,52,5299269.1792319,52,2013073.93436256,52,-0.02,52,0.337667792027783,26045
"54",53,-1.14541737035088,53,538024.202022381,53,29080257.5609161,53,13374572.0222955,53,6994978.58703478,53,2746571.8297535,53,-0.02,53,0.249562825782667,26045
"55",54,0.3863425265688,54,608841.465803024,54,23888709.7230781,54,15660208.996807,54,8948052.71596837,54,3699408.56414639,54,-0.02,54,0.260249732303179,26045
"56",55,1.67446239898246,55,841872.674796158,55,18405651.3322969,55,17794672.0349599,55,11097515.9287217,55,4898540.7040213,55,-0.02,55,0.349880114652273,26045
"57",56,-1.32628689566541,56,779836.551017662,56,13424706.7356823,56,19066174.2871975,56,13342692.9761343,56,6362806.00098568,56,-0.02,56,0.250021625705836,26045
"58",57,-1.29778508140933,57,790318.676438998,57,9573411.77067577,57,19084159.3226051,57,15448738.0935123,57,8090070.81320665,57,-0.02,57,0.156791582211795,26045
"59",58,0.424156332245762,58,594668.112925967,58,6611060.79378409,58,18298850.96303,58,17234766.5039008,58,10051701.739285,58,-0.02,58,0.174335746002054,26045
"60",59,-0.00627788345301513,59,668900.948370532,59,4397899.3982194,59,16976396.4934454,59,18618281.4301272,59,12203802.6782078,59,-0.02,59,0.164470594433544,26045
"61",60,-1.02639475579141,60,598084.647384634,60,2900039.81443805,60,15246781.0285974,60,19554415.1492611,60,14495144.0077033,60,-0.02,60,0.0921551127174472,26045
"62",61,-2.1968025099747,61,573079.83704157,61,1966911.63330657,61,13321669.1245224,61,20036509.444473,61,16871289.7976978,61,-0.02,61,-0.0488364713164957,26045
"63",62,-1.73528379976404,62,415300.677763052,62,1389004.16421953,62,11426732.2436286,62,20101029.0682458,62,19279614.5239059,62,-0.02,62,-0.154480522101564,26045
"64",63,-0.766942563539078,63,364922.724590074,63,1007181.14961329,63,9699317.99334692,63,19815912.4951947,63,21673968.3618449,63,-0.02,63,-0.19523485426637,26045
"65",64,1.56834663761321,64,349089.565367666,64,727646.705038393,64,8193439.31082387,64,19258230.3306774,64,24017063.6534602,64,-0.02,64,-0.0899365545690477,26045
"66",65,1.20334351588144,65,258190.23088235,65,515829.372744974,65,6899223.22286956,65,18500622.5959173,65,26280704.8084679,65,-0.02,65,-0.0122909169270896,26045
"67",66,-0.514529760020966,66,232816.802883935,66,368489.993869431,66,5781219.87123637,66,17602057.656251,66,28444612.478643,66,-0.02,66,-0.0444084609168375,26045
"68",67,-0.940775167046567,67,237713.702506589,67,271660.360957371,67,4820412.341126,67,16609502.1755501,67,30494805.1223663,67,-0.02,67,-0.101254880744333,26045
"69",68,-0.320101795496467,68,175757.39997183,68,206062.175018815,68,4005721.70492935,68,15562157.1739166,68,32422438.946135,68,-0.02,68,-0.11703925423326,26045
"70",69,0.750285175141582,69,139583.597930259,69,158450.689721509,69,3322557.12568078,69,14492414.1290543,69,34222958.0555432,69,-0.02,69,-0.0660211709661859,26045
"71",70,-1.40556607984078,70,125496.594647261,70,124630.297308145,70,2750728.62497344,70,13425745.1186849,70,35895275.9590333,70,-0.02,70,-0.150486682660188,26045
"72",71,-0.499622164365978,71,101898.88494306,71,101016.902078851,71,2273395.81914302,71,12381020.0497349,71,37440947.2290431,71,-0.02,71,-0.174944683479891,26045
"73",72,0.36880925079263,72,61653.8946214308,72,83214.2390293479,72,1877367.76679217,72,11372310.7742995,72,38863487.2198788,72,-0.02,72,-0.144635936936275,26045
"74",73,-0.0547810536038291,73,68156.9731967124,73,69455.7194649226,73,1549473.46362145,73,10409603.2926916,73,40167847.5242218,73,-0.02,73,-0.14193683789466,26045
"75",74,-0.306669926887261,74,56481.7354710785,74,58929.9549246001,74,1278098.93032747,74,9499391.50490114,74,41359959.6098466,74,-0.02,74,-0.154908511028838,26045
"76",75,-0.169568919931818,75,51266.2478090887,75,50797.3606217096,75,1053759.62475278,75,8645459.82561464,75,42446363.1890107,75,-0.02,75,-0.15878972668031,26045
"77",76,-0.951320315409372,76,40633.6030208169,76,44546.1503997418,76,868384.819510957,76,7849526.67556656,76,43433922.3545226,76,-0.02,76,-0.210708241197442,26045
"78",77,-0.978778541963618,77,23710.244260941,77,39781.5032789742,77,715272.902180266,77,7111718.53676131,77,44329607.0577793,77,-0.02,77,-0.261788569975285,26045
"79",78,1.05881201666997,78,27523.9329953314,78,35863.0790450473,78,589159.852381667,78,6431026.88054132,78,45140330.1880318,78,-0.02,78,-0.184677822502115,26045
"80",79,-0.109114808435234,79,20859.4851054432,79,32533.3599495192,79,485371.206066222,79,5805641.74357534,79,45872833.6904088,79,-0.02,79,-0.183377730929644,26045
"81",80,-0.274646782534406,80,14597.57879165,80,29805.6706160159,80,399852.324587518,80,5233119.34440937,80,46533602.660387,80,-0.02,80,-0.192352785978402,26045
"82",81,-1.66241077366664,81,14481.9930229837,81,27652.8244131323,81,329313.722209677,81,4710610.34600655,81,47128803.1073705,81,-0.02,81,-0.28650189441735,26045
"83",82,0.46931056771784,82,9538.65929030461,82,25895.8478411217,82,271208.252380499,82,4235032.00034005,82,47664243.8994382,82,-0.02,82,-0.244552467978748,26045
"84",83,2.2973007174878,83,9985.69639196438,83,24265.2592459391,83,223523.923799505,83,3803231.58462571,83,48145359.2323287,83,-0.02,83,-0.0918794215519401,26045
"85",84,0.735779494252892,84,8107.54216038046,84,22748.5903929858,84,184377.696421469,84,3412048.85810651,84,48577204.8550789,84,-0.02,84,-0.0429832596496247,26045
"86",85,0.4354777005071,85,4848.48637832218,85,21420.643434455,85,152156.43386634,85,3058344.318669,85,48964458.6040301,85,-0.02,85,-0.0149975416565942,26045
"87",86,-0.258149633475888,86,5844.3242817279,86,20290.1201596671,86,125596.717940156,86,2739066.31962914,86,49311426.8422709,86,-0.02,86,-0.0311668790452572,26045
"88",87,1.3622729948343,87,4495.07232637657,87,19296.3026758146,87,103729.488893725,87,2451296.35264562,87,49622057.8557847,87,-0.02,87,0.0534169572697965,26045
"89",88,-0.997528795639807,88,3895.61055002866,88,18439.8797204325,88,85699.8702171838,88,2192280.17135109,88,49899960.0787112,88,-0.02,88,-0.0117016208483897,26045
"90",89,-0.376819518076527,89,2603.09792405948,89,17737.9004602412,89,70799.5058612596,89,1959421.29988269,89,50148421.2937957,89,-0.02,89,-0.0353524996519403,26045
"91",90,-0.955511688751488,90,2517.43667000543,90,17156.9693037482,90,58490.4679702475,90,1750303.67596733,90,50370428.8867586,90,-0.02,90,-0.0935496864344301,26045
"92",91,0.221304410701906,91,1688.24051272594,91,16664.5701137551,91,48333.2987688697,91,1562690.59896047,91,50568691.5321568,91,-0.02,91,-0.0763102593085824,26045
"93",92,-0.539048737070399,92,1739.57116707887,92,16239.6772729059,92,39955.9678030058,92,1394523.66909789,92,50745660.6858261,92,-0.02,92,-0.106818129620808,26045
"94",93,-0.325576282863763,93,1095.80863761916,93,15878.162903774,93,33040.0046029596,93,1243910.60685811,93,50903551.2256351,93,-0.02,93,-0.122668903796404,26045
"95",94,-0.890380809928055,94,962.675609618975,94,15572.5794274892,94,27326.9843919274,94,1109119.44614269,94,51044360.9900378,94,-0.02,94,-0.172589666688612,26045
"96",95,-0.0984145498201266,95,901.994594348908,95,15311.5798142033,95,22609.4844871227,95,988569.48706338,95,51169889.4486352,95,-0.02,95,-0.171219017764053,26045
"97",96,-1.62624760427222,96,602.22186665017,96,15092.6574758309,96,18708.7647677279,96,880823.200051092,96,51281755.3777053,96,-0.02,96,-0.264167910379652,26045
"98",97,1.52553064408951,97,583.433985786075,97,14899.1989408193,97,15492.7155384998,97,784574.808782214,97,51381413.2767384,97,-0.02,97,-0.158149043379872,26045
"99",98,0.447993625760142,98,469.501386099251,98,14716.6967597353,98,12849.5142038973,98,698644.907044605,98,51470168.8819917,98,-0.02,98,-0.123774510898215,26045
"100",99,1.30645276155153,99,395.924857407467,99,14546.2141540505,99,10674.7000409313,99,621965.660928373,99,51549193.4248766,99,-0.02,99,-0.0381177218764375,26045
"101",100,-2.00370256546133,100,373.147691247885,100,14398.6485673587,100,8872.89617413383,100,553571.995094441,100,51619536.460164,100,-0.02,100,-0.160843404121758,26045
"102",101,1.01450870245759,101,301.691519336508,101,14272.1750722035,101,7379.03475579868,101,492591.287698291,101,51682137.5024737,101,-0.02,101,-0.0913889014655953,26045
"103",102,1.90668247967426,102,232.49360004239,102,14149.4565517959,102,6152.6599402546,102,438240.915182195,102,51737836.9683257,102,-0.02,102,0.029716858476047,26045
"104",103,0.777990219475032,103,209.453098537892,103,14031.8159015602,103,5143.85333239987,103,389817.936247126,103,51787386.3945189,103,-0.02,103,0.0752866980481001,26045
"105",104,0.405235164311285,104,146.183459760334,104,13924.5312825743,104,4308.49869783069,104,346689.595748452,104,51831457.3742711,104,-0.02,104,0.0956386467543718,26045
"106",105,-0.212212081615419,105,143.677070902304,105,13829.7156133372,105,3613.23179169304,105,308287.45442945,105,51870649.5981655,105,-0.02,105,0.0769074266023238,26045
"107",106,-0.105702936207703,106,129.997553291054,106,13747.1972867471,106,3032.88644631013,106,274101.69914317,106,51905498.2171237,106,-0.02,106,0.0656603349378054,26045
"108",107,-0.981015144987642,107,108.421995362883,107,13676.9257037019,107,2546.60916819164,107,243675.910317448,107,51936480.5548106,107,-0.02,107,0.000963374643458281,26045
"109",108,0.18361878382165,108,82.1145689507488,108,13616.4596780903,108,2139.68833696096,108,216601.680179405,108,51964022.1718055,108,-0.02,108,0.0112685024618363,26045
"110",109,-1.87797186467586,109,68.3017420710602,109,13565.6585709562,109,1797.68906806473,109,192514.286309656,109,51988502.3660513,109,-0.02,109,-0.106109392034663,26045
"111",110,0.587862178381287,110,63.427572532589,110,13522.4233204734,110,1510.95678386341,110,171087.537995002,110,52010259.0819006,110,-0.02,110,-0.0656443106752687,26045
"112",111,-1.85018967796495,111,59.6899270949278,111,13485.4114161925,111,1270.48256565557,111,152030.754512175,111,52029593.3515059,111,-0.02,111,-0.177557227672949,26045
"113",112,0.52139888844074,112,43.0487823364967,112,13453.8097630548,112,1068.78672602296,112,135084.139792962,112,52046773.2637179,112,-0.02,112,-0.13770774388913,26045
"114",113,-0.0298613222009557,113,31.3161391341907,113,13425.1711384698,113,900.954747224909,113,120016.358870561,113,52062037.5152437,113,-0.02,113,-0.133809227602309,26045
"115",114,-0.353042860784693,114,31.9587207585355,114,13399.9318653774,114,760.462937010388,114,106620.993421178,114,52075598.6117764,114,-0.02,114,-0.150038055683939,26045
"116",115,0.116449516836786,115,23.6905934215929,115,13377.5842865406,115,642.833115814981,115,94713.8979839628,115,52087645.6846136,115,-0.02,115,-0.13651220288099,26045
"117",116,1.43876745150655,116,23.1911951729304,116,13356.6678761117,116,545.256668610114,116,84131.0470322382,116,52098347.028423,116,-0.02,116,-0.042071637797991,26045
"118",117,-1.68067835406711,117,19.2013980141342,117,13338.1700376889,117,463.121806154701,117,74726.3243665771,117,52107852.3837895,117,-0.02,117,-0.144676979364874,26045
"119",118,0.687093429866314,118,18.1318051753232,118,13322.2190678235,118,393.612001755307,118,66369.2334164343,118,52116294.935514,118,-0.02,118,-0.0962093149626924,26045
"120",119,0.0700774372519663,119,13.639053630512,119,13307.6610742798,119,335.43230386898,119,58943.7893006229,119,52123793.1173212,119,-0.02,119,-0.0881694348404236,26045
"121",120,-0.573573156264177,120,10.9658868639152,120,13294.8961476828,120,286.168980554973,120,52346.691050755,120,52130452.243821,120,-0.02,120,-0.120228752954371,26045
"122",121,0.0448185997468354,121,10.3766896755516,121,13283.7107095848,121,244.414340062842,121,46485.9337512726,121,52136365.9411991,121,-0.02,121,-0.112575659831846,26045
"123",122,-1.51601666174542,122,9.38958538242771,122,13274.1727727556,122,208.724231837641,122,41279.6698113204,122,52141617.4331841,122,-0.02,122,-0.201584427321032,26045
"124",123,0.191997794695551,123,7.28088412870677,123,13266.0007542941,123,178.28345459537,123,36655.031203508,123,52146280.6845876,123,-0.02,123,-0.180884021771707,26045
"125",124,-1.00341582107213,124,7.2152032013645,124,13258.8647242224,124,152.415198499482,124,32547.2929010528,124,52150421.4271762,124,-0.02,124,-0.234938779463479,26045
"126",125,-3.0847602909297,125,4.69351918582536,125,13253.2194981245,125,129.878107629908,125,28898.8295581695,125,52154098.0728361,125,-0.02,125,-0.414756312706009,26045
"127",126,0.696369122378242,126,4.22090805472221,126,13248.5074106451,126,110.601927263379,126,25658.3751909656,126,52157362.5154711,126,-0.02,126,-0.352544502257306,26045
"128",127,0.171560609296991,127,3.75193440192973,127,13244.1345441429,127,94.5104298201546,127,22780.4920609102,127,52160260.8629651,127,-0.02,127,-0.325742465957728,26045
"129",128,-0.0176563227464616,128,2.94117290139235,128,13240.1735781412,128,80.9623009418479,128,20224.7762059216,128,52162834.087915,128,-0.02,128,-0.311920456280377,26045
"130",129,1.44323995069976,129,2.47100406325783,129,13236.4463817561,129,69.6635553636006,129,17955.2954528706,129,52165118.59461,129,-0.02,129,-0.20864921936072,26045
"131",130,-0.0340818637450799,130,2.49625725210794,130,13232.9502948379,130,60.1984433665927,130,15940.1239430773,130,52167146.7273187,130,-0.02,130,-0.201551213562646,26045
"132",131,0.655982869693144,131,2.14761373524604,131,13229.7590768319,131,52.175296502341,131,14150.8459819166,131,52168947.2196447,131,-0.02,131,-0.152228984235981,26045
"133",132,-0.547262988879201,132,1.98841335163934,132,13226.8943408042,132,45.3076287447931,132,12562.204548513,132,52170545.5934819,132,-0.02,132,-0.179540995417117,26045
"134",133,1.27203868972975,133,1.6409941575925,133,13224.2766946963,133,39.4659384498489,133,11151.7419993292,133,52171964.5153675,133,-0.02,133,-0.0932874622351013,26045
"135",134,-1.01169265754093,134,1.39642219923482,134,13221.9197602159,134,34.441846110755,134,9899.52293625658,134,52173224.1154574,134,-0.02,134,-0.152124956158959,26045
"136",135,-0.276846826945767,135,1.10416483278559,135,13219.9001027118,135,30.025150696624,135,8787.80532051244,135,52174342.2694261,135,-0.02,135,-0.162759948706372,26045
"137",136,0.104109168878641,136,1.13421788460071,136,13218.1052991929,136,26.2063614491369,136,7800.83972469231,136,52175334.8486146,136,-0.02,136,-0.149374923386947,26045
"138",137,0.525085566830552,137,0.899277702783074,137,13216.4704023738,137,22.9357500692283,137,6924.6481254509,137,52176215.9457221,137,-0.02,137,-0.110672474072516,26045
"139",138,0.143930762006014,138,0.810544729908861,138,13214.9809535052,138,20.1257804313462,138,6146.81880695596,138,52176998.0744591,138,-0.02,138,-0.0973711732740388,26045
"140",139,-0.503309087824205,139,0.707766718609365,139,13213.6678229907,139,17.6648448470856,139,5456.32131782374,139,52177692.3460143,139,-0.02,139,-0.124647095850708,26045
"141",140,-2.20487916703701,140,0.531136865001216,140,13212.5895690133,140,15.4359581008686,140,4843.34968624069,140,52178308.6247866,140,-0.02,140,-0.255563363222592,26045
"142",141,1.01459434688428,141,0.646521314574716,141,13211.6608887611,141,13.4789681740997,141,4299.19323123144,141,52178855.6669118,141,-0.02,141,-0.181484030645347,26045
"143",142,0.758259428726046,142,0.581731458537387,142,13210.7817996111,142,11.8315493377759,142,3816.14067848782,142,52179341.2459726,142,-0.02,142,-0.126831003693993,26045
"144",143,-0.796767643486239,143,0.522625957449609,143,13209.9969345834,143,10.3962815829613,143,3387.34222617644,143,52179772.2645577,143,-0.02,143,-0.170773740783631,26045
"145",144,-1.73039472251699,144,0.312355077046997,144,13209.3480587667,144,9.0977231024645,144,3006.70353097191,144,52180154.8506872,144,-0.02,144,-0.270169230633586,26045
"146",145,1.00869344873746,145,0.29140636743216,145,13208.779944149,145,7.96311144492985,145,2668.81321068154,145,52180494.4437337,145,-0.02,145,-0.195741590721184,26045
"147",146,0.0327751449535298,146,0.274458767168772,146,13208.253723867,146,6.9957202599775,146,2368.87800685846,146,52180795.872549,146,-0.02,146,-0.185148659175921,26045
"148",147,-1.51577993618413,147,0.25523481973254,147,13207.803437192,147,6.13433740033601,147,2102.63782342913,147,52181063.424402,147,-0.02,147,-0.27060339514054,26045
"149",148,0.710542974207802,148,0.188259614005547,148,13207.4099940223,148,5.37859241393781,148,1866.30642948972,148,52181300.9049841,148,-0.02,148,-0.214547614906991,26045
"150",149,-1.73313238778956,149,0.195824697530721,149,13207.0675406301,149,4.71288180769628,149,1656.52701269468,149,52181511.6925649,149,-0.02,149,-0.31197711417132,26045
"151",150,-1.16363959541804,150,0.128877807439494,150,13206.7863886074,150,4.11265361170652,150,1470.31483614944,150,52181698.7861216,150,-0.02,150,-0.369522660305942,26045
"152",151,-0.658263303042827,151,0.138663077599766,151,13206.5468391447,151,3.58375582480645,151,1305.0219414684,151,52181864.8474636,151,-0.02,151,-0.393084791660547,26045
"153",152,1.12659748875187,152,0.132755455525255,152,13206.3273718299,152,3.13294152672178,152,1158.3002215464,152,52182012.2394651,152,-0.02,152,-0.305388938173768,26045
"154",153,1.21061737939437,153,0.0981893449229718,153,13206.1146324995,153,2.75775381527258,153,1028.06766546409,153,52182143.0599482,153,-0.02,153,-0.216786837881545,26045
"155",154,-1.14133911301895,154,0.0997134876984394,154,13205.9230417639,154,2.43098518988503,154,912.474449405796,154,52182259.1715237,154,-0.02,154,-0.277599141917699,26045
"156",155,-0.76111131114528,155,0.0823939683844698,155,13205.7609420413,155,2.13686545222148,155,809.874586974898,155,52182362.2276055,155,-0.02,155,-0.311989174858959,26045
"157",156,0.265681495927345,156,0.062555598899051,156,13205.6173965546,156,1.87942797101032,156,718.807486918588,156,52182453.6956886,156,-0.02,156,-0.281358686901062,26045
"158",157,-0.745483067577375,157,0.0667482928264593,157,13205.490112276,157,1.6538165291457,157,637.977691337236,157,52182534.8783799,157,-0.02,157,-0.314601251464213,26045
"159",158,-2.23038745742671,158,0.0656703246840818,158,13205.3855281563,158,1.44843750464391,158,566.234122257805,158,52182606.9319121,158,-0.02,158,-0.437826961040833,26045
"160",159,-0.143814336932018,159,0.0497281423989139,159,13205.2978719816,159,1.26518508987939,159,502.554494409851,159,52182670.8824485,159,-0.02,159,-0.426321269745891,26045
"161",160,2.50718328477629,160,0.0518344113870153,160,13205.2124651959,160,1.11332590801855,160,446.033410223856,160,52182727.6407987,160,-0.02,160,-0.251835510017875,26045
"162",161,0.0823999337446411,161,0.0422130757187275,161,13205.1291024439,161,0.98694042246487,161,395.868346250614,161,52182778.0156109,161,-0.02,161,-0.235445470917257,26045
"163",162,0.85904065951582,162,0.0298743417070113,162,13205.0521094779,162,0.877756163392881,162,351.34533544897,162,52182822.7247989,162,-0.02,162,-0.17194347596354,26045
"164",163,-1.46076111064827,163,0.0257490946105095,163,13204.9843641113,163,0.779840260361207,163,311.830190778292,163,52182862.4056049,163,-0.02,163,-0.254648099844522,26045
"165",164,1.81850008749126,164,0.0243036285552204,164,13204.923046733,164,0.694058270096238,164,276.759307255979,164,52182897.6235878,164,-0.02,164,-0.131020108139031,26045
"166",165,0.269979819697541,165,0.026938456298006,165,13204.8645150358,165,0.621211020190376,165,245.633554419919,165,52182928.8807196,165,-0.02,165,-0.108950420038571,26045
"167",166,-0.184738301481775,166,0.0230059323039836,166,13204.8121669968,166,0.555950231512019,166,218.009307729817,166,52182956.6225751,166,-0.02,166,-0.116008843913027,26045
"168",167,-0.0808269526059699,167,0.0205000901987422,167,13204.7658787772,167,0.49704320709584,167,193.492481418816,167,52182981.2445966,167,-0.02,167,-0.116312687650303,26045
"169",168,0.118216807361741,168,0.0170812387871135,168,13204.7245580167,168,0.444328616367287,168,171.733391830782,168,52183003.0977216,168,-0.02,168,-0.104322615781138,26045
"170",169,-0.379816146861517,169,0.0180866695335029,169,13204.6880111897,169,0.396833166976611,169,152.421755385969,169,52183022.4934003,169,-0.02,169,-0.123641178287662,26045
"171",170,0.142683713413507,170,0.0138150216314541,170,13204.6556690299,170,0.354161305418075,170,135.282133901317,170,52183039.7080358,170,-0.02,170,-0.109784317540132,26045
"172",171,-1.53758620841396,171,0.0144433041723185,171,13204.6280167945,171,0.314937741409532,171,120.070117187506,171,52183054.9869283,171,-0.02,171,-0.200259853306643,26045
"173",172,-0.39587441573565,172,0.0106544097889295,172,13204.6047598628,172,0.278880750348927,172,106.568598241689,172,52183068.5477612,172,-0.02,172,-0.21589014328914,26045
"174",173,-0.874678927027304,173,0.0102559141576527,173,13204.5847238011,173,0.246438408280126,173,94.5851268507046,173,52183080.583711,173,-0.02,173,-0.260295795644132,26045
"175",174,-0.209920806010528,174,0.00968154694685862,174,13204.5673477449,174,0.21748388050912,174,83.9489451737464,174,52183091.2662232,174,-0.02,174,-0.261526538377013,26045
"176",175,0.770973743422793,175,0.00744633374978746,175,13204.5514742393,175,0.192433337092575,175,74.508627503277,175,52183100.7474649,175,-0.02,175,-0.202185441514391,26045
"177",176,-0.591730092304369,176,0.00655473354218247,176,13204.537155003,176,0.17049756033991,176,66.1298400923166,176,52183109.1625074,176,-0.02,176,-0.229804242161612,26045
"178",177,-0.558790801524016,177,0.0067108986197631,177,13204.5247716719,177,0.150788389035055,177,58.6931991664414,177,52183116.6312408,177,-0.02,177,-0.254044018720856,26045
"179",178,0.022536418733584,178,0.00597861930475041,178,13204.5138461184,178,0.133339901921894,178,52.0927436822728,178,52183123.2600703,178,-0.02,178,-0.241239275915362,26045
"180",179,-0.298450919669772,179,0.00440167684570281,179,13204.5041229691,179,0.117963421056224,179,46.2344764564253,179,52183129.1434372,179,-0.02,179,-0.248860877656369,26045
"181",180,-0.742876527664314,180,0.00430610422375209,180,13204.4956721146,180,0.104220066418121,180,41.0349424886215,180,52183134.3651654,180,-0.02,180,-0.283527580452184,26045
"182",181,1.19915120850472,181,0.00398017175575397,181,13204.4879768299,181,0.0922990304180548,181,36.4200719463145,181,52183138.9996522,181,-0.02,181,-0.196699024252091,26045
"183",182,0.0995745296831533,182,0.00310516958436742,182,13204.4807902972,182,0.0820702197345974,182,32.3242043351263,182,52183143.1129352,182,-0.02,182,-0.181938514867958,26045
"184",183,0.143028894584733,183,0.00253893461474812,183,13204.4743108364,183,0.0730560307544883,183,28.6890003199848,183,52183146.7636328,183,-0.02,183,-0.165217165149398,26045
"185",184,-0.273934314020086,184,0.00314055596389774,184,13204.4685393315,184,0.0650329641096595,184,25.4626548590436,184,52183150.0037729,184,-0.02,184,-0.175033968731847,26045
"186",185,-1.18405094473233,185,0.00240460391117044,185,13204.463603716,185,0.0577041078899858,185,22.5991616292508,185,52183152.8795306,185,-0.02,185,-0.240517495838208,26045
"187",186,0.181399651021308,186,0.001771452723472,186,13204.4593203254,186,0.0511200825115157,186,20.0576757550708,186,52183155.4318839,186,-0.02,186,-0.218572106750904,26045
"188",187,-0.661653587240783,187,0.00154732297991937,187,13204.4555348334,187,0.0452759643451924,187,17.8019888401059,187,52183157.6972004,187,-0.02,187,-0.249705331434658,26045
"189",188,0.805882607519294,188,0.00145221740412655,188,13204.4521260727,188,0.0401553511548626,188,15.7999603809841,188,52183159.7077582,188,-0.02,188,-0.188787218466956,26045
"190",189,-0.158002528935503,189,0.00158398458533293,189,13204.4490088166,189,0.0356960567565248,189,14.0230881248114,189,52183161.492207,189,-0.02,189,-0.190302614270329,26045
"191",190,-0.917202918554873,190,0.00143007323570095,190,13204.4463091687,190,0.0316654524066208,190,12.4460491989298,190,52183163.0759762,190,-0.02,190,-0.238579508827867,26045
"192",191,1.49327992233538,191,0.00117528435655743,191,13204.4438482307,191,0.0281553389839449,191,11.0463622841004,191,52183164.4816342,191,-0.02,191,-0.135798166362428,26045
"193",192,1.04340589579493,192,0.00103333145110378,192,13204.4414670574,192,0.0252080441906489,192,9.80411221091515,192,52183165.7292127,192,-0.02,192,-0.065782455292967,26045
"194",193,0.189213779891336,193,0.00106907257016809,193,13204.439262813,193,0.0226329056995042,193,8.70161023556203,193,52183166.8364941,193,-0.02,193,-0.0518769374647687,26045
"195",194,0.1132499665387,194,0.000818332935710803,194,13204.437284305,194,0.0203201638665095,194,7.72313436274225,194,52183167.8192612,194,-0.02,194,-0.043335840738036,26045
"196",195,1.33025585021259,195,0.000747881322937417,195,13204.4354461098,195,0.0183017872683745,195,6.85473100036551,195,52183168.6915211,195,-0.02,195,0.0398663292703654,26045
"197",196,0.357088278789494,196,0.000627985612724416,196,13204.433728799,196,0.0165381185901181,196,6.08402726075006,196,52183169.4657058,196,-0.02,196,0.0589755467550443,26045
"198",197,0.899869632129489,197,0.000582173575795718,197,13204.4321498085,197,0.0149697685531997,197,5.40003111312252,197,52183170.1528493,197,-0.02,197,0.110637216804247,26045
"199",198,-0.690412866758872,198,0.000510500616558007,198,13204.4307456377,198,0.0135253088291389,198,4.79298502061599,198,52183170.7627441,198,-0.02,198,0.0616740917171861,26045
"200",199,0.402299944345503,199,0.000524274991872367,199,13204.4295173124,199,0.0121850508251832,199,4.25421795185235,199,52183171.3040797,199,-0.02,199,0.0825088596054273,26045
"201",200,0.0704575826807734,200,0.000369129147374171,200,13204.4284158814,200,0.0109725610353399,200,3.77604435869195,200,52183171.7845672,200,-0.02,200,0.0818560028586234,26045
"202",201,-0.604318377328704,201,0.000393628457297573,201,13204.4274586945,201,0.0098487833455603,201,3.35164289742961,201,52183172.2110497,201,-0.02,201,0.0396077609744124,26045
"203",202,0.361218657400234,202,0.000315672364288099,202,13204.4266190945,202,0.00882320606010372,202,2.97495824966806,202,52183172.5895995,202,-0.02,202,0.0589843938539825,26045
"204",203,-0.851961485585814,203,0.000391794867624424,203,13204.425887121,203,0.00788531179416993,203,2.64062189756372,203,52183172.9256057,203,-0.02,203,0.00257440136540716,26045
"205",204,0.660715634136935,204,0.000321594775304279,204,13204.4252432269,204,0.00703876666732513,204,2.34386718531943,204,52183173.2238508,204,-0.02,204,0.0422332725008908,26045
"206",205,-2.59800099241176,205,0.000230747756875542,205,13204.4247047677,205,0.00624859018459707,205,2.0804672426963,205,52183173.4885794,205,-0.02,205,-0.121073702217115,26045
"207",206,1.46100482411871,206,0.000229698322389705,206,13204.4242438789,206,0.00553347204151843,206,1.84666459793243,206,52183173.7235581,206,-0.02,206,-0.0260142504236488,26045
"208",207,1.02133213845443,207,0.00016945144729793,207,13204.4238010876,207,0.0049313736704893,207,1.63913770887997,207,52183173.9321298,207,-0.02,207,0.0372854962167261,26045
"209",208,-0.746132055723487,208,0.000178488465712977,208,13204.4234049721,208,0.00439548097609372,208,1.45493682671622,208,52183174.1172627,208,-0.02,208,-0.0115375645607933,26045
"210",209,-1.37118839902388,209,0.000152366881316648,209,13204.4230759924,209,0.00389587161409246,209,1.29143702717489,209,52183174.2815911,209,-0.02,209,-0.0965394969628144,26045
"211",210,-0.40571998395303,210,0.000151754482255743,210,13204.4227992768,210,0.00343988416045042,210,1.14630802405709,210,52183174.4274528,210,-0.02,210,-0.117835665732187,26045
"212",211,0.0277483196027336,211,0.0001431233687821,211,13204.4225555139,211,0.00303685867804481,211,1.01748494995938,211,52183174.5569227,211,-0.02,211,-0.111352358090918,26045
"213",212,-1.30814868506266,212,0.000100604258060435,212,13204.4223464128,212,0.00267527134322957,212,0.903135898942214,212,52183174.6718424,212,-0.02,212,-0.187597318034058,26045
"214",213,0.268015835915795,213,0.000105067018021549,213,13204.4221656777,213,0.00235387853800268,213,0.80163368369959,213,52183174.7738468,213,-0.02,213,-0.162889485929246,26045
"215",214,-0.55284129208805,214,8.37888904660909e-05,214,13204.4220054015,214,0.00207210502302732,214,0.711535736214236,214,52183174.8643868,214,-0.02,214,-0.190025705737889,26045
"216",215,1.08368783518957,215,7.02336683910555e-05,215,13204.4218597394,215,0.00182842025174984,215,0.63156132601538,215,52183174.9447505,215,-0.02,215,-0.114880275889797,26045
"217",216,1.2710536198869,216,7.29108523660181e-05,216,13204.4217198073,216,0.0016237349005464,216,0.560574901036389,216,52183175.0160816,216,-0.02,216,-0.0318410542720457,26045
"218",217,0.0101465171927859,217,5.13695575508174e-05,217,13204.421590236,217,0.00144660758472269,217,0.497568007611694,217,52183175.0793952,217,-0.02,217,-0.0306376161513038,26045
"219",218,-1.33530307003343,218,4.89145703514071e-05,218,13204.42147969,218,0.0012842397863828,218,0.441643533068728,218,52183175.1355925,218,-0.02,218,-0.112494246359212,26045
"220",219,1.60946858938791,219,4.83719174409554e-05,219,13204.4213805756,219,0.00114125589852252,219,0.392004594378509,219,52183175.1854736,219,-0.02,219,-0.00869442467121614,26045
"221",220,-0.394595755710595,220,4.42284430412872e-05,220,13204.4212890319,220,0.0010171526757016,220,0.347945592087074,220,52183175.2297482,220,-0.02,220,-0.0335885895513565,26045
"222",221,0.893737561829822,221,3.98506042370031e-05,221,13204.4212065415,221,0.000907460279889753,221,0.308839291037962,221,52183175.2690467,221,-0.02,221,0.0222091964874601,26045
"223",222,-0.497468970451412,222,3.59846873617867e-05,222,13204.421132442,222,0.000809955557884537,222,0.274129187641882,222,52183175.3039284,222,-0.02,222,-0.0105384495481572,26045
"224",223,-1.66708505201967,223,3.00070435629563e-05,223,13204.4210709463,223,0.000718665512711015,223,0.243320546131563,223,52183175.3348898,223,-0.02,223,-0.113843103844997,26045
"225",224,-0.930574899718076,224,2.09632996969913e-05,224,13204.4210204923,224,0.000633991436080631,224,0.215973939456703,224,52183175.3623716,224,-0.02,224,-0.166673896037854,26045
"226",225,1.58636988116879,225,2.36159012966703e-05,225,13204.420974551,225,0.000560697381110325,225,0.191700134895805,225,52183175.3867646,225,-0.02,225,-0.061656671167454,26045
"227",226,-0.245535419189312,226,1.91976324783175e-05,226,13204.420931846,226,0.000497680566614022,226,0.17015441678549,226,52183175.408416,226,-0.02,226,-0.0747722392350722,26045
"228",227,1.22994565258623,227,1.73177796304902e-05,227,13204.4208926909,227,0.000442930504086474,227,0.151030346616919,227,52183175.427634,227,-0.02,227,0.00377492183814043,26045
"229",228,0.610406931018309,228,1.59638785824505e-05,228,13204.4208558773,228,0.000395960810661966,228,0.134056087996814,228,52183175.4446921,228,-0.02,228,0.0402716769094758,26045
"230",229,-1.84760779894052,229,1.44494403514345e-05,229,13204.4208244451,229,0.000352561753050815,229,0.11898999598998,229,52183175.459833,229,-0.02,229,-0.0766475439852584,26045
"231",230,-1.22376238437606,230,1.41732166739052e-05,230,13204.4207990848,230,0.000311564966615791,230,0.105617063925958,230,52183175.4732723,230,-0.02,230,-0.149379249695952,26045
"232",231,0.717886391567743,231,8.87582476306987e-06,231,13204.4207768408,231,0.000275225653783265,231,0.0937467781247297,231,52183175.4852012,231,-0.02,231,-0.0987826225754939,26045
"233",232,-0.470566338453351,232,9.39090546807983e-06,232,13204.4207568372,232,0.000243422316123139,232,0.0832104116345016,232,52183175.4957893,232,-0.02,232,-0.123969792909986,26045
"234",233,1.51826106755028,233,8.31368924249596e-06,233,13204.420738423,233,0.000215981377425765,233,0.0738581258473575,233,52183175.5051875,233,-0.02,233,-0.025236934305463,26045
"235",234,0.182402750231296,234,6.70700807531327e-06,234,13204.4207211505,234,0.000192457475952425,234,0.0655570647860942,234,52183175.5135293,234,-0.02,234,-0.0137290202376832,26045
"236",235,-0.232318499243592,235,5.8398368330435e-06,235,13204.4207058408,235,0.000171415813007594,235,0.0581891081169918,235,52183175.5209336,235,-0.02,235,-0.0283666897760523,26045
"237",236,0.0844149132063138,236,5.3554546082698e-06,236,13204.4206923146,236,0.000152579642185496,236,0.0516493265752976,236,52183175.5275058,236,-0.02,236,-0.0227510484386653,26045
"238",237,0.16766105360288,237,6.04231071485428e-06,237,13204.4206802119,237,0.00013587104977547,237,0.0458446218622267,237,52183175.5333393,237,-0.02,237,-0.0122737941921761,26045
"239",238,0.235521869008247,238,4.90050463310011e-06,238,13204.4206693365,238,0.000121081510918021,238,0.0406923760838686,238,52183175.5385172,238,-0.02,238,0.00187884185319081,26045
"240",239,-0.141712084446493,239,4.18445092413749e-06,239,13204.4206596609,239,0.000107883692172539,239,0.03611925244263,239,52183175.5431132,239,-0.02,239,-0.00793048256167503,26045
"241",240,-0.277249010503431,240,3.81757144519329e-06,240,13204.4206511896,240,9.59881671183334e-05,240,0.0320601293609598,240,52183175.5471927,240,-0.02,240,-0.0256227330865704,26045
"242",241,0.196968927163304,241,3.60568609987554e-06,241,13204.4206436914,241,8.53723547702279e-05,241,0.0284572090088038,241,52183175.5508137,241,-0.02,241,-0.0131974095381898,26045
"243",242,0.68946445610259,242,2.95624704402686e-06,242,13204.4206368523,242,7.6087660882926e-05,242,0.0252592282976983,242,52183175.5540278,242,-0.02,242,0.0290041893285241,26045
"244",243,-1.14286550974476,243,2.34024795428635e-06,243,13204.4206308693,243,6.77006033056185e-05,243,0.0224206866649625,243,52183175.5568807,243,-0.02,243,-0.0438896483797162,26045
"245",244,-0.668101361900584,244,2.2715598910921e-06,244,13204.420625852,244,5.99639325312478e-05,244,0.0199011284997177,244,52183175.559413,244,-0.02,244,-0.0839400029523561,26045
"246",245,-1.25405712772229,245,2.17453809999895e-06,245,13204.4206216444,245,5.28955986097959e-05,245,0.017664666868744,245,52183175.5616608,245,-0.02,245,-0.158184947272733,26045
"247",246,-0.171995345644073,246,1.77974747091772e-06,246,13204.420618055,246,4.65538609136389e-05,246,0.0156794624672451,246,52183175.5636559,246,-0.02,246,-0.162056056429649,26045
"248",247,2.60665722748253,247,1.55002700130907e-06,247,13204.4206145963,247,4.12523994403614e-05,247,0.0139173097041903,247,52183175.5654268,247,-0.02,247,0.00567792825680784,26045
"249",248,0.877035229077047,248,1.395799387574e-06,248,13204.4206111697,248,3.6876876462551e-05,248,0.0123532239273614,248,52183175.5669987,248,-0.02,248,0.0585302894228933,26045
"250",249,-0.16566150605606,249,1.18163633567327e-06,249,13204.4206080677,249,3.2997450141117e-05,249,0.0109649695631667,249,52183175.5683939,249,-0.02,249,0.0444805910298256,26045
"251",250,-2.2158683962885,250,1.21021475734024e-06,250,13204.4206055144,250,2.93202733810282e-05,250,0.00973275844961342,250,52183175.5696324,250,-0.02,250,-0.0953620590155072,26045
"252",251,-0.779731239640366,251,8.66484034353873e-07,251,13204.4206034501,251,2.58712766879232e-05,251,0.00863900315850608,251,52183175.5707316,251,-0.02,251,-0.139788570739793,26045
"253",252,0.418195705019971,252,9.0941513038505e-07,252,13204.4206016303,252,2.28285398008913e-05,252,0.00766813334112457,252,52183175.5717074,252,-0.02,252,-0.108147736619132,26045
"254",253,-1.06330218512641,253,7.48853684187491e-07,253,13204.4206000378,253,2.01294544553074e-05,253,0.00680634893741215,253,52183175.5725734,253,-0.02,253,-0.169444299674141,26045
"255",254,-1.33673913318892,254,6.92932482593256e-07,254,13204.4205987173,254,1.76735652117012e-05,254,0.00604138520429556,254,52183175.5733422,254,-0.02,254,-0.244619839558194,26045
"256",255,1.33635717062433,255,6.54042201510797e-07,255,13204.4205975355,255,1.55405721789339e-05,255,0.00536236061140369,255,52183175.5740245,255,-0.02,255,-0.151224540167117,26045
"257",256,0.990706418517463,256,5.25711564885572e-07,256,13204.4205963987,256,1.3753032964442e-05,256,0.00475963870546156,256,52183175.5746302,256,-0.02,256,-0.0837075298847387,26045
"258",257,-2.09733631701461,257,4.53769533554137e-07,257,13204.4205954173,257,1.21458887102001e-05,257,0.00422465514579413,257,52183175.5751678,257,-0.02,257,-0.209986075607558,26045
"259",258,-0.474147252856407,258,4.21442241730045e-07,258,13204.4205946086,258,1.06754272926328e-05,258,0.00374978624742293,258,52183175.5756449,258,-0.02,258,-0.22997069784094,26045
"260",259,0.387007602976516,259,3.68014959423288e-07,259,13204.420593886,259,9.39433112722757e-06,259,0.00332827655394203,259,52183175.5760684,259,-0.02,259,-0.195855637290847,26045
"261",260,-0.745943447198829,260,4.07758607954437e-07,260,13204.4205932454,260,8.27052568268261e-06,260,0.00295413509612879,260,52183175.5764443,260,-0.02,260,-0.233296635720364,26045
"262",261,0.216083712400243,261,3.68997546330485e-07,261,13204.4205926809,261,7.28214523490519e-06,261,0.00262203956952525,261,52183175.576778,261,-0.02,261,-0.209563737149135,26045
"263",262,0.312819607408974,262,2.40782499447003e-07,262,13204.4205921666,262,6.42753879468299e-06,262,0.00232726846429165,262,52183175.5770741,262,-0.02,262,-0.181020625824507,26045
"264",263,-0.452955954890195,263,2.02986106044489e-07,263,13204.4205917081,263,5.67704450451069e-06,263,0.00206563006261873,263,52183175.577337,263,-0.02,263,-0.20111060920374,26045
"265",264,-0.667184161514726,264,2.17085254888104e-07,264,13204.4205913116,264,5.00642054944399e-06,264,0.00183340017282891,264,52183175.5775703,264,-0.02,264,-0.233436624709341,26045
"266",265,0.393386141322718,265,1.4218434892929e-07,265,13204.4205909594,265,4.41767041819981e-06,265,0.00162727305920564,265,52183175.5777773,265,-0.02,265,-0.198759034082887,26045
"267",266,-0.163116904892658,266,1.47678414852991e-07,266,13204.4205906415,266,3.90443143204721e-06,266,0.00144431681807131,266,52183175.5779611,266,-0.02,266,-0.200103606809566,26045
"268",267,0.702091129784295,267,1.45337650064328e-07,267,13204.4205903522,267,3.45863885325045e-06,267,0.0012819281815411,267,52183175.5781242,267,-0.02,267,-0.148007540291631,26045
"269",268,-0.463737870159319,268,1.11642244045681e-07,268,13204.4205900914,268,3.06746999819066e-06,268,0.00113779683357823,268,52183175.578269,268,-0.02,268,-0.170372731904522,26045
"270",269,-1.39240017142866,269,1.17034134054841e-07,269,13204.4205898712,269,2.71032507503782e-06,269,0.00100986938785644,269,52183175.5783975,269,-0.02,269,-0.248936745510828,26045
"271",270,0.720850939145885,270,9.55868519640656e-08,270,13204.4205896782,270,2.39377861596678e-06,270,0.000896322700458709,270,52183175.5785116,270,-0.02,270,-0.193301757888171,26045
"272",271,0.266469019640139,271,1.042120229086e-07,271,13204.4205894999,271,2.12126485924575e-06,271,0.000795541568472071,271,52183175.5786128,271,-0.02,271,-0.168411140750262,26045
"273",272,0.959145400689024,272,7.49733098595941e-08,272,13204.4205893342,272,1.88678410605968e-06,272,0.000706092113510687,272,52183175.5787027,272,-0.02,272,-0.102002943136382,26045
"274",273,-0.558024438665128,273,6.22608978889491e-08,273,13204.4205891844,273,1.68019186418726e-06,273,0.000626701357384042,273,52183175.5787824,273,-0.02,273,-0.132428385201101,26045
"275",274,-0.680191063982442,274,6.31420186781788e-08,274,13204.4205890558,274,1.49186193184954e-06,274,0.000556237601215671,274,52183175.5788532,274,-0.02,274,-0.168906473750584,26045
"276",275,-0.361434619775866,275,5.31968659220194e-08,275,13204.4205889446,275,1.3219968731665e-06,275,0.000493696300086434,275,52183175.578916,275,-0.02,275,-0.183941279925678,26045
"277",276,-0.684801104585743,276,3.98199192306759e-08,276,13204.4205888483,276,1.16942860433138e-06,276,0.000438186356305415,276,52183175.5789718,276,-0.02,276,-0.218191450438259,26045
"278",277,1.16342602617778,277,4.40062343160756e-08,277,13204.4205887608,277,1.03668948697248e-06,277,0.000388917179167368,277,52183175.5790213,277,-0.02,277,-0.136753277018539,26045
"279",278,-0.217861147503628,278,3.54713160086665e-08,278,13204.4205886802,278,9.2165071453267e-07,278,0.000345187927186398,278,52183175.5790652,278,-0.02,278,-0.144499102505895,26045
"280",279,-0.872085262732958,279,3.25488616470045e-08,279,13204.4205886106,279,8.17479091754965e-07,279,0.00030637564735368,279,52183175.5791042,279,-0.02,279,-0.192226532639842,26045
"281",280,-1.25268398257648,280,2.70922539028597e-08,280,13204.4205885523,280,7.21950353511677e-07,280,0.00027192695019303,280,52183175.5791388,280,-0.02,280,-0.261105570776799,26045
"282",281,-2.30571401730056,281,2.88653755237762e-08,281,13204.4205885055,281,6.33376721412861e-07,281,0.000241350618492799,281,52183175.5791695,281,-0.02,281,-0.391587223992461,26045
"283",282,1.97531073008351,282,2.48296794430412e-08,282,13204.4205884638,282,5.56397464035924e-07,282,0.000214210978371928,282,52183175.5791967,282,-0.02,282,-0.251606915126762,26045
"284",283,0.334868632458185,283,2.13032862142808e-08,283,13204.4205884234,283,4.92060766006055e-07,283,0.00019012254238555,283,52183175.5792209,283,-0.02,283,-0.219653119821886,26045
"285",284,1.4542543509652,284,1.9107740763522e-08,284,13204.4205883852,284,4.37518945267161e-07,284,0.000168742780799325,284,52183175.5792424,284,-0.02,284,-0.120202332858161,26045
"286",285,-0.267608565878179,285,1.79442587090661e-08,285,13204.4205883497,285,3.90295744380473e-07,285,0.000149767556925279,285,52183175.5792615,285,-0.02,285,-0.131824297488332,26045
"287",286,1.59578181049244,286,1.29623645497386e-08,286,13204.4205883167,286,3.49420250446434e-07,286,0.000132926526597348,286,52183175.5792784,286,-0.02,286,-0.0279260815042605,26045
"288",287,-0.338473936235628,287,1.26188897869683e-08,287,13204.4205882862,287,3.13674718429239e-07,287,0.000117979913637951,287,52183175.5792934,287,-0.02,287,-0.0484201277411133,26045
"289",288,-0.0607368119590318,288,1.05431765036265e-08,288,13204.4205882594,288,2.81032238443498e-07,288,0.000104714506423318,288,52183175.5793067,288,-0.02,288,-0.0507809423911864,26045
"290",289,-1.2038937033031,289,1.20378410967061e-08,289,13204.4205882365,289,2.50780153545388e-07,289,9.29410246711832e-05,289,52183175.5793186,289,-0.02,289,-0.123548469458513,26045
"291",290,-1.00450500581656,290,9.00156754827733e-09,290,13204.4205882175,290,2.22534084522855e-07,290,8.24913902712676e-05,290,52183175.5793291,290,-0.02,290,-0.18046670611078,26045
"292",291,-0.395137097647497,291,7.50055558028377e-09,291,13204.4205882012,291,1.9692656024507e-07,291,7.32165643640279e-05,291,52183175.5793384,291,-0.02,291,-0.197016833775179,26045
"293",292,-0.925422501047415,292,7.39040009924529e-09,292,13204.4205881872,292,1.73883148430761e-07,292,6.49844070823428e-05,292,52183175.5793466,292,-0.02,292,-0.245473341644614,26045
"294",293,0.0224685443719095,293,6.05078163120817e-09,293,13204.420588175,293,1.53399683137599e-07,293,5.76776530298292e-05,293,52183175.579354,293,-0.02,293,-0.233090782882596,26045
"295",294,1.10749528539325,294,5.96673780719017e-09,294,13204.4205881637,294,1.3585481620807e-07,294,5.11923363717589e-05,294,52183175.5793605,294,-0.02,294,-0.154376352424782,26045
"296",295,-0.013220080365012,295,4.80319302262393e-09,295,13204.4205881532,295,1.2071926462069e-07,295,4.54362331460053e-05,295,52183175.5793663,295,-0.02,295,-0.148638293090729,26045
"297",296,-0.0999851743872216,296,3.57098116713799e-09,296,13204.4205881438,296,1.07284295612725e-07,296,4.03273774682892e-05,296,52183175.5793714,296,-0.02,296,-0.148532658964171,26045
"298",297,0.207437428626802,297,3.4855716017392e-09,297,13204.4205881355,297,9.54087134094243e-08,297,3.57929907955791e-05,297,52183175.5793759,297,-0.02,297,-0.129467141274071,26045
"299",298,1.44988149019846,298,3.84268803366287e-09,298,13204.4205881276,298,8.52365384599244e-08,298,3.17685110890693e-05,298,52183175.57938,298,-0.02,298,-0.0346845399912541,26045
"300",299,-1.46296900785331,299,2.98454298451803e-09,299,13204.4205881206,299,7.61110327224194e-08,299,2.81966497592522e-05,299,52183175.5793836,299,-0.02,299,-0.124219567174049,26045
"301",300,0.750691417290449,300,2.97333821348073e-09,300,13204.4205881145,300,6.78297494996604e-08,300,2.50264415213693e-05,300,52183175.5793867,300,-0.02,300,-0.0728262357778839,26045
"302",301,-0.885954702943245,301,2.11751207697914e-09,301,13204.4205881091,301,6.04223199573779e-08,301,2.22127215658797e-05,301,52183175.5793896,301,-0.02,301,-0.124904804651522,26045
"303",302,-1.49252964895749,302,2.29804324798547e-09,302,13204.4205881046,302,5.35159890408815e-08,302,1.97153576949918e-05,302,52183175.5793921,302,-0.02,302,-0.21186334663409,26045
"304",303,1.78822264597137,303,2.02715697283748e-09,303,13204.4205881006,303,4.7475145794253e-08,303,1.7498745650733e-05,303,52183175.5793943,303,-0.02,303,-0.0921898205849511,26045
"305",304,-0.710294741035637,304,1.58075398326176e-09,304,13204.4205880968,304,4.22416587478754e-08,304,1.55313665034911e-05,304,52183175.5793963,304,-0.02,304,-0.132487476104157,26045
"306",305,0.174926242971891,305,1.58242734634961e-09,305,13204.4205880936,305,3.75436279129384e-08,305,1.37851906110437e-05,305,52183175.579398,305,-0.02,305,-0.116210120521064,26045
"307",306,-1.03420382036298,306,1.27622691420772e-09,306,13204.4205880907,306,3.33070988304558e-08,306,1.22353418077572e-05,306,52183175.5793996,306,-0.02,306,-0.175318385579554,26045
"308",307,-0.279135626578149,307,1.22644977017083e-09,307,13204.4205880883,307,2.94735250899068e-08,307,1.08597278867476e-05,307,52183175.579401,307,-0.02,307,-0.184963418095277,26045
"309",308,0.119777481480154,308,1.01998045734862e-09,308,13204.4205880861,308,2.60932870766461e-08,308,9.63875823668685e-06,308,52183175.5794022,308,-0.02,308,-0.169528931995205,26045
"310",309,-0.0651280939204009,309,1.09572062070399e-09,309,13204.4205880842,309,2.31212654465492e-08,309,8.5550540424627e-06,309,52183175.5794033,309,-0.02,309,-0.166254100805689,26045
"311",310,-0.0550023605706591,310,8.36872862329088e-10,310,13204.4205880825,310,2.0495826361845e-08,310,7.59318681584659e-06,310,52183175.5794042,310,-0.02,310,-0.162514324076872,26045
"312",311,0.499319645784552,311,6.7873111975691e-10,311,13204.4205880809,311,1.82000020556266e-08,311,6.73946261556824e-06,311,52183175.5794051,311,-0.02,311,-0.124760570375956,26045
"313",312,1.48739003059847,312,6.73658623341797e-10,312,13204.4205880794,312,1.62497851105269e-08,312,5.9817341656876e-06,312,52183175.5794059,312,-0.02,312,-0.0278935929283483,26045
"314",313,0.700858383449222,313,6.08773094069073e-10,313,13204.420588078,313,1.45874028324902e-08,313,5.30922445547671e-06,313,52183175.5794066,313,-0.02,313,0.0157276436265361,26045
"315",314,0.732243779163955,314,5.87304084514922e-10,314,13204.4205880767,314,1.31327601836964e-08,314,4.71235629077675e-06,314,52183175.5794071,314,-0.02,314,0.0591576262633044,26045
"316",315,-1.06775273431531,315,5.14148934052414e-10,315,13204.4205880755,315,1.17931128827323e-08,315,4.18262076145394e-06,315,52183175.5794077,315,-0.02,315,-0.0105730717794659,26045
"317",316,0.26112279502235,316,5.27076093936689e-10,316,13204.4205880745,316,1.05553107956936e-08,316,3.71245450239486e-06,316,52183175.5794081,316,-0.02,316,0.00507595142667028,26045
"318",317,-0.0906004220049929,317,4.04523530915995e-10,317,13204.4205880736,317,9.4440592422543e-09,317,3.29515502104133e-06,317,52183175.5794086,317,-0.02,317,-0.00173619695425827,26045
"319",318,-1.23058639235043,318,3.46347219427855e-10,318,13204.4205880729,318,8.41457601989126e-09,318,2.92477286672775e-06,318,52183175.5794089,318,-0.02,318,-0.0785423481403103,26045
"320",319,-0.645710367327466,319,3.34349090414192e-10,319,13204.4205880722,319,7.46164251532887e-09,319,2.59602406397141e-06,319,52183175.5794093,319,-0.02,319,-0.115521360350563,26045
"321",320,-0.92171603759301,320,2.61419847371947e-10,320,13204.4205880717,320,6.59490179346342e-09,320,2.30422376293384e-06,320,52183175.5794096,320,-0.02,320,-0.16772379591427,26045
"322",321,-1.16197513540875,321,2.30851386388945e-10,321,13204.4205880713,321,5.80619806436963e-09,321,2.04521543049518e-06,321,52183175.5794098,321,-0.02,321,-0.232201977975241,26045
"323",322,-0.616536493351622,322,1.82968095333072e-10,322,13204.4205880709,322,5.09857132624171e-09,322,1.81531120233307e-06,322,52183175.57941,322,-0.02,322,-0.259887172672386,26045
"324",323,-0.175511229313249,323,1.76436831657318e-10,323,13204.4205880705,323,4.47645731633119e-09,323,1.61124075926838e-06,323,52183175.5794102,323,-0.02,323,-0.259015102283114,26045
"325",324,-0.267503093294369,324,1.44513288878778e-10,324,13204.4205880702,324,3.93260297010461e-09,324,1.43010277151133e-06,324,52183175.5794104,324,-0.02,324,-0.263860581759685,26045
"326",325,1.57950057290922,325,1.2744832332055e-10,325,13204.42058807,325,3.47042401002204e-09,325,1.26932249089731e-06,325,52183175.5794106,325,-0.02,325,-0.154527277042875,26045
"327",326,-1.59135728978415,326,1.45757200211342e-10,326,13204.4205880697,326,3.0652949824994e-09,326,1.12661555245758e-06,326,52183175.5794107,326,-0.02,326,-0.246137834598671,26045
"328",327,-0.134853629846242,327,9.08345037989574e-11,327,13204.4205880695,327,2.69991267805947e-09,327,9.99949079843814e-07,327,52183175.5794109,327,-0.02,327,-0.243428142157317,26045
"329",328,-0.436955147831882,328,1.10533423657952e-10,328,13204.4205880693,328,2.37821522613406e-09,328,8.87520241212083e-07,328,52183175.579411,328,-0.02,328,-0.259487378301006,26045
"330",329,1.58443593503272,329,7.17969368557023e-11,329,13204.4205880691,329,2.10337838930596e-09,329,7.87729609677475e-07,329,52183175.5794111,329,-0.02,329,-0.150062892571972,26045
"331",330,0.927239756345992,330,8.49236724363131e-11,330,13204.420588069,330,1.87319416349707e-09,330,6.99159281834652e-07,330,52183175.5794112,330,-0.02,330,-0.0865178227741452,26045
"332",331,-1.85924182153189,331,7.33106999465238e-11,331,13204.4205880688,331,1.66436779436854e-09,331,6.20548714352886e-07,331,52183175.5794112,331,-0.02,331,-0.197971154900502,26045
"333",332,0.11158469620032,332,5.12175999701404e-11,332,13204.4205880687,332,1.47336303366073e-09,332,5.50776301512286e-07,332,52183175.5794113,332,-0.02,332,-0.182407690526557,26045
"334",333,0.464851745036528,333,5.00559694669842e-11,333,13204.4205880686,333,1.30715927053124e-09,333,4.88848433078706e-07,333,52183175.5794114,333,-0.02,333,-0.145810065851989,26045
"335",334,0.420121283830378,334,4.45291363737235e-11,334,13204.4205880685,334,1.16286205853264e-09,334,4.33883803750772e-07,334,52183175.5794114,334,-0.02,334,-0.113756770153225,26045
"336",335,-0.306097012133225,335,3.41602514616504e-11,335,13204.4205880684,335,1.03499207102475e-09,335,3.85099822457167e-07,335,52183175.5794115,335,-0.02,335,-0.128067457732743,26045
"337",336,-0.0613891881319232,336,3.46778363301458e-11,336,13204.4205880683,336,9.20519247148567e-10,336,3.41801320671858e-07,336,52183175.5794115,336,-0.02,336,-0.126584071719648,26045
"338",337,-1.24835974953723,337,3.60074435212857e-11,337,13204.4205880683,337,8.16293568853259e-10,337,3.0337123605423e-07,337,52183175.5794116,337,-0.02,337,-0.198397766547519,26045
"339",338,0.515304972472497,338,2.99515809933593e-11,338,13204.4205880682,338,7.23113692511118e-10,338,2.69261685124793e-07,338,52183175.5794116,338,-0.02,338,-0.157907814920485,26045
"340",339,-0.939702584450197,339,2.61006384213635e-11,339,13204.4205880681,339,6.40356919007847e-10,339,2.38987049840911e-07,339,52183175.5794116,339,-0.02,339,-0.20915263672196,26045
"341",340,-0.289655851945374,340,1.98228645676478e-11,340,13204.4205880681,340,5.65918077561643e-10,340,2.1211595895053e-07,340,52183175.5794117,340,-0.02,340,-0.217796550697344,26045
"342",341,-0.0119469223884761,341,2.15335420880743e-11,341,13204.4205880681,341,5.00302987497925e-10,341,1.8826575873286e-07,341,52183175.5794117,341,-0.02,341,-0.208886910188096,26045
"343",342,0.941500573591172,342,1.58648432940315e-11,342,13204.420588068,342,4.43727510648025e-10,342,1.67097020692862e-07,342,52183175.5794117,342,-0.02,342,-0.1415932031814,26045
"344",343,-0.61418183074983,343,1.72023009460266e-11,343,13204.420588068,343,3.94073384962782e-10,343,1.48308559584463e-07,343,52183175.5794117,343,-0.02,343,-0.173552179703893,26045
"345",344,-0.225870040645869,344,1.24970307289762e-11,344,13204.420588068,344,3.49445921716599e-10,344,1.31632657646496e-07,344,52183175.5794118,344,-0.02,344,-0.179997373704223,26045
"346",345,-1.27142123750162,345,1.23540912535299e-11,345,13204.4205880679,345,3.08983157862048e-10,345,1.16831682991832e-07,345,52183175.5794118,345,-0.02,345,-0.250628744433085,26045
"347",346,0.947288535402074,346,1.07185340412601e-11,346,13204.4205880679,346,2.73303715242272e-10,346,1.03694705218645e-07,346,52183175.5794118,346,-0.02,346,-0.180942202286147,26045
"348",347,-0.760958933009751,347,1.06895442380215e-11,347,13204.4205880679,347,2.42059701729313e-10,347,9.20347972766223e-08,347,52183175.5794118,347,-0.02,347,-0.220036849422131,26045
"349",348,-0.737030078874237,348,8.7433427779264e-12,348,13204.4205880679,348,2.13826005674586e-10,348,8.16858337394331e-08,348,52183175.5794118,348,-0.02,348,-0.25574864663879,26045
"350",349,-2.55916197254309,349,6.46348880335149e-12,349,13204.4205880679,349,1.87737997151599e-10,349,7.25002995779846e-08,349,52183175.5794118,349,-0.02,349,-0.402126875795635,26045
"351",350,-0.665350258646675,350,6.78862324338952e-12,350,13204.4205880678,350,1.64048753810948e-10,350,6.43472096868353e-08,350,52183175.5794118,350,-0.02,350,-0.424536078235656,26045
"352",351,0.705421129635029,351,5.57514795816745e-12,351,13204.4205880678,351,1.43690083268963e-10,351,5.71105502085564e-08,351,52183175.5794118,351,-0.02,351,-0.361288882011371,26045
"353",352,-1.18160576007143,352,5.40629579665829e-12,352,13204.4205880678,352,1.25985053948957e-10,352,5.06874384747986e-08,352,52183175.5794118,352,-0.02,352,-0.417537805490338,26045
"354",353,-0.110377749684978,353,5.00173682806822e-12,353,13204.4205880678,353,1.10395867356859e-10,353,4.49864336305455e-08,353,52183175.5794119,353,-0.02,353,-0.404958910213679,26045
"355",354,2.36328598537321,354,4.29608287774419e-12,354,13204.4205880678,354,9.74326116497659e-11,354,3.9926443672486e-08,354,52183175.5794119,354,-0.02,354,-0.240392092631473,26045
"356",355,0.423179566488624,355,3.37480606113274e-12,355,13204.4205880678,355,8.66721873974022e-11,355,3.54355777351542e-08,355,52183175.5794119,355,-0.02,355,-0.203537310355183,26045
"357",356,1.13419853274874,356,2.84721596196862e-12,356,13204.4205880678,356,7.74553883119519e-11,356,3.14499039090496e-08,356,52183175.5794119,356,-0.02,356,-0.124616884671559,26045
"358",357,-0.181512575544674,357,2.51842790150377e-12,357,13204.4205880678,357,6.93855272928669e-11,357,2.79126453424111e-08,357,52183175.5794119,357,-0.02,357,-0.130712249616714,26045
"359",358,0.00137239768660806,358,2.32422435896245e-12,358,13204.4205880678,358,6.21060368165058e-11,358,2.47733403791471e-08,358,52183175.5794119,358,-0.02,358,-0.125228085790018,26045
"360",359,1.93095651255199,359,2.41832698137698e-12,359,13204.4205880678,359,5.58751132789419e-11,359,2.19872215275614e-08,359,52183175.5794119,359,-0.02,359,-0.000974496260087269,26045
"361",360,1.15407288060718,360,1.83895245180075e-12,360,13204.4205880678,360,5.06590222548115e-11,360,1.9514619688791e-08,360,52183175.5794119,360,-0.02,360,0.0692928818694628,26045
"362",361,-1.91507887402624,361,1.79121245451474e-12,361,13204.4205880678,361,4.57164920488061e-11,361,1.73202617883555e-08,361,52183175.5794119,361,-0.02,361,-0.0532040401173995,26045
"363",362,-0.147409643884242,362,1.69978094444723e-12,362,13204.4205880678,362,4.0958535392643e-11,362,1.53727497487571e-08,362,52183175.5794119,362,-0.02,362,-0.0606784256811929,26045
"364",363,0.0158919214934011,363,1.70402144959651e-12,363,13204.4205880678,363,3.66595438950855e-11,363,1.36442823718881e-08,363,52183175.5794119,363,-0.02,363,-0.0577141358769718,26045
"365",364,1.76742916806707,364,1.51913977946148e-12,364,13204.4205880678,364,3.29558537816694e-11,364,1.21102225076967e-08,364,52183175.5794119,364,-0.02,364,0.053158685830594,26045
"366",365,-0.693889524960447,365,1.22026166777516e-12,365,13204.4205880678,365,2.9672614706528e-11,365,1.07487272944981e-08,365,52183175.5794119,365,-0.02,365,0.00678434514531053,26045
