"","time","x","S","E","I","R","Z"
"1",1,1.97436008742079,41140266.5438594,168.512687237794,203.428925248429,11055742.5145281,0
"2",2,1.97436008742079,41138206.0769348,1722.74177891992,669.334400146544,11055782.8468861,506.237832959702
"3",3,1.97436008742079,41129276.0770319,8075.49198182274,3071.76155501595,11055957.6694313,3083.48753295135
"4",4,1.97436008742079,41088012.8420251,37383.2799515769,14218.9052828301,11056765.9727405,15038.9345700243
"5",5,1.97436008742079,40897665.2560332,172483.145206409,65727.3767465863,11060505.2220138,70286.655307056
"6",6,1.97436008742079,40032286.2064567,784736.775158203,301630.613317551,11077727.4050676,323412.074931802
"7",7,1.97436008742079,36347719.9070133,3353269.44743918,1339910.89459998,11155480.7509476,1439445.70209428
"8",8,1.97436008742079,24334380.8117142,11160971.8085106,5222438.83681922,11478589.5429561,5645082.43632198
"9",9,1.97436008742079,6733060.01623373,18872046.9221872,14078017.4556642,12513256.605915,15535328.1181259
"10",10,1.97436008742079,504578.874163853,14287354.5297898,22804675.508408,14599772.0876384,26348501.6525931
"11",11,1.97436008742079,15629.0270200096,7960175.49500468,26822800.5525807,17397775.9253947,33164630.534522
"12",12,1.97436008742079,358.803941030787,4270382.83842117,27488670.0460223,20436969.3116156,36869693.4141845
"13",13,1.97436008742079,8.56468816929293,2285991.22133177,26465609.6376645,23444771.5763156,38854435.2705268
"14",14,1.97436008742079,0.249994215740214,1223608.17576122,24682190.8416006,26290581.732644,39916826.6307913
"15",15,1.97436008742079,0.00954988096469665,654950.413125837,22621708.6566949,28919721.9206295,40485484.633871
"16",16,1.97436008742079,0.000486783256148119,350569.701280715,20529220.1554292,31316591.1428034,40789865.3547792
"17",17,1.97436008742079,3.29402966519927e-05,187646.267378008,18523666.2498349,33485068.4827542,40952788.7891358
"18",18,1.97436008742079,2.94453679654531e-06,100439.765049021,16657767.2052186,35438174.0297295,41039995.2914948
"19",19,1.97436008742079,3.18848742471188e-07,53761.5667210623,14949949.7500592,37192669.6832195,41086673.4898254
"20",20,1.97436008742079,6.13583790625055e-08,28776.4759005824,13401314.089622,38766290.4344775,41111658.5806461
"21",21,1.97436008742079,1.30484826411545e-08,15402.9361623871,12004607.4028652,40176370.6609725,41125032.1203843
"22",22,1.97436008742079,1.88099064607118e-08,8244.59319672535,10748930.7730564,41439205.633747,41132190.46335
"23",23,1.97436008742079,5.39951841732281e-09,4413.00995364293,9622171.43504758,42569796.5549989,41136022.0465931
"24",24,1.97436008742079,-4.82577938073303e-10,2362.1125411183,8612227.23215922,43581791.6552998,41138072.9440056
"25",25,1.97436008742079,-4.74843611565534e-10,1264.34650959289,7707592.54370075,44487524.1097898,41139170.7100371
"26",26,1.97436008742079,-1.32930806864905e-09,676.755377553561,6897609.77635526,45298094.4682673,41139758.3011692
"27",27,1.97436008742079,-6.21853791769914e-10,362.240813271369,6172548.38185555,46023470.3773313,41140072.8157335
"28",28,1.97436008742079,-2.07254657154474e-10,193.893411503418,5523597.39390827,46672589.7126803,41140241.1631352
"29",29,1.97436008742079,-1.05168972541371e-10,103.783593971599,4942816.91270933,47253460.3036968,41140331.2729528
"30",30,1.97436008742079,-3.68894546944915e-11,55.5513142278473,4423072.29643286,47773253.152253,41140379.5052325
"31",31,1.97436008742079,1.15069446261171e-12,29.7344526800974,3957963.28591136,48238387.9796361,41140405.3220941
"32",32,1.97436008742079,6.25077902797156e-12,15.915693859066,3541754.16633645,48654610.9179698,41140419.1408529
"33",33,1.97436008742079,3.92212018005978e-12,8.51905147504671,3169307.83883886,49027064.6421098,41140426.5374953
"34",34,1.97436008742079,2.57682936798046e-12,4.55991667882449,2836024.98685718,49360351.4532262,41140430.49663
"35",35,1.97436008742079,1.77474932638848e-12,2.44074581301755,2537788.65585731,49658589.903397,41140432.6158009
"36",36,1.97436008742079,1.26654604814995e-12,1.306436110035,2270914.13441118,49925465.5591528,41140433.7501106
"37",37,1.97436008742079,9.40272757822359e-13,0.699284306197748,2032103.82390443,50164276.4768113,41140434.3572624
"38",38,1.97436008742079,7.21106818516509e-13,0.374299655679044,1818406.70328168,50377973.9224188,41140434.6822471
"39",39,1.97436008742079,5.68686121932787e-13,0.200348039052548,1627181.97573607,50569198.823916,41140434.8561987
"40",40,1.97436008742079,4.59820410336731e-13,0.107238414076696,1456066.4951,50740314.3976617,41140434.9493083
"41",41,1.97436008742079,3.80196658064989e-13,0.057400527195029,1302945.59459217,50893435.3480074,41140434.9991462
"42",42,1.97436008742079,3.20709963349981e-13,0.0307242590881895,1165926.97079911,51030453.9984767,41140435.0258225
"43",43,1.97436008742079,2.75414976947828e-13,0.0164454947454901,1043317.30742793,51153063.6761267,41140435.0401012
"44",44,1.97436008742079,2.40334655480671e-13,0.00880263105950371,933601.353779643,51262779.6374178,41140435.0477441
"45",45,1.97436008742079,2.12749093909675e-13,0.0047116874370289,835423.201433011,51360957.7938554,41140435.051835
"46",46,1.97436008742079,1.90759955481341e-13,0.0025220498055202,747569.529377445,51448811.4681006,41140435.0540247
"47",47,1.97436008742079,1.73017221388779e-13,0.00134996474774641,668954.608891752,51527426.3897584,41140435.0551968
"48",48,1.97436008742079,1.58544078577537e-13,0.000722588688910641,598606.885985322,51597774.1132922,41140435.0558241
"49",49,1.97436008742079,1.46622332549789e-13,0.000386674997384919,535656.958220225,51660724.0413932,41140435.0561601
"50",50,1.97436008742079,1.36716284410317e-13,0.000206972413927487,479326.879734262,51717054.1200588,41140435.0563398
"51",51,1.97436008742079,1.28420741908485e-13,0.000110784807163902,428920.511332198,51767460.4885571,41140435.0564359
"52",52,1.97436008742079,1.21425129379505e-13,5.9321054465791e-05,383814.88101874,51812566.118922,41140435.0564874
"53",53,1.97436008742079,1.1548893865717e-13,3.180491104621e-05,343452.608979988,51852928.3909883,41140435.0565149
"54",54,1.97436008742079,1.10423464003262e-13,1.7037631560822e-05,307334.858972764,51889046.1410103,41140435.0565297
"55",55,1.97436008742079,1.06079337502887e-13,9.13499179663608e-06,275015.278300258,51921365.7216907,41140435.0565376
"56",56,1.97436008742079,1.02337149717958e-13,4.89402729248941e-06,246094.45797418,51950286.542021,41140435.0565418
"57",57,1.97436008742079,9.91005486499994e-14,2.6236336051108e-06,220214.966101158,51976166.0338963,41140435.0565441
"58",58,1.97436008742079,9.62911993509678e-14,1.40568545397793e-06,197056.987483607,51999324.0125151,41140435.0565453
"59",59,1.97436008742079,9.38448792340125e-14,7.56277461796853e-07,176334.323234184,52020046.6767652,41140435.056546
"60",60,1.97436008742079,9.17086201518335e-14,4.11221482378645e-07,157790.940857764,52038590.0591419,41140435.0565463
"61",61,1.97436008742079,8.98382310288815e-14,2.08280799241882e-07,141197.542601558,52055183.4573983,41140435.0565465
"62",62,1.97436008742079,8.81968930544508e-14,1.04880898491087e-07,126349.115858034,52070031.884142,41140435.0565466
"63",63,1.97436008742079,8.67535979874757e-14,6.29119773727331e-08,113062.161680727,52083318.8383193,41140435.0565467
"64",64,1.97436008742079,8.54821148146963e-14,2.74913978950076e-08,101172.470514459,52095208.5294856,41140435.0565467
"65",65,1.97436008742079,8.43601443869883e-14,1.23266318642867e-08,90533.1036372326,52105847.8963629,41140435.0565467
"66",66,1.97436008742079,8.33686496931887e-14,1.28438669571472e-08,81012.5779400775,52115368.42206,41140435.0565467
"67",67,1.97436008742079,8.24913058399956e-14,-1.38183572309252e-09,72493.238864576,52123887.7611355,41140435.0565467
"68",68,1.97436008742079,8.17140553912479e-14,3.89097838360224e-09,64869.8001972,52131511.1998029,41140435.0565467
"69",69,1.97436008742079,8.10247519576272e-14,1.31205714688003e-08,58048.0475162521,52138332.9524838,41140435.0565467
"70",70,1.97436008742079,8.04128671924439e-14,-9.14741083457855e-09,51943.6749400119,52144437.3250601,41140435.0565467
"71",71,1.97436008742079,7.98692472807919e-14,2.19581630503967e-09,46481.242534989,52149899.7574651,41140435.0565467
"72",72,1.97436008742079,7.93859113329689e-14,1.40950986908767e-09,41593.2433635958,52154787.7566365,41140435.0565467
"73",73,1.97436008742079,7.89558835946163e-14,3.19604763729123e-09,37219.2695528929,52159161.7304472,41140435.0565467
"74",74,1.97436008742079,7.85730530992266e-14,6.12756623419669e-10,33305.2657927993,52163075.7342073,41140435.0565467
"75",75,1.97436008742079,7.82320551888608e-14,1.82223131615629e-09,29802.8607714899,52166578.1392286,41140435.0565467
"76",76,1.97436008742079,7.79281712914868e-14,-9.17048237749174e-10,26668.768740894,52169712.2312592,41140435.0565467
"77",77,1.97436008742079,7.76572448154993e-14,-1.82647949921976e-10,23864.2594487912,52172516.7405513,41140435.0565467
"78",78,1.97436008742079,7.74156079411553e-14,-2.98451413371159e-10,21354.6753119224,52175026.3246882,41140435.0565467
"79",79,1.97436008742079,7.7200019249272e-14,-1.18605787339697e-10,19109.0006429478,52177271.9993571,41140435.0565467
"80",80,1.97436008742079,7.7007611071094e-14,-5.97579467133403e-11,17099.4827831428,52179281.517217,41140435.0565467
"81",81,1.97436008742079,7.68358433556875e-14,-4.59076619160243e-11,15301.2879513461,52181079.7120487,41140435.0565467
"82",82,1.97436008742079,7.66824636595097e-14,-1.33442065104899e-11,13692.1922377581,52182688.8077623,41140435.0565467
"83",83,1.97436008742079,7.65454734589565e-14,-4.44724891901397e-11,12252.3132143649,52184128.6867857,41140435.0565467
"84",84,1.97436008742079,7.64230968941291e-14,-2.14459321565521e-11,10963.854018512,52185417.1459816,41140435.0565467
"85",85,1.97436008742079,7.63137551432747e-14,-1.40283513435196e-11,9810.88789307402,52186570.112107,41140435.0565467
"86",86,1.97436008742079,7.62160444806968e-14,-4.12521373293464e-11,8779.16854294783,52187601.8314571,41140435.0565467
"87",87,1.97436008742079,7.61287152036618e-14,-7.7968031544861e-12,7855.94548511413,52188525.054515,41140435.0565467
"88",88,1.97436008742079,7.60506543453158e-14,4.0608262286603e-12,7029.80900843094,52189351.1909917,41140435.0565467
"89",89,1.97436008742079,7.598087024996e-14,-1.99777469514062e-11,6290.54937685685,52190090.4506232,41140435.0565467
"90",90,1.97436008742079,7.59184789817846e-14,2.49286415570904e-11,5629.03076262223,52190751.9692375,41140435.0565467
"91",91,1.97436008742079,7.58626922693384e-14,4.69075302454558e-12,5037.07799565669,52191343.9220044,41140435.0565467
"92",92,1.97436008742079,7.58128068850895e-14,-4.25068770671871e-11,4507.37542004632,52191873.62458,41140435.0565467
"93",93,1.97436008742079,7.57681952930275e-14,3.70311740548211e-11,4033.37672928916,52192347.6232708,41140435.0565467
"94",94,1.97436008742079,7.57282973427831e-14,-1.24121514048758e-13,3609.2240662388,52192771.7759338,41140435.0565467
"95",95,1.97436008742079,7.56926129001624e-14,-5.76836166477942e-11,3229.67558694253,52193151.3244131,41140435.0565467
"96",96,1.97436008742079,7.56606953139624e-14,7.09999836780882e-11,2890.0406864031,52193490.9593137,41140435.0565467
"97",97,1.97436008742079,7.56321456134588e-14,-1.27211508535542e-11,2586.12202516773,52193794.8779749,41140435.0565467
"98",98,1.97436008742079,7.56066073523261e-14,-8.19793284738816e-11,2314.16365876339,52194066.8363413,41140435.0565467
"99",99,1.97436008742079,7.55837620231436e-14,1.21962804434996e-10,2070.80462078432,52194310.1953793,41140435.0565467
"100",100,1.97436008742079,7.55633249767726e-14,-4.37670978629480e-11,1853.0373861804,52194527.9626139,41140435.0565467
"101",101,1.97436008742079,7.55450417891205e-14,-1.11877847258294e-10,1658.17070336765,52194722.8292967,41140435.0565467
"102",102,1.97436008742079,7.55286850244899e-14,2.03373433970016e-10,1483.79633461091,52194897.2036655,41140435.0565467
"103",103,1.97436008742079,7.55140513509334e-14,-1.06551691138587e-10,1327.75929410119,52195053.240706,41140435.0565467
"104",104,1.97436008742079,7.55009589682614e-14,-1.43281498161535e-10,1188.13121582159,52195192.8687843,41140435.0565467
"105",105,1.97436008742079,7.54892453139574e-14,3.29983800878122e-10,1063.18652204521,52195317.8134781,41140435.0565467
"106",106,1.97436008742079,7.54787650162948e-14,-2.25461979100667e-10,951.381097986072,52195429.6189021,41140435.0565467
"107",107,1.97436008742079,7.54693880674632e-14,-1.65149202302551e-10,851.333209024754,52195529.6667911,41140435.0565467
"108",108,1.97436008742079,7.54609981926214e-14,5.215291259653e-10,761.806424703866,52195619.1935754,41140435.0565467
"109",109,1.97436008742079,7.54534913935078e-14,-4.40631342430575e-10,681.694338444143,52195699.3056617,41140435.0565467
"110",110,1.97436008742079,7.54467746476461e-14,-1.53075433724075e-10,610.006894135167,52195770.993106,41140435.0565467
"111",111,1.97436008742079,7.54407647462944e-14,8.01991421509384e-10,545.858150650201,52195835.1418495,41140435.0565467
"112",112,1.97436008742079,7.54353872561591e-14,-8.16336420893262e-10,488.455333042509,52195892.5446671,41140435.0565467
"113",113,1.97436008742079,7.54305755915452e-14,-5.77444156795274e-11,437.089035113087,52195943.910965,41140435.0565467
"114",114,1.97436008742079,7.54262701850819e-14,1.19663456496082e-09,391.124452313184,52195989.8755478,41140435.0565467
"115",115,1.97436008742079,7.54224177464549e-14,-1.45273993002236e-09,349.99353657921,52196031.0064635,41140435.0565467
"116",116,1.97436008742079,7.54189705997331e-14,2.14349631231224e-10,313.187976156864,52196067.8120239,41140435.0565467
"117",117,1.97436008742079,7.54158860908952e-14,1.72348833709644e-09,280.252913719047,52196100.7470864,41140435.0565467
"118",118,1.97436008742079,7.5413126058073e-14,-2.50152486860417e-09,250.781325049143,52196130.2186751,41140435.0565467
"119",119,1.97436008742079,7.54106563578314e-14,8.32623412164687e-10,224.408988854161,52196156.5910112,41140435.0565467
"120",120,1.97436008742079,7.5408446441531e-14,2.37424216715043e-09,200.809985627997,52196180.1900145,41140435.0565467
"121",121,1.97436008742079,7.54064689764496e-14,-4.18504736384731e-09,179.692669780899,52196201.3073303,41140435.0565467
"122",122,1.97436008742079,7.54046995069148e-14,2.09466231345661e-09,160.796065334478,52196220.2039348,41140435.0565467
"123",123,1.97436008742079,7.54031161512149e-14,4.03033732947408e-09,143.886640809209,52196237.1133593,41140435.0565467
"124",124,1.97436008742079,7.54016993305981e-14,-3.52440997526523e-09,128.75542429878,52196252.2445758,41140435.0565467
"125",125,1.97436008742079,7.54004315265214e-14,1.68159695960755e-09,115.215418391689,52196265.7845817,41140435.0565467
"126",126,1.97436008742079,7.53992970636451e-14,-7.11894563009353e-10,103.099288605718,52196277.9007115,41140435.0565467
"127",127,1.97436008742079,7.53982819153356e-14,-3.04119534871005e-09,92.2572908300256,52196288.7427093,41140435.0565467
"128",128,1.97436008742079,7.53973735337067e-14,2.1966333504894e-09,82.5554599039324,52196298.4445402,41140435.0565467
"129",129,1.97436008742079,7.53965606861854e-14,2.18213535200437e-10,73.8738673263888,52196307.1261328,41140435.0565467
"130",130,1.97436008742079,7.53958333252431e-14,4.18993673083522e-10,66.1052321450878,52196314.894768,41140435.0565467
"131",131,1.97436008742079,7.53951824602977e-14,1.22486881678234e-10,59.1535548743609,52196321.8464452,41140435.0565467
"132",132,1.97436008742079,7.53946000454107e-14,9.60604208685484e-11,52.9329195894206,52196328.0670805,41140435.0565467
"133",133,1.97436008742079,7.53940788825792e-14,3.37108671276081e-10,47.3664622280493,52196333.6335379,41140435.0565467
"134",134,1.97436008742079,7.53936125291036e-14,-1.44992356143817e-10,42.385382256642,52196338.6146178,41140435.0565467
"135",135,1.97436008742079,7.53931952193203e-14,-2.0198966412457e-10,37.9281074863897,52196343.0718926,41140435.0565467
"136",136,1.97436008742079,7.53928217961013e-14,1.88740397571992e-10,33.9395630346195,52196347.0604371,41140435.0565467
"137",137,1.97436008742079,7.53924876438852e-14,-1.15112444655142e-10,30.3704565786699,52196350.6295435,41140435.0565467
"138",138,1.97436008742079,7.53921886325332e-14,-1.15199890658392e-10,27.1766790835735,52196353.823321,41140435.0565467
"139",139,1.97436008742079,7.53919210663404e-14,1.96307524397474e-10,24.3187605124272,52196356.6812396,41140435.0565467
"140",140,1.97436008742079,7.5391681638384e-14,-3.39533785041746e-10,21.7613824815554,52196359.2386176,41140435.0565467
"141",141,1.97436008742079,7.53914673895154e-14,-4.7347459504317e-11,19.4729404506227,52196361.5270597,41140435.0565467
"142",142,1.97436008742079,7.53912756717329e-14,4.58913759390809e-10,17.4251526810189,52196363.5748474,41140435.0565467
"143",143,1.97436008742079,7.53911041155368e-14,-4.82406228954819e-10,15.5927116742725,52196365.4072884,41140435.0565467
"144",144,1.97436008742079,7.5390950600639e-14,5.23299841517641e-11,13.9529714202063,52196367.0470287,41140435.0565467
"145",145,1.97436008742079,7.53908132297376e-14,6.40211093061632e-10,12.4856673710232,52196368.5143327,41140435.0565467
"146",146,1.97436008742079,7.53906903050669e-14,-8.73701589146743e-10,11.1726660258563,52196369.8273341,41140435.0565467
"147",147,1.97436008742079,7.53905803074088e-14,2.43676645883876e-10,9.99774080055949,52196371.0022593,41140435.0565467
"148",148,1.97436008742079,7.5390481877316e-14,8.92441933535808e-10,8.94637151808828,52196372.0536286,41140435.0565467
"149",149,1.97436008742079,7.53903937983082e-14,-1.47491685043557e-09,8.0055649543873,52196372.9944352,41140435.0565467
"150",150,1.97436008742079,7.53903149818365e-14,6.6340095769036e-10,7.16369424912775,52196373.8363059,41140435.0565467
"151",151,1.97436008742079,7.53902444538289e-14,1.17936325880578e-09,6.4103552462112,52196374.5896449,41140435.0565467
"152",152,1.97436008742079,7.53901813426506e-14,-2.8052366087299e-09,5.73623789088948,52196375.2637622,41140435.0565467
"153",153,1.97436008742079,7.53901248683367e-14,9.51710403903866e-10,5.13301122421298,52196375.8669889,41140435.0565467
"154",154,1.97436008742079,7.5390074332946e-14,3.81906044422097e-09,4.59322039146349,52196376.4067797,41140435.0565467
"155",155,1.97436008742079,7.53900291119219e-14,-6.63393183724434e-10,4.11019435580937,52196376.8898058,41140435.0565467
"156",156,1.97436008742079,7.53899886463926e-14,6.89705095680367e-10,3.67796364238378,52196377.3220365,41140435.0565467
"157",157,1.97436008742079,7.53899524362618e-14,2.62350571769571e-09,3.29118657615049,52196377.7088135,41140435.0565467
"158",158,1.97436008742079,7.53899200340221e-14,-1.17765189861279e-09,2.94508319532046,52196378.0549169,41140435.0565467
"159",159,1.97436008742079,7.53898910392093e-14,1.14248407266668e-10,2.63537599423218,52196378.3646241,41140435.0565467
"160",160,1.97436008742079,7.5389865093516e-14,-1.77093294599771e-10,2.35823776946709,52196378.6417624,41140435.0565467
"161",161,1.97436008742079,7.53898418762963e-14,-4.98058327423962e-11,2.11024358119627,52196378.8897565,41140435.0565467
"162",162,1.97436008742079,7.53898211006301e-14,8.32470705701931e-11,1.88832872430775,52196379.1116714,41140435.0565467
"163",163,1.97436008742079,7.53898025098249e-14,-3.32264174703559e-10,1.68975136468901,52196379.3102488,41140435.0565467
"164",164,1.97436008742079,7.53897858739982e-14,-4.65701097516261e-10,1.51205603143611,52196379.4879441,41140435.0565467
"165",165,1.97436008742079,7.53897709876054e-14,-4.36937634404027e-10,1.35304721745411,52196379.6469529,41140435.0565467
"166",166,1.97436008742079,7.53897576666804e-14,-3.92731524211496e-10,1.21075990011615,52196379.7892402,41140435.0565467
"167",167,1.97436008742079,7.53897457465933e-14,-1.6421153658165e-10,1.08343559675816,52196379.9165645,41140435.0565467
"168",168,1.97436008742079,7.53897350800284e-14,-6.16719958975751e-11,0.969500762695572,52196380.0304993,41140435.0565467
"169",169,1.97436008742079,7.5389725535166e-14,-8.5306203935075e-11,0.867547371865879,52196380.1324527,41140435.0565467
"170",170,1.97436008742079,7.53897169940504e-14,3.96817215279994e-11,0.776315485464779,52196380.2236846,41140435.0565467
"171",171,1.97436008742079,7.53897093511261e-14,-3.44753590191729e-11,0.69467761705111,52196380.3053225,41140435.0565467
"172",172,1.97436008742079,7.53897025119376e-14,-1.23586661812991e-10,0.621624842588823,52196380.3783753,41140435.0565467
"173",173,1.97436008742079,7.53896963919634e-14,9.89663353650516e-11,0.556254347679565,52196380.4437458,41140435.0565467
"174",174,1.97436008742079,7.53896909155703e-14,-3.05264234343325e-11,0.497758258968869,52196380.5022419,41140435.0565467
"175",175,1.97436008742079,7.53896860150788e-14,-1.35715142879245e-10,0.445413659049765,52196380.5545865,41140435.0565467
"176",176,1.97436008742079,7.53896816299266e-14,1.98854588864129e-10,0.398573652717744,52196380.6014265,41140435.0565467
"177",177,1.97436008742079,7.53896777059202e-14,-7.58110685692716e-11,0.356659374258894,52196380.6433408,41140435.0565467
"178",178,1.97436008742079,7.53896741945652e-14,-1.81322979643243e-10,0.319152829914977,52196380.6808473,41140435.0565467
"179",179,1.97436008742079,7.53896710524668e-14,3.3302120213562e-10,0.285590498763773,52196380.7144096,41140435.0565467
"180",180,1.97436008742079,7.53896682407938e-14,-1.79038825195784e-10,0.255557606563098,52196380.7444425,41140435.0565467
"181",181,1.97436008742079,7.53896657247983e-14,-2.29693331671746e-10,0.22868299341599,52196380.7713171,41140435.0565467
"182",182,1.97436008742079,7.53896634733867e-14,5.28768541088177e-10,0.204634531793945,52196380.7953656,41140435.0565467
"183",183,1.97436008742079,7.53896614587356e-14,-1.92521855826853e-10,0.183115029671245,52196380.8168851,41140435.0565467
"184",184,1.97436008742079,7.53896596559469e-14,-4.60140071856709e-10,0.163858534662552,52196380.8361416,41140435.0565467
"185",185,1.97436008742079,7.53896580427405e-14,3.50613266229868e-10,0.1466270636886,52196380.8533731,41140435.0565467
"186",186,1.97436008742079,7.53896565991801e-14,-1.3053843231714e-10,0.131207666869753,52196380.8687925,41140435.0565467
"187",187,1.97436008742079,7.53896553074254e-14,-3.76492603387724e-10,0.117409783610634,52196380.8825903,41140435.0565467
"188",188,1.97436008742079,7.53896541515118e-14,7.71098106151e-11,0.105062887134562,52196380.8949372,41140435.0565467
"189",189,1.97436008742079,7.53896531171541e-14,-8.01145576995058e-11,0.0940143900857514,52196380.9059857,41140435.0565467
"190",190,1.97436008742079,7.53896521915705e-14,1.36239527411227e-11,0.0841277642902854,52196380.9158723,41140435.0565467
"191",191,1.97436008742079,7.53896513633218e-14,-1.72099365784255e-11,0.0752808209799002,52196380.9247193,41140435.0565467
"192",192,1.97436008742079,7.53896506221731e-14,-1.26810571186463e-11,0.0673642368950963,52196380.9326359,41140435.0565467
"193",193,1.97436008742079,7.53896499589659e-14,6.77868571198887e-11,0.0602801859931601,52196380.9397199,41140435.0565467
"194",194,1.97436008742079,7.53896493655005e-14,9.17352510467697e-11,0.0539410820150747,52196380.946059,41140435.0565467
"195",195,1.97436008742079,7.53896488344443e-14,5.3635958128285e-11,0.0482686025460202,52196380.9517315,41140435.0565467
"196",196,1.97436008742079,7.53896483592344e-14,4.76214817961207e-11,0.0431926451334932,52196380.9568075,41140435.0565467
"197",197,1.97436008742079,7.53896479339978e-14,3.16493370543539e-11,0.0386504783446599,52196380.9613497,41140435.0565467
"198",198,1.97436008742079,7.53896475534794e-14,-2.65315068076238e-12,0.0345859689716261,52196380.9654142,41140435.0565467
"199",199,1.97436008742079,7.53896472129766e-14,8.6653135196893e-12,0.0309488859706872,52196380.9690513,41140435.0565467
"200",200,1.97436008742079,7.53896469082813e-14,1.22566898600734e-11,0.0276942809835185,52196380.9723059,41140435.0565467
"201",201,1.97436008742079,7.53896466356279e-14,-1.03545177192933e-11,0.0247819324112709,52196380.9752182,41140435.0565467
"202",202,1.97436008742079,7.53896463916469e-14,3.175393992299e-12,0.0221758482654426,52196380.9778243,41140435.0565467
"203",203,1.97436008742079,7.53896461733231e-14,9.95094366146358e-12,0.019843821630286,52196380.9801563,41140435.0565467
"204",204,1.97436008742079,7.53896459779585e-14,-1.05006799765749e-11,0.0177570324651487,52196380.9822431,41140435.0565467
"205",205,1.97436008742079,7.53896458031384e-14,1.20519749907374e-12,0.0158896913692428,52196380.9841105,41140435.0565467
"206",206,1.97436008742079,7.53896456467026e-14,9.33304344147749e-12,0.0142187210803705,52196380.9857814,41140435.0565467
"207",207,1.97436008742079,7.53896455067177e-14,-9.55334804491979e-12,0.0127234711456619,52196380.9872767,41140435.0565467
"208",208,1.97436008742079,7.53896453814537e-14,1.06961582044291e-13,0.011385462634274,52196380.9886147,41140435.0565467
"209",209,1.97436008742079,7.53896452693625e-14,9.04132497905386e-12,0.010188159967816,52196380.989812,41140435.0565467
"210",210,1.97436008742079,7.53896451690589e-14,-8.44240134230863e-12,0.00911676645945976,52196380.9908834,41140435.0565467
"211",211,1.97436008742079,7.53896450793033e-14,-7.48029031330912e-13,0.00815804136087708,52196380.9918421,41140435.0565467
"212",212,1.97436008742079,7.53896449989864e-14,8.72316601240288e-12,0.00730013641405875,52196380.9927,41140435.0565467
"213",213,1.97436008742079,7.53896449271157e-14,-7.36572186218786e-12,0.0065324493392934,52196380.9934677,41140435.0565467
"214",214,1.97436008742079,7.5389644862803e-14,-1.45990280970999e-12,0.00584549271191159,52196380.9941547,41140435.0565467
"215",215,1.97436008742079,7.53896448052535e-14,8.35103980079477e-12,0.00523077688474819,52196380.9947694,41140435.0565467
"216",216,1.97436008742079,7.53896447537559e-14,-6.34927841353491e-12,0.00468070500232876,52196380.9953194,41140435.0565467
"217",217,1.97436008742079,7.53896447076738e-14,-2.05040701055413e-12,0.00418847901559724,52196380.9958117,41140435.0565467
"218",218,1.97436008742079,7.53896446664377e-14,7.93134906411481e-12,0.00374801582630643,52196380.9962521,41140435.0565467
"219",219,1.97436008742079,7.53896446295381e-14,-5.40012665110815e-12,0.00335387205955032,52196380.9966463,41140435.0565467
"220",220,1.97436008742079,7.53896445965189e-14,-2.5313999330209e-12,0.00300117668965444,52196380.996999,41140435.0565467
"221",221,1.97436008742079,7.53896445669719e-14,7.47513568912485e-12,0.00268557098519731,52196380.9973146,41140435.0565467
"222",222,1.97436008742079,7.53896445405322e-14,-4.52063898114412e-12,0.00240315460736654,52196380.997597,41140435.0565467
"223",223,1.97436008742079,7.53896445168728e-14,-2.91287215460367e-12,0.00215043730449782,52196380.9978497,41140435.0565467
"224",224,1.97436008742079,7.53896444957015e-14,6.99305266871018e-12,0.00192429590726487,52196380.9980758,41140435.0565467
"225",225,1.97436008742079,7.53896444767566e-14,-3.71164270300597e-12,0.00172193571024442,52196380.9982782,41140435.0565467
"226",226,1.97436008742079,7.53896444598039e-14,-3.33849082354123e-12,0.00154085579163376,52196380.9984593,41140435.0565467
"227",227,1.97436008742079,7.5389644444634e-14,7.08631704981182e-12,0.0013788184049522,52196380.9986213,41140435.0565467
"228",228,1.97436008742079,7.53896444310594e-14,-1.24623116630749e-12,0.00123382076955315,52196380.9987663,41140435.0565467
"229",229,1.97436008742079,7.53896444189122e-14,-7.89759728926308e-12,0.00110407084977055,52196380.9988961,41140435.0565467
"230",230,1.97436008742079,7.53896444080425e-14,-8.03327071052697e-13,0.000987965548222083,52196380.9990122,41140435.0565467
"231",231,1.97436008742079,7.53896443983158e-14,2.30163371087093e-13,0.000884070019035954,52196380.9991161,41140435.0565467
"232",232,1.97436008742079,7.5389644389612e-14,-2.93582570181491e-12,0.000791100259072554,52196380.999209,41140435.0565467
"233",233,1.97436008742079,7.53896443818235e-14,-3.69995256569584e-13,0.000707907294128651,52196380.9992922,41140435.0565467
"234",234,1.97436008742079,7.5389644374854e-14,9.83941974338156e-13,0.000633462992918034,52196380.9993667,41140435.0565467
"235",235,1.97436008742079,7.53896443686175e-14,-8.44310642957305e-13,0.000566847338909879,52196380.9994333,41140435.0565467
"236",236,1.97436008742079,7.53896443630368e-14,-3.77757441324773e-13,0.000507237056855705,52196380.9994929,41140435.0565467
"237",237,1.97436008742079,7.5389644358043e-14,5.90982910527775e-13,0.000453895456111112,52196380.9995463,41140435.0565467
"238",238,1.97436008742079,7.53896443535743e-14,-1.76771869619291e-13,0.000406163318002324,52196380.999594,41140435.0565467
"239",239,1.97436008742079,7.53896443495755e-14,-2.96678486332392e-13,0.000363450742671092,52196380.9996367,41140435.0565467
"240",240,1.97436008742079,7.53896443459973e-14,2.53469023130588e-13,0.000325229867335859,52196380.9996749,41140435.0565467
"241",241,1.97436008742079,7.53896443427954e-14,2.44051309589081e-14,0.000291028341625271,52196380.9997091,41140435.0565467
"242",242,1.97436008742079,7.53896443399302e-14,-1.73862831816113e-13,0.000260423485483445,52196380.9997397,41140435.0565467
"243",243,1.97436008742079,7.53896443373662e-14,7.9979608505702e-14,0.00023303706871721,52196380.9997671,41140435.0565467
"244",244,1.97436008742079,7.53896443350719e-14,5.80815307037396e-14,0.000208530637574916,52196380.9997916,41140435.0565467
"245",245,1.97436008742079,7.53896443330189e-14,-8.23611737265361e-14,0.000186601329485581,52196380.9998135,41140435.0565467
"246",246,1.97436008742079,7.53896443311818e-14,1.49874704604151e-14,0.000166977867575861,52196380.9998332,41140435.0565467
"247",247,1.97436008742079,7.53896443295379e-14,4.79734700489274e-14,0.000149418628800653,52196380.9998507,41140435.0565467
"248",248,1.97436008742079,7.53896443280669e-14,-2.09525736467382e-14,0.000133706275797937,52196380.9998664,41140435.0565467
"249",249,1.97436008742079,7.53896443267506e-14,-3.29071380134318e-14,0.000119646397633374,52196380.9998805,41140435.0565467
"250",250,1.97436008742079,7.53896443255728e-14,-3.40778343660165e-15,0.000107064965385284,52196380.9998931,41140435.0565467
"251",251,1.97436008742079,7.53896443245188e-14,7.90589749341143e-16,9.580653473264e-05,52196380.9999043,41140435.0565467
"252",252,1.97436008742079,7.53896443235756e-14,-5.69479193944699e-15,8.57319865228354e-05,52196380.9999144,41140435.0565467
"253",253,1.97436008742079,7.53896443227316e-14,-2.98567948418275e-15,7.67168286414276e-05,52196380.9999234,41140435.0565467
"254",254,1.97436008742079,7.53896443219763e-14,4.45409865585048e-16,6.864966081956e-05,52196380.9999315,41140435.0565467
"255",255,1.97436008742079,7.53896443213005e-14,-1.85573166126292e-16,6.14307970566671e-05,52196380.9999387,41140435.0565467
"256",256,1.97436008742079,7.53896443206957e-14,-7.18195753219981e-16,5.49710338254041e-05,52196380.9999451,41140435.0565467
"257",257,1.97436008742079,7.53896443201546e-14,-1.13003521439692e-16,4.91905478121686e-05,52196380.9999509,41140435.0565467
"258",258,1.97436008742079,7.53896443196703e-14,1.04616937861622e-16,4.40179095369538e-05,52196380.9999561,41140435.0565467
"259",259,1.97436008742079,7.5389644319237e-14,-6.7096344009078e-17,3.93892006940561e-05,52196380.9999607,41140435.0565467
