"","epsilon.time","epsilon.value","y.time","y.value","alpha.time","alpha.value","clock"
"1",0,0,0,0.282277894131005,0,0.0385549573496406,7324
"2",1,-2.26822495894855,1,-0.270643765429375,1,-0.28318436652992,7324
"3",2,-1.31174393452231,2,0.505738128489732,2,-0.461613363622882,7324
"4",3,-1.31296433038574,3,0.0289972452282229,3,-0.635754225826672,7324
"5",4,-0.442267134475853,4,0.588500997709703,4,-0.682406388157769,7324
"6",5,0.120461263606109,5,-0.106227950089696,5,-0.648310433180589,7324
"7",6,-0.953305070963617,6,-0.234476389496662,6,-0.766920368394653,7324
"8",7,-0.760150219658221,7,-0.00525372288851774,7,-0.855248834192941,7324
"9",8,2.17287354702205,8,-0.020408674182727,8,-0.526576889386086,7324
"10",9,-0.897763663412271,9,-0.294518727562501,9,-0.640375422011773,7324
"11",10,0.784793819810173,10,-1.11584761811757,10,-0.513379430097265,7324
"12",11,0.566105755171695,11,0.285084128855411,11,-0.420485500674706,7324
"13",12,-0.781398704960993,12,0.532849417777767,12,-0.520479827775499,7324
"14",13,1.26436829701256,13,0.938271074534635,13,-0.328659152734138,7324
"15",14,1.34777908425956,14,-0.232241258008952,14,-0.129837927911519,7324
"16",15,-1.01437800415004,15,-0.224245354965115,15,-0.270046692797925,7324
"17",16,-1.15938006598524,16,0.0129881277653471,16,-0.427256626804111,7324
"18",17,-0.325975156524693,17,0.0130228097461513,17,-0.4626750598694,7324
"19",18,0.632041907813694,18,-0.283504703969352,18,-0.361723959570835,7324
"20",19,-0.878532094089347,19,-0.107743172222221,19,-0.476924060825684,7324
"21",20,-0.601967238438829,20,-0.778609773872797,20,-0.550131982575489,7324
"22",21,-2.96647382620607,21,0.271404578102514,21,-0.955901434755644,7324
"23",22,0.290007216821743,22,0.243994678509334,22,-0.890990684965215,7324
"24",23,0.521498562840097,23,-0.188389421226182,23,-0.79496488380843,7324
"25",24,-0.895849833549735,24,-0.192965527035714,24,-0.901783060158791,7324
"26",25,0.262827056097152,25,-0.153267978974131,25,-0.842069124925702,7324
"27",26,-1.54244887997242,26,0.249619377614964,26,-1.03915260933498,7324
"28",27,0.979330624466426,27,-0.2956137879579,27,-0.87467552898483,7324
"29",28,-0.405041562416477,28,-0.403776670435461,28,-0.910090167849626,7324
"30",29,0.133898377259496,29,0.0591167539015429,29,-0.868401823543373,7324
"31",30,1.42770035554977,30,0.655878916094878,30,-0.644784457372451,7324
"32",31,0.0203997090606951,31,0.277991709161856,31,-0.62577989141593,7324
"33",32,-1.40701028389016,32,-0.270573625874296,32,-0.80911669671812,7324
"34",33,-0.372452761956693,33,-0.0984029532267901,33,-0.841561554030414,7324
"35",34,-0.708536746376768,34,0.494750211259708,34,-0.920724742796227,7324
"36",35,-0.752765603533841,35,-0.129819836232261,35,-1.00416375680687,7324
"37",36,-0.0355805343674907,36,0.385147131458069,36,-0.9840915103126,7324
"38",37,-0.0133199877357067,37,-0.153648685218884,37,-0.961372953285433,7324
"39",38,-1.14182994573777,38,-0.0672764625656316,38,-1.09881776897191,7324
"40",39,-1.49772455894801,39,-0.588238456035755,39,-1.28315756314396,7324
"41",40,0.416089438429739,40,-0.322117854833949,40,-1.19223469136661,7324
"42",41,0.000802963390825712,41,0.349765227932898,41,-1.16231526791071,7324
"43",42,-0.53902285856605,42,-0.427967571404436,42,-1.20948672991426,7324
"44",43,-1.30164664632901,43,-0.0708808716987873,43,-1.363330195732,7324
"45",44,0.357611916964174,44,-0.0348718745004703,44,-1.278672978535,7324
"46",45,-0.62064505178476,45,0.026264072108972,45,-1.334478619037,7324
"47",46,0.347813435906487,46,-0.0876401184370059,46,-1.25192840573762,7324
"48",47,-0.424458316020379,47,-0.494432696080013,47,-1.28065766631199,7324
"49",48,-0.622256470742956,48,0.112974794172451,48,-1.3366415786741,7324
"50",49,-1.54324511666287,49,-0.453030590702964,49,-1.52147335661231,7324
"51",50,0.999120154748851,50,0.258896165986195,50,-1.34213959536839,7324
"52",51,-1.8455144719058,51,0.303166644771134,51,-1.56958126505668,7324
"53",52,-1.61243220425169,52,-0.131997372344402,52,-1.75837408259626,7324
"54",53,0.134581198924826,53,0.340474343897696,53,-1.69538207485536,7324
"55",54,-1.32403699401741,54,-0.0240640316360461,54,-1.84024463038629,7324
"56",55,-0.737982345289585,55,0.0382811873671355,55,-1.89860497877667,7324
"57",56,0.460996521707973,56,0.0893566230062389,56,-1.78594510098663,7324
"58",57,0.087945584071591,57,-0.32824911088674,57,-1.72885908968748,7324
"59",58,-1.66871232611488,58,-0.185561612895367,58,-1.92162917277437,7324
"60",59,1.11011335108437,59,-0.339500339037939,59,-1.71659470776752,7324
"61",60,1.21985682870422,60,-0.184456114532985,60,-1.50116603294263,7324
"62",61,-0.339543029601065,61,-0.169120162985633,61,-1.51165551786618,7324
"63",62,0.0283996727020452,62,-0.338446364526601,62,-1.4698478096893,7324
"64",63,-0.696055894327266,63,0.112080221551036,63,-1.53153878303981,7324
"65",64,-0.97629333169659,64,0.0182688041227556,64,-1.63131904051778,7324
"66",65,-0.764384392520117,65,0.113550286188803,65,-1.69863634198167,7324
"67",66,-0.978386323898858,66,0.191684900975274,66,-1.79453515428194,7324
"68",67,-0.441799128675489,67,-0.0567169762773586,67,-1.81215160738664,7324
"69",68,0.642313139684948,68,0.275693067352965,68,-1.67601102185868,7324
"70",69,1.88003099600638,69,-0.509708668345334,69,-1.36823421308881,7324
"71",70,-0.625464658253074,70,-0.100870532336325,70,-1.42248241801025,7324
"72",71,-1.01956440365434,71,-0.319552844148083,71,-1.53110853829607,7324
"73",72,-2.25614416671231,72,-0.0609019745674785,72,-1.81189779276202,7324
"74",73,-0.247548646419324,73,-0.112437444502411,73,-1.8016090132543,7324
"75",74,0.835294177031018,74,0.350030666978497,74,-1.63844035255009,7324
"76",75,-1.0177048918919,75,0.0642788464450607,75,-1.74140454979703,7324
"77",76,-0.0820917209516994,76,0.468512627750247,76,-1.70947895856495,7324
"78",77,-0.527673056461348,77,-0.250410466411766,77,-1.74136622389548,7324
"79",78,-0.189642803846298,78,0.551876471205689,78,-1.72465161081868,7324
"80",79,-0.365520458792197,79,-0.138690071706926,79,-1.73322771956309,7324
"81",80,-1.42165342585899,80,-0.00883179626514349,80,-1.89094918215841,7324
"82",81,-0.892561870755132,81,0.0909512925749204,81,-1.96990276289235,7324
"83",82,-0.0732821425355805,82,-0.273142845167006,82,-1.9310188538054,7324
"84",83,-0.662566017615971,83,-0.262810843552767,83,-1.97644436726827,7324
"85",84,0.44014022042905,84,-0.124709441275712,84,-1.8647880311789,7324
"86",85,0.691813593522142,85,0.247700265165755,85,-1.72033111374011,7324
"87",86,-0.485746118313495,86,0.281003813932509,86,-1.74601771073552,7324
"88",87,0.701748513372865,87,0.403072598528308,87,-1.60312504146842,7324
"89",88,0.247648733066528,88,-0.126440959072964,88,-1.52802409573099,7324
"90",89,0.511781028738625,89,-0.503355212118528,89,-1.41744672615697,7324
"91",90,-1.31901705311733,90,-0.140822325594553,90,-1.56854773855504,7324
"92",91,0.986741951714908,91,-0.428173199690232,91,-1.38978766002339,7324
"93",92,-0.365558328910647,92,0.26550151473226,92,-1.4067407231812,7324
"94",93,-0.0588728339547657,93,0.480453768617149,93,-1.37989808112508,7324
"95",94,-0.79651770865329,94,-0.303606468025611,94,-1.45804524372174,7324
"96",95,0.526130011011755,95,0.154962790364314,95,-1.34718809291426,7324
"97",96,0.795589334947571,96,-0.508453228299939,96,-1.20099506783518,7324
"98",97,-0.00724439185880063,97,-0.283259559366975,97,-1.17199470286109,7324
"99",98,-1.52626097057405,98,-0.0897662452853435,98,-1.35854073172021,7324
"100",99,-1.28307781131366,99,-0.23291728786212,99,-1.50603181766119,7324
"101",100,0.0608558210735659,100,0.0630173913286413,100,-1.4597747094685,7324
"102",101,-0.562151384785421,101,-0.669824466647488,101,-1.50278055297882,7324
"103",102,-0.68450028539086,102,0.420108872103463,102,-1.56201399785915,7324
"104",103,-0.37244405280439,103,-0.19778427835078,103,-1.57563519098279,7324
"105",104,-0.645994512910872,104,-0.0889761661516907,104,-1.62760173134594,7324
"106",105,-0.751866806417684,105,-0.22648383786514,105,-1.69324171153569,7324
"107",106,-0.871648102481728,106,-0.398854356511338,106,-1.77418032556194,7324
"108",107,0.280244711411804,107,-0.0877884928713831,107,-1.6901932302567,7324
"109",108,0.857782589698113,108,-0.137396541044025,108,-1.52662962230843,7324
"110",109,0.912860500928675,109,0.115620615391543,109,-1.35936591165391,7324
"111",110,-0.132403431372837,110,-0.705486616473405,110,-1.34410643669779,7324
"112",111,0.62684850834451,111,-0.210672458713579,111,-1.22185400957493,7324
"113",112,-1.40962597740825,112,-0.462135714944105,112,-1.39065887684797,7324
"114",113,0.842939322355325,113,-0.0150085823646877,113,-1.23668278273352,7324
"115",114,-0.462964910419869,114,0.123561266716748,114,-1.27123883868705,7324
"116",115,0.226661974464244,115,-0.369135373588365,115,-1.20740302388371,7324
"117",116,0.195285321766899,116,0.194491182250017,116,-1.1496004332291,7324
"118",117,0.188281545588082,117,-0.0411259693902403,117,-1.09423339086685,7324
"119",118,1.31704065569347,118,0.128575375928461,118,-0.880619880347336,7324
"120",119,-0.202347619656172,119,-0.163557528852624,119,-0.887220658141819,7324
"121",120,-1.59495757539528,120,0.234978243342409,120,-1.09060120514165,7324
"122",121,-0.928004225953105,121,-0.416549958624123,121,-1.19457579124135,7324
"123",122,0.167705608062384,122,-0.00646532247408816,122,-1.14099424191953,7324
"124",123,-0.240972707249357,123,-0.0600573911277023,123,-1.14654807294692,7324
"125",124,0.293166208044403,124,0.0952328661879364,124,-1.07642440837866,7324
"126",125,-0.658416022204694,125,0.438538941213772,125,-1.14262788499775,7324
"127",126,1.54445364801036,126,-0.288455668169118,126,-0.895643458325525,7324
"128",127,1.20599500865482,127,-0.0195875828823156,127,-0.702698922127997,7324
"129",128,1.13810295103838,128,-0.150655440489166,128,-0.524179386201265,7324
"130",129,0.754909024606596,129,-0.611788560183789,129,-0.404314643450584,7324
"131",130,-0.497374259937902,130,0.271890901406567,130,-0.464546119762265,7324
"132",131,0.935012953878055,131,0.102095047271941,131,-0.320701666731321,7324
"133",132,0.604125698603968,132,-0.0773096714425374,132,-0.227247849428653,7324
"134",133,0.237238613250739,133,0.776346084694969,133,-0.188016046755159,7324
"135",134,0.797357443660695,134,1.51173583821976,134,-0.07055227449787,7324
"136",135,-2.03357593165874,135,0.609828520309806,135,-0.356379533902152,7324
"137",136,-1.29618596117443,136,-0.450769993810391,136,-0.530778422119646,7324
"138",137,-0.498348146923732,137,0.463624767600513,137,-0.58798603238296,7324
"139",138,-1.33118221119119,138,0.0309107907184584,138,-0.761543975279024,7324
"140",139,-0.071067315382007,139,-1.05940828612953,139,-0.752555812022516,7324
"141",140,-0.206926875424705,140,-0.00243678928639706,140,-0.763005796086464,7324
"142",141,-1.51166516902541,141,-0.616449773707612,141,-0.957712389564578,7324
"143",142,-0.677568153666272,142,-0.610519699528717,142,-1.02959218706016,7324
"144",143,1.43576272243071,143,0.0391267116035139,143,-0.80080487094253,7324
"145",144,-0.286993274643959,144,0.346702629187684,144,-0.821371727300102,7324
"146",145,0.859407672346841,145,0.0591448557931095,145,-0.679298835533559,7324
"147",146,-0.256325372594085,146,0.00885977553099499,146,-0.698566246475509,7324
"148",147,-1.09770953984195,147,-0.412289473184392,147,-0.836341662192704,7324
"149",148,-0.0728916414073657,148,0.0810865780146489,148,-0.825741555424079,7324
"150",149,0.274153777521312,149,0.711260046992633,149,-0.766326817503832,7324
"151",150,0.596021475846151,150,-0.259012365839519,150,-0.66287848160551,7324
"152",151,-0.780968881541685,151,0.329791171424736,151,-0.756752197972132,7324
"153",152,0.7183965957917,152,0.507276152499428,152,-0.636236772129701,7324
"154",153,0.503798444215334,153,-0.0932073150976468,153,-0.549082993575279,7324
"155",154,-1.85379992083757,154,0.296337817167358,154,-0.797522817733363,7324
"156",155,0.528198316957932,155,0.0336689075116231,155,-0.702886224943574,7324
"157",156,0.973410475792702,156,0.174796323530196,156,-0.547653039657776,7324
"158",157,1.19803081870588,157,0.523192867177348,157,-0.364534570470851,7324
"159",158,-2.20577202342504,158,-0.439059256064106,158,-0.667364477312163,7324
"160",159,1.12196685776977,159,0.0233890632859323,159,-0.492010290700245,7324
"161",160,-0.251740839518701,160,-0.0930757609278558,160,-0.515311564377793,7324
"162",161,-0.213159342417395,161,0.678793394394356,161,-0.532574058567669,7324
"163",162,-0.513588835123635,162,0.436462942966374,162,-0.591892136715002,7324
"164",163,0.581842584400909,163,0.73989827806095,163,-0.494809865894529,7324
"165",164,-1.74461590559709,164,0.186729428931018,164,-0.729165566729888,7324
"166",165,1.01076084388493,165,-0.229791237571854,165,-0.567993258187866,7324
"167",166,-0.200688021187125,166,0.425563184820056,166,-0.582174998870035,7324
"168",167,-0.542261095664183,167,-0.874270828277297,167,-0.644307923481842,7324
"169",168,-0.0309221638962838,168,0.341021749907104,168,-0.632573279750801,7324
"170",169,-0.580722017457223,169,-0.16320601144358,169,-0.698885443062698,7324
"171",170,-0.637643517484635,170,0.251608173728154,170,-0.771589718024736,7324
"172",171,-0.342805709802687,171,0.712646480219801,171,-0.800780023480307,7324
"173",172,-0.622140129397578,172,0.168131473070867,172,-0.86874442376236,7324
"174",173,1.73476093755433,173,0.134810167427061,173,-0.601693568631861,7324
"175",174,0.362262709284176,174,0.0702729618687218,174,-0.535419545754895,7324
"176",175,-0.0574126251172377,175,0.5692874058175,175,-0.530153428420246,7324
"177",176,1.03236150288175,176,0.449676975934016,176,-0.370901628845016,7324
"178",177,-0.75115305320217,177,-0.419254961652453,177,-0.467858171649537,7324
"179",178,1.42420308397736,178,0.20406493188677,178,-0.254748985664862,7324
"180",179,1.3751345594815,179,1.06753871902824,179,-0.053906866612572,7324
"181",180,-0.885478266892344,180,-0.332518829254965,180,-0.177784732369835,7324
"182",181,1.30930073957107,181,0.239056647945276,181,0.0118229722520639,7324
"183",182,0.866638888528497,182,-0.691339072922754,182,0.134088644929457,7324
"184",183,-0.949041079251094,183,0.548841653369593,183,-0.00347824774638922,7324
"185",184,2.29122055420371,184,0.252536618041319,184,0.320636226661559,7324
"186",185,1.60149101160779,185,0.0963502593175357,185,0.539105351858455,7324
"187",186,-0.896206516425191,186,-0.523783325210124,186,0.398884977040428,7324
"188",187,0.949873620176908,187,0.423346923073296,187,0.523245268233879,7324
"189",188,-0.93528118415271,188,-0.0344418707021205,188,0.377895403001919,7324
"190",189,1.94685943522683,189,-0.657644938144497,189,0.643775519660051,7324
"191",190,-0.143311212710743,190,-0.342942809904256,190,0.607413865602983,7324
"192",191,-0.188597741646082,191,-2.17838748841665,191,0.565556770556026,7324
"193",192,0.532957830602249,192,0.217931969399572,192,0.626789470513189,7324
"194",193,-1.29493021855251,193,-1.14348111407527,193,0.427988946009988,7324
"195",194,-0.027378532041697,194,-0.188653187762416,194,0.413417313226615,7324
"196",195,-0.80514713395948,195,0.232600167111808,195,0.289216880740817,7324
"197",196,2.3301730984626,196,-0.0861289524857625,196,0.611522698574571,7324
"198",197,-0.0923209979772613,197,-0.736375679944134,197,0.58317847036708,7324
"199",198,1.01547152926941,198,-0.120148440176504,198,0.712208369497559,7324
"200",199,-0.432637441899987,199,-0.0999443431314677,199,0.633218986467583,7324
"201",200,-0.734355997510841,200,-1.22213395474272,200,0.513534890676908,7324
"202",201,-1.59946344305653,201,0.613785560768472,201,0.274498229040935,7324
"203",202,0.977081188289427,202,0.616458041782324,202,0.405815920116764,7324
"204",203,-0.222438065203429,203,-1.48681299350647,203,0.364213029253973,7324
"205",204,-0.767306807975474,204,0.170285178620082,204,0.246594134088612,7324
"206",205,0.0176801274148755,205,0.221035541313563,205,0.242929628333856,7324
"207",206,0.409832320934378,206,-0.566545466182818,206,0.294815430281934,7324
"208",207,-0.917096262450332,207,0.4728494522807,207,0.157748047288992,7324
"209",208,0.050132097511579,208,0.577412098123628,208,0.160894095327876,7324
"210",209,-0.54242544229359,209,-0.2599541641359,209,0.0801612012378969,7324
"211",210,-0.369453514647755,210,-0.680830418424123,210,0.0259085540988234,7324
"212",211,0.881582081194595,211,-1.28148148117072,211,0.149935373803402,7324
"213",212,1.25657593174903,212,-0.119047536731854,212,0.323893661941426,7324
"214",213,-0.197336854520682,213,1.2079222150213,213,0.28788867479097,7324
"215",214,-0.266478952626797,214,1.6995288043418,214,0.243005643032017,7324
"216",215,-0.409442572905033,215,-0.333810746153184,215,0.179026577994693,7324
"217",216,0.512676236927632,216,-0.0651051050898871,216,0.247054282281772,7324
"218",217,-0.961820631432919,217,0.0773367705481122,217,0.104855947070459,7324
"219",218,0.168805034834704,218,0.603649190744449,218,0.126107185359707,7324
"220",219,-0.500766607451016,219,-1.15163258314327,219,0.0521354129416357,7324
"221",220,-0.437294135323871,220,0.229519278516845,220,-0.0110107020740286,7324
"222",221,-1.68558845645371,221,0.0930478110204998,221,-0.249113640091815,7324
"223",222,0.273903263135951,222,0.078150637613822,222,-0.204150028139009,7324
"224",223,-0.700698530005127,223,0.352803736731517,223,-0.298140013862348,7324
"225",224,1.51557771718635,224,-0.413859311338534,224,-0.0763514572682495,7324
"226",225,-1.11146950929056,225,-0.113303766386832,225,-0.231628196256831,7324
"227",226,0.956404229829578,226,-0.258493056899937,226,-0.0905815080568119,7324
"228",227,-0.149006524844133,227,-0.862922715658815,227,-0.109389675187057,7324
"229",228,1.12320111546418,228,0.722658809405153,228,0.052189691768823,7324
"230",229,1.1139634214589,229,-0.598845736401055,229,0.208423167336074,7324
"231",230,-1.77895987898359,230,0.715870373118784,230,-0.0483703306249476,7324
"232",231,0.188595920084877,231,-0.385645735331007,231,-0.0204895815600974,7324
"233",232,0.448887039896486,232,-0.434799883827575,232,0.0435048719584174,7324
"234",233,-2.50555076075327,233,0.163161550622441,233,-0.311921136547694,7324
"235",234,-0.833371809466262,234,-0.287853090132846,234,-0.421979679678661,7324
"236",235,0.545794854467071,235,-0.394977587371084,235,-0.334243139140616,7324
"237",236,-0.69670980373034,236,0.712941958160013,236,-0.424416706009475,7324
"238",237,-0.580716591298184,237,0.124329085543183,237,-0.495932016290135,7324
"239",238,-0.0468706458887095,238,-0.510462208154962,238,-0.490162226192181,7324
"240",239,0.178261256302717,239,1.30401467450195,239,-0.45269822190648,7324
"241",240,0.0749775413571415,240,-0.225039646037283,240,-0.430777340772752,7324
"242",241,0.916437464654195,241,0.354873937179491,241,-0.290404078095356,7324
"243",242,0.919169854438713,242,0.161688543369001,242,-0.153153728715798,7324
"244",243,0.905752611287046,243,-0.359951254280694,243,-0.0212321227942049,7324
"245",244,0.779983630752018,244,0.124770960972124,244,0.0896050231795014,7324
"246",245,-1.42675356878723,245,-0.0969889153053551,245,-0.114408527114298,7324
"247",246,0.732669874206025,246,0.600999779550392,246,-0.00793314665200531,7324
"248",247,0.930175298368972,247,-0.762531774357292,247,0.123811834248079,7324
"249",248,1.37998580118903,248,0.968374407910934,248,0.31587600198426,7324
"250",249,0.29910546164993,249,-0.935157071916642,249,0.350279001979173,7324
"251",250,-1.62668427632347,250,-0.774207500777912,250,0.111474130402122,7324
"252",251,-1.15902422250362,251,0.279488467750601,251,-0.0552235003162856,7324
"253",252,-1.14261190075219,252,0.332218999463355,252,-0.215432637465644,7324
"254",253,-2.64526850227581,253,-0.743556457899915,253,-0.584144280732685,7324
"255",254,0.994182588374855,254,-0.769263485093367,254,-0.428942023718877,7324
"256",255,-1.37490445143873,255,-0.511523315352421,255,-0.612659325345085,7324
"257",256,1.48682524376821,256,0.0904466481079844,256,-0.387073999749889,7324
"258",257,0.566531303313706,257,-0.720002934898185,257,-0.297277524490627,7324
"259",258,1.12625631243578,258,0.814561577764326,258,-0.130568891202863,7324
"260",259,-1.57864486630637,259,-0.0381743376598643,259,-0.350558766932905,7324
"261",260,-1.02333896569073,260,-0.68018436271607,260,-0.48651678217805,7324
"262",261,-0.204223038874068,261,0.0688293972738457,261,-0.503235361756075,7324
"263",262,0.213622809766183,262,0.214982396090756,262,-0.460443650231814,7324
"264",263,-1.74485812783983,263,-0.112020278084529,263,-0.695692761856821,7324
"265",264,-0.98539122471052,264,0.525035665772941,264,-0.817655806233305,7324
"266",265,0.0386720210191451,265,0.729530732231479,265,-0.791745361416508,7324
"267",266,0.522629754047854,266,0.0112049025051751,266,-0.698040718753676,7324
"268",267,-0.58432363656327,267,-0.248606637809611,267,-0.763225541949128,7324
"269",268,-0.429394760084211,268,-0.712157887804199,268,-0.804870492732703,7324
"270",269,1.43093267995447,269,0.0719188729054799,269,-0.582384290130937,7324
"271",270,-1.32873657500999,270,-0.555520901730285,270,-0.755736411397694,7324
"272",271,0.772214178100179,271,0.171731931531093,271,-0.627635424740145,7324
"273",272,1.0199001850847,272,0.337480619846791,272,-0.46770887172028,7324
"274",273,-1.06778718078327,273,-0.20142182609688,273,-0.607024061206455,7324
"275",274,0.789576384249269,274,0.295318861972586,274,-0.480185496562811,7324
"276",275,0.375752942805236,275,-0.33442920327966,275,-0.415041368367064,7324
"277",276,0.642736303494387,276,-0.771872181613688,276,-0.313768694414757,7324
"278",277,-0.598897178528336,277,0.251969155229288,277,-0.390621328288563,7324
"279",278,0.795827446592286,278,0.392028808295121,278,-0.268308798253393,7324
"280",279,-1.61949893999186,279,-0.608374804982351,279,-0.490632814815593,7324
"281",280,-0.104897738934747,280,0.149588750748539,280,-0.493201774951582,7324
"282",281,-0.833677620316681,281,-0.225257132197568,281,-0.59877155030767,7324
"283",282,-0.3340769838054,282,-0.0729601923065661,282,-0.631047881687408,7324
"284",283,-2.24831834529392,283,0.812989813285348,283,-0.933231914289912,7324
"285",284,0.941346050999866,284,-0.0553024118511799,284,-0.776774681211628,7324
"286",285,-0.876060002766347,285,-0.399381667663672,285,-0.881248907917815,7324
"287",286,-1.49972558122138,286,-0.124885059636006,286,-1.07131091089998,7324
"288",287,1.58398008218045,287,-0.0757782496200649,287,-0.82051952665264,7324
"289",288,1.43551592420012,288,-0.575205554035431,288,-0.596993929585688,7324
"290",289,2.83119980445037,289,0.886002052573524,289,-0.181676965221868,7324
"291",290,-0.194868856217544,290,-0.986777161455495,290,-0.20469365902602,7324
"292",291,-0.250324248751058,291,0.299088857371833,291,-0.23497751230783,7324
"293",292,-0.566403455343034,292,0.784109356755138,292,-0.309204619332244,7324
"294",293,0.408477365791732,293,0.0928079100651934,293,-0.243707080786428,7324
"295",294,0.151183410305198,294,-0.168657191627884,294,-0.216233840840824,7324
"296",295,-0.218792427630138,295,-1.00955485766815,295,-0.241769916669711,7324
"297",296,0.321050195312639,296,-0.868755382601119,296,-0.190322314711602,7324
"298",297,-1.40859794359468,297,0.524120116148645,297,-0.384770088420057,7324
"299",298,0.760839072620744,298,0.0514388148304409,298,-0.267551942681193,7324
"300",299,-0.387511712666028,299,0.959642664952061,299,-0.315665576077236,7324
"301",300,-1.72912789030818,300,0.0854913647733487,300,-0.552309548030445,7324
"302",301,0.568026411441367,301,-0.0203305561519609,301,-0.458170743845033,7324
"303",302,0.5218294526219,302,0.0426199143430089,302,-0.372918646334546,7324
"304",303,-1.86915304564118,303,-0.216543661627037,303,-0.627933838905856,7324
"305",304,-0.908267324257969,304,0.612321423007009,304,-0.740683889755803,7324
"306",305,0.676624143886864,305,0.207868058761271,305,-0.62647768842052,7324
"307",306,-1.29044504241988,306,0.194128072853454,306,-0.793312234258738,7324
"308",307,-0.704389266770353,307,-0.129895477675105,307,-0.873095113827936,7324
"309",308,1.92127593252357,308,-0.817978050866421,308,-0.579558287898653,7324
"310",309,0.55902636631157,309,-0.912165219953913,309,-0.486011063804989,7324
"311",310,-0.36895501358739,310,0.36301991085377,310,-0.526038905621948,7324
"312",311,-0.121453623253128,311,0.371597399166367,311,-0.530064069101792,7324
"313",312,0.682286613512875,312,0.363458286410826,312,-0.420322569148695,7324
"314",313,1.40529712504279,313,0.037726722822256,313,-0.211075479580035,7324
"315",314,0.484565980806447,314,-0.509239571500777,314,-0.137270614398424,7324
"316",315,0.175530887993831,315,-0.35457091003835,315,-0.109015032796836,7324
"317",316,0.131477424338596,316,0.317597569234344,316,-0.087695941312363,7324
"318",317,0.0914196650871963,317,2.15362664152569,317,-0.072574849756162,7324
"319",318,-0.412382098061561,318,0.498651699935137,318,-0.129080114108111,7324
"320",319,-0.391740752965543,319,-0.230800740586113,319,-0.18125361983322,7324
"321",320,0.0609605933306451,320,-0.17733733975518,320,-0.168101149551539,7324
"322",321,0.0177522600564547,321,0.32323672529517,321,-0.161388072119289,7324
"323",322,0.401953384385166,322,0.412281280442477,322,-0.10050857755238,7324
"324",323,0.279768410269023,323,0.955657459146226,323,-0.0584306351009694,7324
"325",324,-0.434410250918303,324,1.63264461106819,324,-0.118404756071702,7324
"326",325,-1.06750090682725,325,0.0692467688822119,325,-0.266412063197977,7324
"327",326,0.629750450348727,326,0.359578963407167,326,-0.170691598838654,7324
"328",327,0.117445481870549,327,0.888288179296546,327,-0.14981500953761,7324
"329",328,0.586637750675906,328,0.0305189589600702,328,-0.0631065279785786,7324
"330",329,-0.63791002711256,329,0.20859774687451,329,-0.151742965970751,7324
"331",330,0.668289188152899,330,-0.194815993805013,330,-0.0534390284741689,7324
"332",331,-0.251617951961476,331,0.20216295049087,331,-0.0876872047823608,7324
"333",332,-0.493545239727257,332,1.27640511091453,332,-0.155292861829499,7324
"334",333,1.40301537733467,333,-0.427022253954785,333,0.0470057972007088,7324
"335",334,0.881255069577932,334,0.274660080735772,334,0.170458939401407,7324
"336",335,0.144179219884096,335,-0.634720384381899,335,0.186587486733618,7324
"337",336,-0.220167591312555,336,-0.658519728083185,336,0.150786400202354,7324
"338",337,-0.469841098852287,337,-0.140534473915141,337,0.0805711747815771,7324
"339",338,0.57006226335412,338,0.0210221685745757,338,0.159175873835288,7324
"340",339,0.59083155365267,339,0.55937371879631,339,0.238752676614763,7324
"341",340,1.00754292991755,340,-0.40585254956288,340,0.375271947315646,7324
"342",341,-0.857942870648854,341,0.961947174125951,341,0.244558704291463,7324
"343",342,-0.462622872095681,342,-1.66913589953414,342,0.173019982686006,7324
"344",343,-0.853527109411053,343,0.184930296207636,343,0.0479875217206343,7324
"345",344,-0.553575010628733,344,-0.0455609449578598,344,-0.03149949510458,7324
"346",345,-0.482654392297473,345,0.602156727331888,345,-0.0989696464795685,7324
"347",346,-0.116255039224363,346,0.713285426165174,346,-0.11293635063411,7324
"348",347,1.63336142047609,347,-0.140568379599538,347,0.12087924544117,7324
"349",348,-0.0516956691372463,348,-0.359305985251118,348,0.110546392664156,7324
"350",349,-0.19873580898887,349,0.950327035005915,349,0.0796772452074275,7324
"351",350,-1.22686103932853,350,0.934153672585784,350,-0.0958190380193137,7324
"352",351,0.682212627887373,351,-0.309331416033583,351,0.00305587300922035,7324
"353",352,-1.55157086295301,352,1.0013351928086,352,-0.216445779553117,7324
"354",353,-1.26452175781614,353,0.191391043915723,353,-0.389865017046234,7324
"355",354,1.52926739774496,354,0.0941613990447367,354,-0.163847322181486,7324
"356",355,-1.15078907919901,355,0.825016764803492,355,-0.322497291450357,7324
"357",356,0.14190221372059,356,-0.149787636984325,356,-0.294366855646655,7324
"358",357,0.918914004331329,357,-0.030922437590637,357,-0.157053619497495,7324
"359",358,-1.56207216375164,358,-0.008048253372874,358,-0.374037642948364,7324
"360",359,-0.674143281435496,359,-0.681859712683859,359,-0.460024959033533,7324
"361",360,1.33529766389526,360,0.58163152494108,360,-0.259684728449116,7324
"362",361,-0.88349637086591,361,0.781843764892433,361,-0.378137865236486,7324
"363",362,-0.689438934044598,362,-0.435614651471277,362,-0.466185807700966,7324
"364",363,0.175836086443127,363,0.47132217588141,363,-0.429664184688194,7324
"365",364,0.529439367570154,364,-0.336494961675085,364,-0.344048546663794,7324
"366",365,1.28449674893382,365,0.114941933965882,365,-0.153792060680563,7324
